,bron_naam,type_bron,MWcapaciteit,capfactor,volfactor,status,Brontemperatuur,Uitkoppel_min,Uitkoppel_max,Productiekosten,targetGMC,xcor,ycor
0,Onbekend Heerlen,Gasmotor,0.5,,,Optie B,70.0,220.25454545454545,250.0,2.0090909090909093,,0.6924554833684868,0.04677882154751574
1,Onbekend Eindhoven 1,Gasmotor,0.5,,,Optie B,70.0,220.25454545454545,250.0,2.0090909090909093,,0.5517421341933012,0.259702356943979
2,Onbekend Eindhoven 2,Gasmotor,0.5,,,Optie B,70.0,220.25454545454545,250.0,2.0090909090909093,,0.5369462177642845,0.24828354694409427
3,Onbekend Den Bosch,Gasmotor,0.5,,,Optie B,70.0,220.25454545454545,250.0,2.0090909090909093,,0.509476781144655,0.3405608569864899
4,Onbekend Hulst,Gasmotor,0.5,,,Optie B,70.0,220.25454545454545,250.0,2.0090909090909093,,0.18329719006836842,0.19638436284583158
5,Onbekend Rotterdam,Gasmotor,0.5,,,Optie B,70.0,220.25454545454545,250.0,2.0090909090909093,,0.28133439982618463,0.3883437282944996
6,Onbekend Zandvoort,Gasmotor,0.5,,,Optie B,70.0,220.25454545454545,250.0,2.0090909090909093,,0.31499225701908146,0.5942649142889538
7,Onbekend Zaanstad,Gasmotor,0.5,,,Optie B,70.0,220.25454545454545,250.0,2.0090909090909093,,0.3723806341607277,0.6310478631967279
8,Onbekend Zeewolde,Gasmotor,0.5,,,Optie B,70.0,220.25454545454545,250.0,2.0090909090909093,,0.5731790969166786,0.5818236227466185
9,A van de Groep en Zonen BV,,0.0,,,Optie B,70.0,220.25454545454545,250.0,2.0090909090909093,,0.5365278242405848,0.5473857847313683
10,Aardgascompressorstation Wijngaarden,,0.0,,,Optie B,70.0,220.25454545454545,250.0,2.0090909090909093,,0.3665193212514437,0.3982090260153705
11,Abbott Healthcare Products BV,,0.0,,,Optie B,70.0,220.25454545454545,250.0,2.0090909090909093,,0.4448349817330513,0.5663511681800503
12,Abbott Laboratories BV,,0.0,,,Optie B,70.0,220.25454545454545,250.0,2.0090909090909093,,0.7132154092989684,0.6452735499470175
13,Abengoa Bioenergy,Industrie,34.41,,,Optie B,80.0,220.25454545454545,250.0,2.0090909090909093,,0.22145087585229295,0.43003129027848064
14,ADM Cocoa BV,,0.0,,,Optie B,70.0,220.25454545454545,250.0,2.0090909090909093,,0.38674674633358014,0.6278155021915612
15,Afval Energie Bedrijf Amsterdam,AVI,0.0,,,Optie B,80.0,220.25454545454545,250.0,2.0090909090909093,,0.38250195385677227,0.6020324756840226
16,Afvalstoffen Terminal Moerdijk BV ATM,AVI,0.0,,,Optie B,70.0,220.25454545454545,250.0,2.0090909090909093,,0.32921002966989493,0.3434073136675704
17,Agristo NV,,0.0,,,Optie B,70.0,220.25454545454545,250.0,2.0090909090909093,,0.4386845969346657,0.30550953004576936
18,AHC Benelux BV,,0.0,,,Optie B,70.0,220.25454545454545,250.0,2.0090909090909093,,0.5488247902598679,0.24720499383318661
19,Ahrend Produktiebedrijf Sint-Oedenrode BV,,0.0,,,Optie B,70.0,220.25454545454545,250.0,2.0090909090909093,,0.5538455125442642,0.2940412451325403
20,Air Liquide Nederland BV,Industrie,132.73,,,Optie B,80.0,200.0,200.0,2.0,,0.2401987092915277,0.4146742771763827
21,Air Liquide Pergen VOF,Industrie,57.36,,,Optie B,80.0,220.25454545454545,250.0,2.0090909090909093,,0.26933791642846777,0.4145060624710118
22,Air Products Nederland BV Botlek,Industrie,45.11,,,Optie B,80.0,200.0,200.0,2.0,,0.2409632283666517,0.4123522545767528
23,Air Products Nederland BV Pernis,Industrie,78.91,,,Optie B,80.0,200.0,200.0,2.0,,0.2482622935664674,0.40897146883155294
24,Akzo Nobel Base Chemicals,Industrie,0.0,,,Optie B,80.0,200.0,200.0,2.0,,0.22236373444945592,0.430756922340865
25,Akzo Nobel Chemicals BV Botlek,Industrie,21.23,,,Optie B,80.0,200.0,200.0,2.0,,0.2459839506510481,0.41047220786966604
26,Akzo Nobel Chemicals BV Hengelo,Industrie,86.5,,,Optie B,70.0,220.25454545454545,250.0,2.0090909090909093,,0.9018272097827934,0.5484115646013753
27,Akzo Nobel Functional Chemicals,Industrie,0.0,,,Optie B,70.0,220.25454545454545,250.0,2.0090909090909093,,0.740030630590631,0.5440544738995129
28,Akzo Nobel Functional Chemicals BV,Industrie,0.0,,,Optie B,70.0,220.25454545454545,250.0,2.0090909090909093,,0.7162582712895117,0.1461112542328211
29,Albemarle Catalysts Company BV,,0.0,,,Optie B,70.0,220.25454545454545,250.0,2.0090909090909093,,0.42060619313335046,0.5962340158400604
30,Alcan Packaging Brabant BV,,0.0,,,Optie B,70.0,220.25454545454545,250.0,2.0090909090909093,,0.2427433026311195,0.2751121432869776
31,Almatis BV,Industrie,1.38,,,Optie B,80.0,200.0,200.0,2.0,,0.2354860767836738,0.41482600024397215
32,Alpha-Fry Technlogies BV,,0.0,,,Optie B,70.0,220.25454545454545,250.0,2.0090909090909093,,0.4759102098114745,0.5649988538819704
33,Aluminium en Chemie Rotterdam BV,Industrie,22.01,,,Optie B,80.0,200.0,200.0,2.0,,0.257067575451602,0.41011598849358644
34,Anox BV,,0.0,,,Optie B,70.0,220.25454545454545,250.0,2.0090909090909093,,0.5595508787765329,0.4853442433975061
35,ARCG Stainkoeln II,,0.0,,,Optie B,70.0,220.25454545454545,250.0,2.0090909090909093,,0.849976841463936,0.8970414889739377
36,Archer Daniels Midland Europoort BV ADM,Industrie,17.31,,,Optie B,80.0,200.0,200.0,2.0,,0.20569265431876693,0.4411235658502924
37,Ardagh Glass Benelux BV Moerdijk,,0.0,,,Optie B,70.0,220.25454545454545,250.0,2.0090909090909093,,0.3283580283125428,0.3374505341009061
38,Ardagh Glass Dongen BV,,0.0,,,Optie B,70.0,220.25454545454545,250.0,2.0090909090909093,,0.4329792307023971,0.31327379311328196
39,Arjowiggins Security BV,,0.0,,,Optie B,70.0,220.25454545454545,250.0,2.0090909090909093,,0.6751796344171774,0.5216258465167237
40,Arkema BV Rotterdam,Industrie,0.54,,,Optie B,80.0,200.0,200.0,2.0,,0.26104611750423734,0.4160958563531448
41,ARKEMA Vlissingen BV,,0.0,,,Optie B,70.0,220.25454545454545,250.0,2.0090909090909093,,0.08757635900085327,0.25832695435300496
42,Arla Foods BV,,0.0,,,Optie B,70.0,220.25454545454545,250.0,2.0090909090909093,,0.560083379624878,0.5416269048180815
43,ARN BV,,0.0,,,Optie B,70.0,220.25454545454545,250.0,2.0090909090909093,,0.643104065459363,0.3986477035803574
44,Ashland Industries Nederland BV,Industrie,3.23,,,Optie B,80.0,200.0,200.0,2.0,,0.3349496280995572,0.3845803365527698
45,ASML,Industrie,1.0,0.5,0.5,Optie B,70.0,220.25454545454545,250.0,2.0090909090909093,,0.5462916076527405,0.24151208047102574
46,Attero BV Moerdijk,,0.0,,,Optie B,70.0,220.25454545454545,250.0,2.0090909090909093,,0.32444795065469473,0.33957465704715845
47,Attero Noord BV,,0.0,,,Optie B,70.0,220.25454545454545,250.0,2.0090909090909093,,0.8256986063568889,0.747132501540443
48,Aurubis Netherlands BV,,0.0,,,Optie B,70.0,220.25454545454545,250.0,2.0090909090909093,,0.7497297531854877,0.5138747767594364
49,Avebe ua Foxhol,Industrie,18.5,,,Optie B,70.0,220.25454545454545,250.0,2.0090909090909093,,0.8735362004257173,0.8872454561317489
50,Avebe ua Gasselternijveen,Industrie,18.25,,,Optie B,70.0,220.25454545454545,250.0,2.0090909090909093,,0.9146148372980516,0.821113988628084
51,Avebe ua Ter Apelkanaal,Industrie,18.75,,,Optie B,70.0,220.25454545454545,250.0,2.0090909090909093,,0.9606000891301368,0.7970296008120361
52,Avery Dennison Materials BV,Industrie,0.13,,,Optie B,80.0,200.0,200.0,2.0,,0.3201537116705405,0.5047384094285061
53,Avery Dennison Materials Nederland BV,Industrie,0.14,,,Optie B,80.0,220.25454545454545,250.0,2.0090909090909093,,0.3416439244787524,0.5033860951304262
54,Aviko BV,,0.0,,,Optie B,70.0,220.25454545454545,250.0,2.0090909090909093,,0.7459375864297731,0.4803439788221667
55,AVR Afvalverwerking BV Duiven,AVI,0.0,,,Optie B,70.0,220.25454545454545,250.0,2.0090909090909093,,0.6966089899855784,0.44456372149150547
56,AVR Rozenburg,AVI,301.56,,,Optie B,80.0,500.0,500.0,2.0,,0.24554653923990752,0.41893241805155634
57,A-ware Zaandam BV,,0.0,,,Optie B,70.0,220.25454545454545,250.0,2.0090909090909093,,0.38099573717145335,0.6131313479109469
58,AWZI De Groote Lucht Vlaardingen,AVI,1.94,,,Optie B,80.0,500.0,500.0,2.0,,0.2525565325506216,0.4199219163184441
59,AWZI Kralingseveer Hoogheemraadschap van Schieland,AVI,2.72,,,Optie B,80.0,500.0,500.0,2.0,,0.31512157865367957,0.4223461870723191
60,AWZI Spijkenisse-Allemanspolder,AVI,0.59,,,Optie B,80.0,500.0,500.0,2.0,,0.26819684318201403,0.39826839591138374
61,Baksteen Helden BV,,0.0,,,Optie B,70.0,220.25454545454545,250.0,2.0090909090909093,,0.6913220172770095,0.21077166764637953
62,Ball Packaging,,0.0,,,Optie B,70.0,220.25454545454545,250.0,2.0090909090909093,,0.5778080507197926,0.36891328066038037
63,Basell Benelux BV,,0.0,,,Optie B,70.0,220.25454545454545,250.0,2.0090909090909093,,0.32237119734614894,0.334145609889501
64,BASF Nederland BV Catalysts,,0.0,,,Optie B,70.0,220.25454545454545,250.0,2.0090909090909093,,0.449437310493748,0.48237574859684285
65,BASF Nederland BV Nijehaske,,0.0,,,Optie B,70.0,220.25454545454545,250.0,2.0090909090909093,,0.6647197963246849,0.8110540895813918
66,Bavaria NV,,0.0,,,Optie B,70.0,220.25454545454545,250.0,2.0090909090909093,,0.5930223606725089,0.2767250254620046
67,Bayer MaterialScience BV,,0.0,,,Optie B,70.0,220.25454545454545,250.0,2.0090909090909093,,0.8731292176344821,0.8881986727955175
68,Bel Leerdammer BV Dalfsen,,0.0,,,Optie B,70.0,220.25454545454545,250.0,2.0090909090909093,,0.7622701481640142,0.642697556125553
69,Bel Leerdammer BV Schoonrewoerd,,0.0,,,Optie B,70.0,220.25454545454545,250.0,2.0090909090909093,,0.46579269369291815,0.4263041801398701
70,BES Exploitatie BV,,0.0,,,Optie B,70.0,220.25454545454545,250.0,2.0090909090909093,,0.6617986488137634,0.09572930081045293
71,Bio Centrale Nuon Lelystad,BMC,0.0,,,Optie B,70.0,220.25454545454545,250.0,2.0090909090909093,,0.5574893397779398,0.6361635692365376
72,Bio Energie Centrale Cuijk,BMC,26.4,,,Optie B,80.0,28.0,28.0,5.0,,0.6584705185116067,0.36480026619768363
73,Biomassacentrale Moerdijk,BMC,0.0,,,Optie B,70.0,220.25454545454545,250.0,2.0090909090909093,,0.32445936138715925,0.34063012186517205
74,biomassacentrale_stadskern,BMC,0.0,,,Optie B,70.0,220.25454545454545,250.0,2.0090909090909093,,0.5328649791194683,0.5120837848963695
75,biomassaketel deNieuweStad,BMC,0.0,,,Optie B,70.0,220.25454545454545,250.0,2.0090909090909093,,0.5345157317493381,0.5135053640731316
76,biomassaketel_deHoef,BMC,6.0,,,Optie A,70.0,220.25454545454545,250.0,2.0090909090909093,,0.5408981347745025,0.5203724820453326
77,biomassaketel_deIsselt,BMC,6.0,,,Optie A,70.0,220.25454545454545,250.0,2.0090909090909093,,0.5255164674123063,0.5170213812481395
78,BioMethanol Chemie Nederland BioMCN,Raffinaderij,0.0,,,Optie B,70.0,220.25454545454545,250.0,2.0090909090909093,,0.9356600315401465,0.9407443290948134
79,Biopetrol Rotterdam BV,Raffinaderij,3.11,,,Optie B,80.0,200.0,200.0,2.0,,0.25180722778545034,0.4141531414224885
80,Biovalue Holding BV,,0.0,,,Optie B,70.0,220.25454545454545,250.0,2.0090909090909093,,0.900606261409088,0.9916738048915261
81,BN International BV,,0.0,,,Optie B,70.0,220.25454545454545,250.0,2.0090909090909093,,0.4983132812168494,0.5659883521488581
82,Boehringer Ingelheim,,0.0,,,Optie B,70.0,220.25454545454545,250.0,2.0090909090909093,,0.44444321325176883,0.5660938986306594
83,Bostik Nederland BV,,0.0,,,Optie B,70.0,220.25454545454545,250.0,2.0090909090909093,,0.301029324059976,0.2888265892660419
84,Botlek VCM Plant Shin-Etsu PVC BV,Industrie,14.54,,,Optie B,80.0,200.0,200.0,2.0,,0.24579377177663916,0.40941344472409613
85,Boxal Netherlands BV,,20.0,,,Optie B,70.0,220.25454545454545,250.0,2.0090909090909093,,0.5776178718453836,0.46637885994882416
86,BP Raffinaderij Rotterdam BV,Raffinaderij,159.07,,,Optie B,80.0,200.0,200.0,2.0,,0.2017711659284543,0.4371556778000725
87,Brabant Alucast International,,0.0,,,Optie B,70.0,220.25454545454545,250.0,2.0090909090909093,,0.579325678137576,0.37549344413518393
88,Brabant Alucast The Netherlands Heijen,,0.0,,,Optie B,70.0,220.25454545454545,250.0,2.0090909090909093,,0.6949316123132915,0.33093963550478467
89,C en T Technics,,0.0,,,Optie B,70.0,220.25454545454545,250.0,2.0090909090909093,,0.6048134508858641,0.3271894370732801
90,Cabot BV,Industrie,32.26,,,Optie B,80.0,200.0,200.0,2.0,,0.2423477305723489,0.416910543259549
91,Cabot Norit Activated Carbon Klazienaveen,Industrie,0.0,,,Optie B,70.0,220.25454545454545,250.0,2.0090909090909093,,0.9501782868125261,0.7261221550068596
92,Caldic Chemie BV,Industrie,1.58,,,Optie B,80.0,200.0,200.0,2.0,,0.22053421367764178,0.43078660728887164
93,Caligen Europe BV,,0.0,,,Optie B,70.0,220.25454545454545,250.0,2.0090909090909093,,0.3733657607301661,0.311357464803076
94,Caradon Stelrad BV,,0.0,,,Optie B,70.0,220.25454545454545,250.0,2.0090909090909093,,0.6711858780545894,0.06084948690265961
95,Cargill Benelux BV,Industrie,0.0,,,Optie B,70.0,220.25454545454545,250.0,2.0090909090909093,,0.11543756410176514,0.17833261613024265
96,Cargill BV,Industrie,0.0,,,Optie B,70.0,220.25454545454545,250.0,2.0090909090909093,,0.23882561781829506,0.27568605228177245
97,Cargill BV Multiseed,Industrie,0.0,,,Optie B,70.0,220.25454545454545,250.0,2.0090909090909093,,0.3765417479327956,0.6064852178850175
98,Cargill BV Soja,Industrie,0.0,,,Optie B,70.0,220.25454545454545,250.0,2.0090909090909093,,0.40110525135145625,0.602589893041036
99,Cargill Refined Oils Europe,Industrie,2.64,,,Optie B,80.0,200.0,200.0,2.0,,0.24723532764465903,0.41328238294762726
100,Carmeuse Gouda,Industrie,0.2,,,Optie B,80.0,200.0,200.0,0.0,,0.3547776775454348,0.46046495864039166
101,Celanese Emulsions BV,,0.0,,,Optie B,70.0,220.25454545454545,250.0,2.0090909090909093,,0.6462382133096226,0.07077415451954377
102,Centocor BV,Industrie,0.61,,,Optie B,80.0,200.0,200.0,2.0,,0.2937682946350421,0.5174963404162455
103,Centrale Bergum,STEG,508.2,,,Optie B,70.0,220.25454545454545,250.0,2.0090909090909093,,0.699636637666169,0.8993371249531172
104,Centrale Harculo,Gasturbine,361.35,,,Optie C,70.0,220.25454545454545,250.0,2.0090909090909093,,0.722488531215149,0.6276868674168659
105,Centrale Rotterdam,STEG,8.86,,,Optie B,80.0,220.25454545454545,250.0,2.0090909090909093,,0.19242197246251008,0.4372381359889798
106,Cerexagri BV,Industrie,0.54,,,Optie B,80.0,200.0,200.0,2.0,,0.26104611750423734,0.4160958563531448
107,Chemelot Site Permit BV,Industrie,789.0,,,Optie B,70.0,220.25454545454545,250.0,2.0090909090909093,,0.6456334444890022,0.0809824783062691
108,Chemours Netherlands BV,Industrie,24.5,,,Optie B,80.0,200.0,200.0,2.0,,0.36328628038649147,0.3887362292736984
109,Chemtura Netherlands BV,,0.0,,,Optie B,70.0,220.25454545454545,250.0,2.0090909090909093,,0.3941713295905057,0.6077121957359584
110,Claushuis Metaalmaatschappij BV,,0.0,,,Optie B,70.0,220.25454545454545,250.0,2.0090909090909093,,0.5668765690187658,0.5859696204848781
111,Climax Molybdenum BV,Industrie,1.14,,,Optie B,80.0,200.0,200.0,2.0,,0.23814858102539918,0.4138035187015215
112,COATEX Netherlands BV,,0.0,,,Optie B,70.0,220.25454545454545,250.0,2.0090909090909093,,0.32514780891251965,0.341903276301901
113,Compaxo Fijne Vleeswaren BV,Industrie,0.55,,,Optie B,80.0,200.0,200.0,2.0,,0.3572423957577749,0.4553426559454694
114,Compaxo Vlees Zevenaar BV,,0.0,,,Optie B,70.0,220.25454545454545,250.0,2.0090909090909093,,0.7204422065265087,0.43158150422993813
115,Componenta BV Hoensbroek,,0.0,,,Optie B,70.0,220.25454545454545,250.0,2.0090909090909093,,0.6843842919385709,0.05435178161676335
116,Componenta BV Weert,,0.0,,,Optie B,70.0,220.25454545454545,250.0,2.0090909090909093,,0.6061447030067268,0.17530145310600984
117,CONO Kaasmakers Middenbeemster,,0.0,,,Optie B,70.0,220.25454545454545,250.0,2.0090909090909093,,0.40406063105977136,0.6595124300075323
118,Contitank BV,,0.0,,,Optie B,70.0,220.25454545454545,250.0,2.0090909090909093,,0.9296351647988708,0.9441844847360266
119,Croda Nederland BV,Industrie,0.0,,,Optie B,70.0,220.25454545454545,250.0,2.0090909090909093,,0.35910234514949446,0.45730845916901974
120,Crown van Gelder NV,,0.0,,,Optie B,70.0,220.25454545454545,250.0,2.0090909090909093,,0.34229053265174286,0.6270403952158325
121,Cumapol Emmen BV,,0.0,,,Optie B,70.0,220.25454545454545,250.0,2.0090909090909093,,0.9264135346663831,0.7427622175283554
122,DAF Trucks NV,Industrie,0.76,0.5,0.14,Optie B,80.0,220.25454545454545,250.0,2.0090909090909093,,0.5708855396913066,0.24621549556629888
123,Dahler Holland BV Dahler Euro Citrus BV,,0.0,,,Optie B,70.0,220.25454545454545,250.0,2.0090909090909093,,0.401736645214494,0.31751544235067414
124,Damen Schelde Naval Shipbuilding BV en Scheldepoort BV,,0.0,,,Optie B,70.0,220.25454545454545,250.0,2.0090909090909093,,0.08293979804276294,0.26177370664933064
125,Damen Ship Repair Rotterdam locatie Pernis,Industrie,0.06,,,Optie B,80.0,200.0,200.0,2.0,,0.2777057869024618,0.41492495007066094
126,Damen Shiprepair Rotterdam BV,Industrie,0.06,,,Optie B,80.0,200.0,200.0,2.0,,0.27200042067019314,0.4210268560498021
127,DCC Maastricht BV,,0.0,,,Optie B,70.0,220.25454545454545,250.0,2.0090909090909093,,0.6147978417923342,0.03860556586302289
128,De Bioderij BV,Industrie,0.32,,,Optie B,80.0,200.0,200.0,2.0,,0.3653059800327146,0.39112092009689786
129,De Graafstroom,Industrie,0.36,,,Optie B,80.0,200.0,200.0,2.0,,0.37648469427047293,0.40717388031337354
130,De Ingensche Waarden BV,,0.0,,,Optie B,70.0,220.25454545454545,250.0,2.0090909090909093,,0.5619699540590147,0.4475454096023939
131,De Kleef BV,,0.0,,,Optie B,70.0,220.25454545454545,250.0,2.0090909090909093,,0.6813338227930512,0.4429640326267036
132,Deege Coating Moerdijk BV,,0.0,,,Optie B,70.0,220.25454545454545,250.0,2.0090909090909093,,0.31825192292645094,0.3326481691789442
133,Delamine BV,,0.0,,,Optie B,70.0,220.25454545454545,250.0,2.0090909090909093,,0.935481263398202,0.9407113458192505
134,Delesto BV,Industrie,117.0,,,Optie B,70.0,220.25454545454545,250.0,2.0090909090909093,,0.9335642603441598,0.9425683042334432
135,Delfluent Services BV,Industrie,3.03,,,Optie B,80.0,200.0,200.0,2.0,,0.2442228942740212,0.48924616489660017
136,Deli-HTL,Industrie,1.8,0.31,0.96,Optie B,80.0,220.25454545454545,250.0,2.0090909090909093,,0.5691206797367915,0.24733362860788202
137,Diffutherm BV,,0.0,,,Optie B,70.0,220.25454545454545,250.0,2.0090909090909093,,0.5062703653221201,0.21926486110383275
138,Dishman Netherlands BV,,0.0,,,Optie B,70.0,220.25454545454545,250.0,2.0090909090909093,,0.5814214493335627,0.465554278059751
139,DOC Kaas Zuivelfabriek,,0.0,,,Optie B,70.0,220.25454545454545,250.0,2.0090909090909093,,0.8162923592286219,0.7165570050936113
140,DOC Kaas Zuivelpark,,0.0,,,Optie B,70.0,220.25454545454545,250.0,2.0090909090909093,,0.82797314569482,0.71868442636742
141,Dow Benelux BV Delfzijl,,0.0,,,Optie B,70.0,220.25454545454545,250.0,2.0090909090909093,,0.9345836191109919,0.9391941151433559
142,Dow Benelux BV Hoek,Industrie,462.5,,,Optie B,70.0,220.25454545454545,250.0,2.0090909090909093,,0.11108246787780009,0.2174804658958785
143,Dr W Kolb Nederland BV,,0.0,,,Optie B,70.0,220.25454545454545,250.0,2.0090909090909093,,0.31849535188569444,0.33587393352899825
144,Draka Interfoam,Industrie,0.09,,,Optie B,80.0,200.0,200.0,2.0,,0.3260112210023363,0.5636465395838904
145,Driessen Grondwerken,,0.0,,,Optie B,70.0,220.25454545454545,250.0,2.0090909090909093,,0.7171559155767219,0.2507440993010885
146,Drukkerij Zwart BV,,0.0,,,Optie B,70.0,220.25454545454545,250.0,2.0090909090909093,,0.5308909224031033,0.5153920074353309
147,DS Smith Paper De Hoop Mill,Industrie,48.75,,,Optie B,70.0,220.25454545454545,250.0,2.0090909090909093,,0.7103361011404168,0.49128453132638894
148,DSM Advanced Polyesters Emmen BV,Industrie,0.0,,,Optie B,70.0,220.25454545454545,250.0,2.0090909090909093,,0.9264135346663831,0.7427622175283554
149,DSM Delft Permit BV,Industrie,11.26,,,Optie B,80.0,200.0,200.0,2.0,,0.2643932656938349,0.4632454487703463
150,DSM Engineering Plastics Emmen BV,Industrie,0.0,,,Optie B,70.0,220.25454545454545,250.0,2.0090909090909093,,0.9264135346663831,0.7427622175283554
151,DSM NeoResins BV,Industrie,0.0,,,Optie B,70.0,220.25454545454545,250.0,2.0090909090909093,,0.44879450589824577,0.343651389906736
152,DSM Pharma Chemicals Venlo BV,Industrie,0.0,,,Optie B,70.0,220.25454545454545,250.0,2.0090909090909093,,0.7365845893863407,0.23239550310543325
153,DSM Resins BV,Industrie,0.83,,,Optie B,80.0,200.0,200.0,2.0,,0.2137410242837539,0.4442305904083199
154,DSM Resins BV Schoonebeek,Industrie,0.0,,,Optie B,70.0,220.25454545454545,250.0,2.0090909090909093,,0.9173914488644223,0.7112796810035433
155,Ducor Petrochemicals BV,Industrie,0.87,,,Optie B,80.0,200.0,200.0,2.0,,0.23704934713131542,0.41642239078121773
156,Dyflex Polymers,Industrie,0.06,,,Optie B,80.0,200.0,200.0,2.0,,0.3435076774479602,0.4002473924451593
157,Eastman Chemical Middelburg BV,,0.0,,,Optie B,70.0,220.25454545454545,250.0,2.0090909090909093,,0.0758879653796789,0.27409296007208317
158,Ecofuels,,0.0,,,Optie B,70.0,220.25454545454545,250.0,2.0090909090909093,,0.7348425508967548,0.2943974645086199
159,Eemscentrale,STEG,1625.25,,,Optie B,70.0,220.25454545454545,250.0,2.0090909090909093,,0.9139111754627385,0.9854597557754711
160,Efte Coating BV,,0.0,,,Optie B,70.0,220.25454545454545,250.0,2.0090909090909093,,0.5503462212551394,0.245720746432855
161,Ekro BV,,0.0,,,Optie B,70.0,220.25454545454545,250.0,2.0090909090909093,,0.6887431917400241,0.5209760759881341
162,Elementis Specialties Netherlands BV,,0.0,,,Optie B,70.0,220.25454545454545,250.0,2.0090909090909093,,0.8718245905560367,0.5517065938301114
163,Elsta BV en Co CV,STEG,569.25,,,Optie B,70.0,220.25454545454545,250.0,2.0090909090909093,,0.10996041251878726,0.21416564670180452
164,E-max Remelt,,0.0,,,Optie B,70.0,220.25454545454545,250.0,2.0090909090909093,,0.7107126553117465,0.043780641798845846
165,Emerald Kalama Chemical Rotterdam BV,Industrie,11.11,,,Optie B,80.0,200.0,200.0,2.0,,0.24135880042542232,0.4150008116044557
166,Emmtec Services BV,Gasturbine,99.0,,,Optie B,70.0,220.25454545454545,250.0,2.0090909090909093,,0.9264135346663831,0.7427622175283554
167,ENCI BV Maastricht,,0.0,,,Optie B,70.0,220.25454545454545,250.0,2.0090909090909093,,0.6172739707371389,0.021259661244480563
168,Enecal Energy VOF,STEG,1.65,,,Optie B,80.0,220.25454545454545,250.0,2.0090909090909093,,0.23967001202067081,0.41607936471536333
169,Eneco Bio Golden Raand CV,BMC,41.91,,,Optie B,70.0,220.25454545454545,250.0,2.0090909090909093,,0.9411409867006126,0.9395536328469919
170,Eneco HWC Nicolaas Beetsstraat,Gasturbine,19.14,,,Optie B,70.0,220.25454545454545,250.0,2.0090909090909093,,0.46538951447917115,0.4862018085621422
171,Eneco HWC Overvecht,Gasturbine,38.28,,,Optie B,70.0,220.25454545454545,250.0,2.0090909090909093,,0.4635067436225225,0.4965750487266821
172,Eneco Lage Weide,STEG,153.45,,,Optie B,70.0,220.25454545454545,250.0,2.0090909090909093,,0.4542830682136882,0.4927489887613828
173,Eneco Merwedekanaal,STEG,142.23,,,Optie B,70.0,220.25454545454545,250.0,2.0090909090909093,,0.4560707496331324,0.49197388178565404
174,Eneco Solar Bio en Hydro BV WKC Ypenburg,STEG,1.8,,,Optie B,80.0,220.25454545454545,250.0,2.0090909090909093,,0.27189011692303594,0.47723035760902655
175,Eneco Solar Bio en Hydro HWC Ypenburg,STEG,0.46,,,Optie B,80.0,220.25454545454545,250.0,2.0090909090909093,,0.2681550038296441,0.47227297129191886
176,ENECOGEN VOF,STEG,17.76,,,Optie B,80.0,220.25454545454545,250.0,2.0090909090909093,,0.19828708894928224,0.442122959099849
177,Energiecooperatie Greenhouse Energy,,0.0,,,Optie B,70.0,220.25454545454545,250.0,2.0090909090909093,,0.6751415986422956,0.42419325050384293
178,ENGIE Energie Centrale Gelderland,STEG,0.1,,,Optie B,70.0,220.25454545454545,250.0,2.0090909090909093,,0.6520805083314658,0.40221979232382216
179,Ennatuurlijk Energiecentrale Warande 1,BMC,0.0,,,Optie B,70.0,220.25454545454545,250.0,2.0090909090909093,,0.5574893397779398,0.6361635692365376
180,Ennatuurlijk Energiecentrale Warande 2,BMC,0.0,,,Optie B,70.0,220.25454545454545,250.0,2.0090909090909093,,0.5629132412760832,0.6336073653804108
181,Ennatuurlijk Helmond 1+2,STEG,40.26,,,Optie B,70.0,220.25454545454545,250.0,2.0090909090909093,,0.6160340044759924,0.25808947476895194
182,Enrichment Technology Nederland BV,,0.0,,,Optie B,70.0,220.25454545454545,250.0,2.0090909090909093,,0.8732357178041512,0.5813882435091878
183,EOn Benelux NV Galileistraat,STEG,18.06,,,Optie B,80.0,220.25454545454545,250.0,2.0090909090909093,,0.28506570934208836,0.42333238701165055
184,EOn Benelux NV Maasvlakte,Kolen,320.88,,,Optie C,80.0,220.25454545454545,250.0,2.0090909090909093,,0.1806422929816194,0.44265398983641213
185,Eon Blekerhof,STEG,0.01,,,Optie B,80.0,220.25454545454545,250.0,2.0090909090909093,,0.29918839255569735,0.42519264375339955
186,EOn Centrale Den Haag,STEG,7.01,,,Optie B,80.0,220.25454545454545,250.0,2.0090909090909093,,0.25039990411482405,0.484519661508433
187,Eon Centrale Leiden,STEG,17.82,,,Optie B,80.0,220.25454545454545,250.0,2.0090909090909093,,0.30391243579601573,0.5162033960141789
188,EON Centrale RoCa,STEG,198.0,,,Optie B,80.0,220.25454545454545,250.0,2.0090909090909093,,0.3203514976999258,0.4388213332160002
189,EON Energy from Waste Delfzijl BV,STEG,0.0,,,Optie B,70.0,220.25454545454545,250.0,2.0090909090909093,,0.9420880774951692,0.9393887164691772
190,Eon Laurensplaat/Delfsevaart,STEG,0.0,,,Optie B,80.0,220.25454545454545,250.0,2.0090909090909093,,0.2999224830109159,0.4273233633547645
191,Eon Schenkkade,STEG,0.87,,,Optie B,80.0,220.25454545454545,250.0,2.0090909090909093,,0.26166229705732236,0.48453615314621445
192,EPZ NV Conventional Operations,Nucleair,349.8,,,Optie B,70.0,220.25454545454545,250.0,2.0090909090909093,,0.09435053050730023,0.2511860751936317
193,ESA BV,,0.0,,,Optie B,70.0,220.25454545454545,250.0,2.0090909090909093,,0.6923718046637469,0.5234795066033602
194,ESD-SIC BV,,0.0,,,Optie B,70.0,220.25454545454545,250.0,2.0090909090909093,,0.9365690865598213,0.9346820030463479
195,ESKA Graphic Board BV Hoogezand,,0.0,,,Optie B,70.0,220.25454545454545,250.0,2.0090909090909093,,0.8832353230205741,0.8842769613310857
196,ESKA Graphic Board BV Sappemeer,,0.0,,,Optie B,70.0,220.25454545454545,250.0,2.0090909090909093,,0.8973085597268367,0.8843099446066486
197,Essent Power BV Amer,Gasturbine,1039.5,,,Optie C,70.0,220.25454545454545,250.0,2.0090909090909093,,0.39350950710756255,0.34804146388416135
198,Essent Power BV Moerdijk,STEG,412.17,,,Optie B,70.0,220.25454545454545,250.0,2.0090909090909093,,0.32423875389284484,0.34017825098996
199,Essent Stadsverwarming Breda,Gasturbine,0.0,,,Optie B,70.0,220.25454545454545,250.0,2.0090909090909093,,0.3723844377382159,0.31487348197808385
200,Essent Stadsverwarming Tilburg,Gasturbine,0.0,,,Optie B,70.0,220.25454545454545,250.0,2.0090909090909093,,0.4395556161794587,0.3051500123421335
201,Essent WKC Enschede,Gasturbine,0.0,,,Optie B,70.0,220.25454545454545,250.0,2.0090909090909093,,0.9108569027397306,0.5365540770365037
202,Esso Nederland BV Raffinaderij Rotterdam,Raffinaderij,165.49,,,Optie B,80.0,200.0,200.0,2.0,,0.250590082989233,0.4097531724623943
203,Eurogen CV,Industrie,89.5,,,Optie B,70.0,220.25454545454545,250.0,2.0090909090909093,,0.24047637044816478,0.41444339424744225
204,Eurogen CV,STEG,23.12,,,Optie B,80.0,220.25454545454545,250.0,2.0090909090909093,,0.24043072751830663,0.4164091974709926
205,Everris International BV,,0.0,,,Optie B,70.0,220.25454545454545,250.0,2.0090909090909093,,0.7000664419223332,0.03466406443325334
206,Exploitatiemaatschappij J ter Horst BV,,0.0,,,Optie B,70.0,220.25454545454545,250.0,2.0090909090909093,,0.8200236687445256,0.4341146197931708
207,Exportslachterij Clazing BV,Industrie,0.24,,,Optie B,80.0,200.0,200.0,2.0,,0.3315986763324714,0.4548973817253699
208,Exportslachterij J Gosschalk en Zn BV,Industrie,0.0,,,Optie B,70.0,220.25454545454545,250.0,2.0090909090909093,,0.6931135022739419,0.582879087564632
209,ExxonMobil Chemical Holland BV RAP,Industrie,61.7,,,Optie B,80.0,200.0,200.0,2.0,,0.2503504576074777,0.41016546340693083
210,ExxonMobil Chemical Holland BV ROP van RPI,Industrie,8.45,,,Optie B,80.0,200.0,200.0,2.0,,0.22179319782622905,0.4309218387186796
211,ExxonMobil Chemical Holland BV RPP van RPI,Industrie,7.16,,,Optie B,80.0,200.0,200.0,2.0,,0.24854375830059264,0.41333185786097165
212,Farm Dairy BV,Industrie,0.0,,,Optie B,70.0,220.25454545454545,250.0,2.0090909090909093,,0.5511830083025389,0.6380568092538494
213,Farm Frites BV,Industrie,2.78,,,Optie B,80.0,200.0,200.0,2.0,,0.215760723929977,0.39223245648336846
214,Flexoplast,,0.0,,,Optie B,70.0,220.25454545454545,250.0,2.0090909090909093,,0.5490149691342767,0.8860910414870465
215,FMC Chemicals Netherlands BV,,0.0,,,Optie B,70.0,220.25454545454545,250.0,2.0090909090909093,,0.9367288368143248,0.9399626254639721
216,Fokker Landing Gear,,0.0,,,Optie B,70.0,220.25454545454545,250.0,2.0090909090909093,,0.6162698262802595,0.25493957195269257
217,Forbo Flooring BV,,0.0,,,Optie B,70.0,220.25454545454545,250.0,2.0090909090909093,,0.37609672936667865,0.6345341954237291
218,FrieslandCampina Bedum,Industrie,0.0,,,Optie B,70.0,220.25454545454545,250.0,2.0090909090909093,,0.8433357951695752,0.9374789848140839
219,FrieslandCampina Born,Industrie,0.0,,,Optie B,70.0,220.25454545454545,250.0,2.0090909090909093,,0.6527347236594325,0.10890611939784153
220,FrieslandCampina Butter Lochem,Industrie,0.0,,,Optie B,70.0,220.25454545454545,250.0,2.0090909090909093,,0.8067834155081741,0.5168102882845367
221,FrieslandCampina Butter Noordwijk,Industrie,0.0,,,Optie B,80.0,200.0,200.0,2.0,,0.7577020516007111,0.88567875054251
222,FrieslandCampina Cheese Balkbrug,Industrie,0.0,,,Optie B,70.0,220.25454545454545,250.0,2.0090909090909093,,0.7964909348251615,0.677392663690194
223,FrieslandCampina Cheese en Butter Rijkevoort,Industrie,0.0,,,Optie B,70.0,220.25454545454545,250.0,2.0090909090909093,,0.6751796344171774,0.33197201202990423
224,FrieslandCampina Cheese Gerkesklooster,Industrie,0.0,,,Optie B,70.0,220.25454545454545,250.0,2.0090909090909093,,0.7428833137067653,0.9103337490257964
225,FrieslandCampina Cheese Leerdam,Industrie,0.0,,,Optie B,70.0,220.25454545454545,250.0,2.0090909090909093,,0.4623542596436042,0.4176130870290393
226,FrieslandCampina Cheese Marum,Industrie,0.0,,,Optie B,70.0,220.25454545454545,250.0,2.0090909090909093,,0.756956550413028,0.8745468950400227
227,FrieslandCampina Cheese Steenderen,Industrie,0.0,,,Optie B,70.0,220.25454545454545,250.0,2.0090909090909093,,0.7475617140172256,0.4774942238135299
228,FrieslandCampina Cheese Wolvega,Industrie,0.0,,,Optie B,70.0,220.25454545454545,250.0,2.0090909090909093,,0.6914969818414657,0.7807754426146265
229,FrieslandCampina Den Bosch,Industrie,0.0,,,Optie B,70.0,220.25454545454545,250.0,2.0090909090909093,,0.521134746145924,0.3388984998981185
230,FrieslandCampina Domo Beilen,Industrie,0.0,,,Optie B,70.0,220.25454545454545,250.0,2.0090909090909093,,0.8265620184467055,0.7707485268434973
231,FrieslandCampina Domo Borculo,Industrie,0.0,,,Optie B,70.0,220.25454545454545,250.0,2.0090909090909093,,0.8335986367998368,0.5003186505030741
232,FrieslandCampina Dronrijp,Industrie,0.0,,,Optie B,70.0,220.25454545454545,250.0,2.0090909090909093,,0.6008196945232761,0.8921929474661877
233,FrieslandCampina Ede Riedel BV,Industrie,0.0,,,Optie B,70.0,220.25454545454545,250.0,2.0090909090909093,,0.6042429142626372,0.4667086927044534
234,FrieslandCampina Kievit Meppel,Industrie,0.0,,,Optie B,70.0,220.25454545454545,250.0,2.0090909090909093,,0.7386993784697683,0.709630517225397
235,FrieslandCampina Leeuwarden,BioWKK,16.83,,,Optie B,70.0,220.25454545454545,250.0,2.0090909090909093,,0.6460822666326074,0.8948316095112216
236,FrieslandCampina Limmen Ecomel,Industrie,0.0,,,Optie B,70.0,220.25454545454545,250.0,2.0090909090909093,,0.3592544882490216,0.6650041453887593
237,FrieslandCampina Lutjewinkel,Industrie,0.0,,,Optie B,70.0,220.25454545454545,250.0,2.0090909090909093,,0.40664706375173315,0.7356873049201079
238,FrieslandCampina Maasdam,Industrie,0.46,,,Optie B,80.0,200.0,200.0,2.0,,0.3159317406586617,0.37897317970707256
239,FrieslandCampina Professional Nuenen,Industrie,0.0,,,Optie B,70.0,220.25454545454545,250.0,2.0090909090909093,,0.5830455769210151,0.2521524851676254
240,FrieslandCampina Rotterdam,Industrie,0.25,,,Optie B,80.0,200.0,200.0,2.0,,0.2822700798882767,0.43059200596305036
241,FrieslandCampina Veghel DMV International,Industrie,0.0,,,Optie B,70.0,220.25454545454545,250.0,2.0090909090909093,,0.5726732211107507,0.313567344265792
242,FrieslandCampina Workum,Industrie,0.0,,,Optie B,70.0,220.25454545454545,250.0,2.0090909090909093,,0.5538455125442642,0.8121425376749684
243,FUJIFILM Manufacturing Europe BV,,0.0,,,Optie B,70.0,220.25454545454545,250.0,2.0090909090909093,,0.4374560414059839,0.3072345553577104
244,Galvanisch Bedrijf Chromolux,Industrie,0.04,,,Optie B,80.0,200.0,200.0,2.0,,0.29101830811108864,0.41772852849350955
245,Galvano Hengelo BV,,0.0,,,Optie B,70.0,220.25454545454545,250.0,2.0090909090909093,,0.8947829842746857,0.5487150107365542
246,gas WKK eneco,STEG,0.0,,,Optie B,70.0,220.25454545454545,250.0,2.0090909090909093,,0.5488247902598679,0.5268372040556659
247,Gasunie Alphen en Riel,,0.0,,,Optie B,70.0,220.25454545454545,250.0,2.0090909090909093,,0.42566875477011684,0.27622697800100443
248,Gasunie Beverwijk,,0.0,,,Optie B,70.0,220.25454545454545,250.0,2.0090909090909093,,0.36692630404267884,0.626324658136117
249,Gasunie Compressorstation Anna Paulowna,,0.0,,,Optie B,70.0,220.25454545454545,250.0,2.0090909090909093,,0.3794476811337644,0.7768669244604199
250,Gasunie Compressorstation Oldeboorn Fr,,0.0,,,Optie B,70.0,220.25454545454545,250.0,2.0090909090909093,,0.6657505658239814,0.8432688548237008
251,Gasunie LNG,Industrie,0.7,,,Optie B,80.0,200.0,200.0,2.0,,0.19120863124378093,0.43708311459383403
252,Gasunie Mengstation Kootstertille Fr,,0.0,,,Optie B,70.0,220.25454545454545,250.0,2.0090909090909093,,0.7156801275113084,0.8990765570761702
253,Gasunie Ravenstein,,0.0,,,Optie B,70.0,220.25454545454545,250.0,2.0090909090909093,,0.6083431707948943,0.37510424148354143
254,Gasunie Spijk,,0.0,,,Optie B,70.0,220.25454545454545,250.0,2.0090909090909093,,0.911332349925753,0.9762442285831898
255,Gasunie Vilsteren/Ommen,,0.0,,,Optie B,70.0,220.25454545454545,250.0,2.0090909090909093,,0.7878263853070896,0.6376742032573196
256,Gasunie Wieringermeer,,0.0,,,Optie B,70.0,220.25454545454545,250.0,2.0090909090909093,,0.4498176682425659,0.7337907665752397
257,Gasunie Zweekhorst,,0.0,,,Optie B,70.0,220.25454545454545,250.0,2.0090909090909093,,0.7183312210205692,0.4423175604256703
258,Georgia-Pacific Nederland BV,Industrie,0.0,,,Optie B,80.0,200.0,200.0,2.0,,0.659965324464461,0.3639657893259416
259,Gieterij Doesburg BV,,0.0,,,Optie B,70.0,220.25454545454545,250.0,2.0090909090909093,,0.7307575086744503,0.4591852075485502
260,Givaudan Nederland BV Barneveld,,0.0,,,Optie B,70.0,220.25454545454545,250.0,2.0090909090909093,,0.5857955634449686,0.5161836060488411
261,Givaudan Nederland BV Naarden,,0.0,,,Optie B,70.0,220.25454545454545,250.0,2.0090909090909093,,0.4832130785887784,0.5634816232060758
262,Global Food Group BV eierverwerking,,0.0,,,Optie B,70.0,220.25454545454545,250.0,2.0090909090909093,,0.6391217198292396,0.1973408778371564
263,GMB Slibverwerking Tiel BV,,0.0,,,Optie B,70.0,220.25454545454545,250.0,2.0090909090909093,,0.5486574328503879,0.42439444848477675
264,GMB Slibverwerking Zutphen BV,,0.0,,,Optie B,70.0,220.25454545454545,250.0,2.0090909090909093,,0.7466640697300153,0.5147290435965162
265,Gouda Refractories BV,Industrie,0.9,,,Optie B,80.0,200.0,200.0,2.0,,0.3542908196269479,0.46086075794714676
266,Greif Nederland BV,Industrie,0.34,,,Optie B,80.0,200.0,200.0,2.0,,0.2307392120784263,0.42244183857145157
267,Groen-Recycling Twente BV,,0.0,,,Optie B,70.0,220.25454545454545,250.0,2.0090909090909093,,0.8527306315653777,0.5478145673136863
268,Grolsche Bierbrouwerij Nederland BV,,0.0,,,Optie B,70.0,220.25454545454545,250.0,2.0090909090909093,,0.9076885226920774,0.5338164651647809
269,GTO Plating,,0.0,,,Optie B,70.0,220.25454545454545,250.0,2.0090909090909093,,0.5082025826861151,0.34394494105924606
270,Gunvor Petroleum Rotterdam BV GPR,Raffinaderij,35.05,,,Optie B,80.0,200.0,200.0,2.0,,0.21684854709159623,0.43324056299075325
271,HAK,,0.0,,,Optie B,70.0,220.25454545454545,250.0,2.0090909090909093,,0.4426136924799547,0.37895668806929106
272,Hartman BV,,0.0,,,Optie B,70.0,220.25454545454545,250.0,2.0090909090909093,,0.5616466499725196,0.8997922941558856
273,Heineken Nederland BV Den Bosch,,0.0,,,Optie B,70.0,220.25454545454545,250.0,2.0090909090909093,,0.5078222249372971,0.34549515501070355
274,Heineken Nederland BV Zoeterwoude,Industrie,5.14,,,Optie B,80.0,200.0,200.0,2.0,,0.3159317406586617,0.5064535397577782
275,Heiploeg BV,,0.0,,,Optie B,70.0,220.25454545454545,250.0,2.0090909090909093,,0.7679831215512593,0.9498872930808563
276,HJ Heinz Holding BV,,0.0,,,Optie B,70.0,220.25454545454545,250.0,2.0090909090909093,,0.6584438934691894,0.4231707689613922
277,Hochwald Nederland BV,,0.0,,,Optie B,70.0,220.25454545454545,250.0,2.0090909090909093,,0.5680328565751722,0.8442682480732574
278,Holonite BV Halsteren,,0.0,,,Optie B,70.0,220.25454545454545,250.0,2.0090909090909093,,0.24419626923160395,0.2838362196733713
279,Holonite BV Tholen,,0.0,,,Optie B,70.0,220.25454545454545,250.0,2.0090909090909093,,0.23070497988103267,0.28961159122443947
280,Huhtamaki Nederland BV,,0.0,,,Optie B,70.0,220.25454545454545,250.0,2.0090909090909093,,0.5756400115515304,0.8887297035320805
281,Hunter Douglas Europe BV,Industrie,0.81,,,Optie B,80.0,200.0,200.0,2.0,,0.3075638701846677,0.4227749696546371
282,Huntsman Holland BV,Industrie,0.11,,,Optie B,80.0,200.0,200.0,2.0,,0.23837679567468992,0.41607936471536333
283,HUWA-Vandersanden BV,,0.0,,,Optie B,70.0,220.25454545454545,250.0,2.0090909090909093,,0.4890515700331333,0.3584147040487013
284,HVC Afvalcentrale Dordrecht,AVI,65.31,,,Optie B,80.0,500.0,500.0,2.0,,0.365994427558075,0.3877137477312477
285,HVC Alkmaar,,0.0,,,Optie B,70.0,220.25454545454545,250.0,2.0090909090909093,,0.3754501211936882,0.6791704622430357
286,Hyproca Dairy BV,,0.0,,,Optie B,70.0,220.25454545454545,250.0,2.0090909090909093,,0.8035503746432219,0.6425755180059702
287,Hyproca Lyempf BV,,0.0,,,Optie B,70.0,220.25454545454545,250.0,2.0090909090909093,,0.6753698132915864,0.6568572763247168
288,ICL Fertilizers Europe CV,,0.0,,,Optie B,70.0,220.25454545454545,250.0,2.0090909090909093,,0.40337598711189915,0.6039850855973479
289,IFF Nederland BV,,0.0,,,Optie B,70.0,220.25454545454545,250.0,2.0090909090909093,,0.44684707422429804,0.30253114026243727
290,IHC Krimpen Shipyard BV,Industrie,26.83,,,Optie B,80.0,200.0,200.0,2.0,,0.323265038055871,0.4214160587014446
291,IHC Sliedrecht BV,Industrie,0.07,,,Optie B,80.0,200.0,200.0,2.0,,0.3720725443841852,0.3909461087364144
292,IHC Smit BV,Industrie,0.39,,,Optie B,80.0,200.0,200.0,2.0,,0.33761213234128257,0.4136056190481439
293,Indorama Holdings Rotterdam BV,Industrie,22.65,,,Optie B,80.0,200.0,200.0,2.0,,0.19932926918104332,0.4430431924880546
294,INEOS Maastricht bv,,0.0,,,Optie B,70.0,220.25454545454545,250.0,2.0090909090909093,,0.6221311391895435,0.04399503309000486
295,INEOS Styrenics Netherlands BV,,0.0,,,Optie B,70.0,220.25454545454545,250.0,2.0090909090909093,,0.3715058113384465,0.31231397979440084
296,Interchem BV,,0.0,,,Optie B,70.0,220.25454545454545,250.0,2.0090909090909093,,0.6263911459763042,0.40183388799973596
297,Invista Nederland BV Rozenburg,Industrie,0.97,,,Optie B,80.0,200.0,200.0,2.0,,0.24005036976948874,0.4155516323063565
298,Invista Polyester BV,,0.0,,,Optie B,70.0,220.25454545454545,250.0,2.0090909090909093,,0.05139292635580551,0.2708671957220291
299,IOI-Loders Croklaan Oils BV,Industrie,1.55,,,Optie B,80.0,200.0,200.0,2.0,,0.1803342032050769,0.4460941454776252
300,JAZO Zevenaar BV,,0.0,,,Optie B,70.0,220.25454545454545,250.0,2.0090909090909093,,0.7137555173022898,0.426822017566208
301,Johnson Matthey BV,,0.0,,,Optie B,70.0,220.25454545454545,250.0,2.0090909090909093,,0.6247936434312689,0.04395215483177306
302,Kaasfabriek Eyssen BV,,0.0,,,Optie B,70.0,220.25454545454545,250.0,2.0090909090909093,,0.4372658625315749,0.6678407070871709
303,Kamp Coating Apeldoorn BV,,0.0,,,Optie B,70.0,220.25454545454545,250.0,2.0090909090909093,,0.6926760908628012,0.5229451775392407
304,Katshaar Zuivel BV,,0.0,,,Optie B,70.0,220.25454545454545,250.0,2.0090909090909093,,0.9094685969565452,0.6999400308650097
305,KBM Master Alloys BV Delfzijl,,0.0,,,Optie B,70.0,220.25454545454545,250.0,2.0090909090909093,,0.9387675543479889,0.9372151186095805
306,KBM Master Alloys BV Oss,,0.0,,,Optie B,70.0,220.25454545454545,250.0,2.0090909090909093,,0.5788730524164827,0.3753450193951508
307,Keizersberg Diervoeders Elsendorp,,0.0,,,Optie B,70.0,220.25454545454545,250.0,2.0090909090909093,,0.6371400559578982,0.30305557434388775
308,Keizersberg Diervoeders Elsendorp BV,,0.0,,,Optie B,70.0,220.25454545454545,250.0,2.0090909090909093,,0.6460176058153083,0.27524077806167296
309,Kemira Chemicals BV,Industrie,1.01,,,Optie B,80.0,200.0,200.0,2.0,,0.221983376700638,0.42735304830277115
310,Kemira Rotterdam BV,Industrie,0.01,,,Optie B,80.0,200.0,200.0,2.0,,0.24282698133585948,0.4181243278002647
311,Keppel Verolme BV,,0.0,,,Optie B,70.0,220.25454545454545,250.0,2.0090909090909093,,0.25012985011316335,0.41690394660443647
312,Kisuma Chemicals BV,,0.0,,,Optie B,70.0,220.25454545454545,250.0,2.0090909090909093,,0.9199056135841087,0.8670036199187817
313,Kleiwarenfabriek Fa?ade Beek BV,,0.0,,,Optie B,70.0,220.25454545454545,250.0,2.0090909090909093,,0.6427731542178915,0.06728122563743001
314,Kleiwarenfabriek Joosten Kessel BV,,0.0,,,Optie B,70.0,220.25454545454545,250.0,2.0090909090909093,,0.7022611061330126,0.1882638804022394
315,Klesch Aluminium Delfzijl,,0.0,,,Optie B,70.0,220.25454545454545,250.0,2.0090909090909093,,0.9397678952273799,0.9403848113911776
316,Koch HC Partnership BV,Raffinaderij,7.4,,,Optie B,80.0,200.0,200.0,2.0,,0.23016106830022307,0.42399535085046536
317,Kok Gorinchem BV,Industrie,0.0,,,Optie B,80.0,200.0,200.0,2.0,,0.43304008794220794,0.39781652503617165
318,Koninklijke Eru Kaasfabriek BV,,0.0,,,Optie B,70.0,220.25454545454545,250.0,2.0090909090909093,,0.41170582181101134,0.4832333137614789
319,Koninklijke Mosa BV Wandtegelfabriek,,0.0,,,Optie B,70.0,220.25454545454545,250.0,2.0090909090909093,,0.6217393707082611,0.03561728109702188
320,Koninklijke Zeelandia,,0.0,,,Optie B,70.0,220.25454545454545,250.0,2.0090909090909093,,0.15150308584467934,0.32702452069546545
321,Koppers Netherlands BV,,0.0,,,Optie B,70.0,220.25454545454545,250.0,2.0090909090909093,,0.3952363312871959,0.5429000592548104
322,Kriek Lakspuit- en Moffelinrichting BV,Industrie,0.03,,,Optie B,80.0,200.0,200.0,2.0,,0.34207753231240484,0.5040853405723602
323,Lamb Weston / Meyer VOF Klooster Lidlum,,0.0,,,Optie B,70.0,220.25454545454545,250.0,2.0090909090909093,,0.570257949405757,0.9075136789651664
324,Lawter BV,,0.0,,,Optie B,70.0,220.25454545454545,250.0,2.0090909090909093,,0.6226522293054241,0.044671190239044825
325,LDM BV Outokumpu Copper,,0.0,,,Optie B,70.0,220.25454545454545,250.0,2.0090909090909093,,0.47404645684226676,0.3424606936589144
326,Leo Hoogweg BV,,0.0,,,Optie B,70.0,220.25454545454545,250.0,2.0090909090909093,,0.6616769343341417,0.7277812137676748
327,Linde Gas Benelux BV,,0.0,,,Optie B,70.0,220.25454545454545,250.0,2.0090909090909093,,0.33400634088248876,0.6335249071915036
328,locatie Boeldershoek Twence,AVI,23.1,,,Optie B,70.0,220.25454545454545,250.0,2.0090909090909093,,0.8993168486405952,0.5437873093674531
329,Loders Croklaan,,0.0,,,Optie B,70.0,220.25454545454545,250.0,2.0090909090909093,,0.38724881856201976,0.6332082677460995
330,Loparex BV,,0.0,,,Optie B,70.0,220.25454545454545,250.0,2.0090909090909093,,0.681075179523855,0.5254222215340164
331,Lovink Technocast BV,,0.0,,,Optie B,70.0,220.25454545454545,250.0,2.0090909090909093,,0.794992325294819,0.4269638456511286
332,LPF Flexible Packaging BV,,0.0,,,Optie B,70.0,220.25454545454545,250.0,2.0090909090909093,,0.7596304653872179,0.9015140211402703
333,Lubrizol Advanced Materials Resins BV,,0.0,,,Optie B,70.0,220.25454545454545,250.0,2.0090909090909093,,0.9308066666652299,0.94280248548994
334,Lyondell Bayer Maasvlakte Manufacturing VOF,Industrie,1.66,,,Optie B,80.0,200.0,200.0,2.0,,0.17881657578729343,0.44590943913447284
335,Lyondell Chemie Nederland BV,Industrie,18.76,,,Optie B,80.0,200.0,200.0,2.0,,0.2392896542718529,0.4135066692214552
336,Maasstroom Energie CV,Industrie,10.72,,,Optie B,80.0,200.0,200.0,2.0,,0.26533274933341516,0.41603648645713154
337,Main BV,,0.0,,,Optie B,70.0,220.25454545454545,250.0,2.0090909090909093,,0.399039908775375,0.6068876138468853
338,Mars Food Europe CV,Industrie,0.74,,,Optie B,80.0,200.0,200.0,2.0,,0.28793741034566356,0.3934858209547596
339,Mars Nederland BV,,0.0,,,Optie B,70.0,220.25454545454545,250.0,2.0090909090909093,,0.5708855396913066,0.3127757456522818
340,Martens Havenontvangstinstallatie Vlissingen BV,,0.0,,,Optie B,70.0,220.25454545454545,250.0,2.0090909090909093,,0.09316381433098836,0.2547086890237521
341,Maxima-centrale,STEG,478.5,,,Optie B,70.0,220.25454545454545,250.0,2.0090909090909093,,0.5732209362690486,0.6666500108393493
342,Mayr-Melnhof Eerbeek BV,,0.0,,,Optie B,70.0,220.25454545454545,250.0,2.0090909090909093,,0.712568801125978,0.4936230455638003
343,Meerssen Papier BV,,0.0,,,Optie B,70.0,220.25454545454545,250.0,2.0090909090909093,,0.6294225972343829,0.045545247041462344
344,Meneba Meel BV,Industrie,0.36,,,Optie B,80.0,200.0,200.0,2.0,,0.2990058208362647,0.41739869573788035
345,MGG Netherlands BV,,0.0,,,Optie B,70.0,220.25454545454545,250.0,2.0090909090909093,,0.7352381229555254,0.21257255449211523
346,Momentive Speciality Chemicals Botlek,Industrie,0.68,,,Optie B,80.0,200.0,200.0,2.0,,0.24252269513680513,0.41137924794764646
347,Momentive Specialty Chemicals  1,Industrie,0.0,,,Optie B,70.0,220.25454545454545,250.0,2.0090909090909093,,0.2638037111831672,0.41099334362356027
348,Momentive Specialty Chemicals 2,Industrie,5.85,,,Optie B,80.0,200.0,200.0,2.0,,0.26265883435922527,0.416132137956264
349,Monier BV Tegelen,,0.0,,,Optie B,70.0,220.25454545454545,250.0,2.0090909090909093,,0.7359988384531612,0.21251318459610197
350,Monier BV Woerden,,0.0,,,Optie B,70.0,220.25454545454545,250.0,2.0090909090909093,,0.40170241301710036,0.4864986580422085
351,Nannoka Vulcanus Industries BV,,0.0,,,Optie B,70.0,220.25454545454545,250.0,2.0090909090909093,,0.7634226321429325,0.45021705492299086
352,NedCoat Alblasserdam BV,Industrie,0.21,,,Optie B,80.0,200.0,200.0,2.0,,0.3480719704337751,0.4035457200014518
353,NedCoat Groningen BV,,0.0,,,Optie B,70.0,220.25454545454545,250.0,2.0090909090909093,,0.847025265333109,0.8962366970502023
354,NedCoat Mook BV,,0.0,,,Optie B,70.0,220.25454545454545,250.0,2.0090909090909093,,0.6657087264716115,0.3679237823934926
355,Nederlandse Onttinningsfabriek BV,,0.0,,,Optie B,70.0,220.25454545454545,250.0,2.0090909090909093,,0.6333402820472074,0.8916981983327438
356,Nedmag Industries Mining en Manufacturing BV,,0.0,,,Optie B,70.0,220.25454545454545,250.0,2.0090909090909093,,0.9207576149414608,0.8672410995028348
357,Nedschroef Helmond BV,,0.0,,,Optie B,70.0,220.25454545454545,250.0,2.0090909090909093,,0.606064827879475,0.2650159626371662
358,Nedstaal BV Ruigenhil Vastgoed BV,Industrie,3.18,,,Optie B,80.0,200.0,200.0,2.0,,0.3454094661920497,0.40222638897893476
359,Nedzink BV,,0.0,,,Optie B,70.0,220.25454545454545,250.0,2.0090909090909093,,0.5928321817980999,0.17507057017706934
360,Neste Oil Netherlands BV,Raffinaderij,3.68,,,Optie B,80.0,200.0,200.0,2.0,,0.18494794269823814,0.44550044651749254
361,Nestle Nederland BV Nunspeet,,0.0,,,Optie B,70.0,220.25454545454545,250.0,2.0090909090909093,,0.640871365473802,0.5961020827378087
362,Netherlands Car BV NedCar,,0.0,,,Optie B,70.0,220.25454545454545,250.0,2.0090909090909093,,0.6550206737298282,0.10372774513446228
363,Nijmeegsche IJzergieterij BV,,0.0,,,Optie B,70.0,220.25454545454545,250.0,2.0090909090909093,,0.6471358575968329,0.39842671563408577
364,Noblesse Proteins BV,,0.0,,,Optie B,70.0,220.25454545454545,250.0,2.0090909090909093,,0.823367013356635,0.7458461537934888
365,Norit Nederland BV Zaandam,,0.0,,,Optie B,70.0,220.25454545454545,250.0,2.0090909090909093,,0.39071007407626274,0.6103508577809924
366,Norske Skog Parenco BV,,0.0,,,Optie B,70.0,220.25454545454545,250.0,2.0090909090909093,,0.6255429481964402,0.44395023256603505
367,NU3 BV,Industrie,0.06,,,Optie B,80.0,200.0,200.0,2.0,,0.2584520776572992,0.4194040788921062
368,Nuon HWC Almere,STEG,0.0,,,Optie B,70.0,220.25454545454545,250.0,2.0090909090909093,,0.49166082419002416,0.5972070224691667
369,Nuon HWC Schuytgraaf,STEG,0.0,,,Optie B,70.0,220.25454545454545,250.0,2.0090909090909093,,0.6550701202371745,0.43489962175156843
370,Nuon HWC Westervoort,STEG,0.0,,,Optie B,70.0,220.25454545454545,250.0,2.0090909090909093,,0.6921283757045035,0.43950738534770906
371,Nuon IJmond 1,STEG,103.95,,,Optie B,70.0,220.25454545454545,250.0,2.0090909090909093,,0.3343562700114012,0.6300055916889394
372,Nuon Kanaalweg,STEG,0.0,,,Optie B,70.0,220.25454545454545,250.0,2.0090909090909093,,0.4634496899601998,0.48383360937672415
373,Nuon Nieuwegein,STEG,0.0,,,Optie B,70.0,220.25454545454545,250.0,2.0090909090909093,,0.4572650729644206,0.4643932667599361
374,Nuon Power Generation BV Diemen,STEG,462.33,,,Optie B,70.0,220.25454545454545,250.0,2.0090909090909093,,0.4414688156560128,0.5793465787518427
375,Nuon Power Generation BV Eemshaven,STEG,437.58,,,Optie B,70.0,220.25454545454545,250.0,2.0090909090909093,,0.9083199165551151,0.9894540304461413
376,Nuon Power Generation BV Hemweg,Kolen,774.18,,,Optie C,70.0,220.25454545454545,250.0,2.0090909090909093,,0.3965523690981059,0.6039784889422353
377,Nuon Power Generation BV Velsen,Gasturbine,706.53,,,Optie B,70.0,220.25454545454545,250.0,2.0090909090909093,,0.3412103166451,0.6291612198345286
378,Nuplex Resins BV,,0.0,,,Optie B,70.0,220.25454545454545,250.0,2.0090909090909093,,0.2406171028152274,0.27548815262839493
379,Nutricia Cuijk BV,,0.0,,,Optie B,70.0,220.25454545454545,250.0,2.0090909090909093,,0.6679528371896372,0.35374097390143483
380,NV Afvalzorg Almere,,0.0,,,Optie B,70.0,220.25454545454545,250.0,2.0090909090909093,,0.5100282998804411,0.5782086557449219
381,NV Nutricia Zoetermeer,Industrie,1.27,,,Optie B,80.0,200.0,200.0,2.0,,0.30357011382207966,0.47347026419485305
382,NV Organon Diosite,,0.0,,,Optie B,70.0,220.25454545454545,250.0,2.0090909090909093,,0.5804857692714707,0.3749327284506142
383,Nyrstar Budel BV,,0.0,,,Optie B,70.0,220.25454545454545,250.0,2.0090909090909093,,0.5930223606725089,0.17530145310600984
384,Oceanco BV,Industrie,0.05,,,Optie B,80.0,200.0,200.0,2.0,,0.3447932866389647,0.4042482637709421
385,Odfjell Terminals Rotterdam BV,Industrie,1.76,,,Optie B,80.0,200.0,200.0,2.0,,0.25680512860491767,0.41267219234971314
386,O-I Manufacturing Netherlands BV Leerdam,,0.0,,,Optie B,70.0,220.25454545454545,250.0,2.0090909090909093,,0.4574476446838532,0.4139057668557666
387,O-I Manufacturing Netherlands BV Maastricht,,0.0,,,Optie B,70.0,220.25454545454545,250.0,2.0090909090909093,,0.6212525127897742,0.03625715664294262
388,O-I Manufacturing Netherlands BV Schiedam,Industrie,6.04,,,Optie B,80.0,200.0,200.0,2.0,,0.2796075756465513,0.42449009998390924
389,Ondergrondse aardgasopslag Zuidwending,,0.0,,,Optie B,70.0,220.25454545454545,250.0,2.0090909090909093,,0.9303083980142786,0.855990504208321
390,Oostpolder,Gasmotor,5.0,,,Optie B,80.0,220.25454545454545,250.0,2.0090909090909093,,0.36079493713173416,0.39571219205525704
391,Ovako Twente BV,,0.0,,,Optie B,70.0,220.25454545454545,250.0,2.0090909090909093,,0.8541950088983266,0.5924277458400988
392,Oxea Nederland BV,,0.0,,,Optie B,70.0,220.25454545454545,250.0,2.0090909090909093,,0.3854231013676938,0.6044138681796658
393,Papierfabriek Doetinchem BV,,0.0,,,Optie B,70.0,220.25454545454545,250.0,2.0090909090909093,,0.7731217547377891,0.4414764868988157
394,Peka Kroef BV,,0.0,,,Optie B,70.0,220.25454545454545,250.0,2.0090909090909093,,0.6249457865307961,0.32556665991558414
395,PFW Aroma Chemicals,,0.0,,,Optie B,70.0,220.25454545454545,250.0,2.0090909090909093,,0.5862101533911801,0.515923038171894
396,Phoenix 3D,Industrie,21.0,0.5,0.5,Optie B,80.0,220.25454545454545,250.0,2.0090909090909093,,0.548870433189726,0.245799906294206
397,Phoenix BV,,0.0,,,Optie B,70.0,220.25454545454545,250.0,2.0090909090909093,,0.6367635017865685,0.8023794881083425
398,Plaatijzerindustrie Apeldoorn,,0.0,,,Optie B,70.0,220.25454545454545,250.0,2.0090909090909093,,0.6902988549326893,0.5260324121319305
399,Pluimveeslachterij GP Remkes BV,,0.0,,,Optie B,70.0,220.25454545454545,250.0,2.0090909090909093,,0.693520485065177,0.5816751980065853
400,Pluimveeslachterij Van den Bor BV,,0.0,,,Optie B,70.0,220.25454545454545,250.0,2.0090909090909093,,0.5566981956603986,0.5298056988563292
401,Pluimveeverwerkingsbedrijf Jan van Ee BV,,0.0,,,Optie B,70.0,220.25454545454545,250.0,2.0090909090909093,,0.6167034341139119,0.5198711362567762
402,Polskamp BV,,0.0,,,Optie B,70.0,220.25454545454545,250.0,2.0090909090909093,,0.5936879867329402,0.5620699390119825
403,PPG Coatings,Industrie,0.0,,,Optie B,70.0,220.25454545454545,250.0,2.0090909090909093,,0.5430053167029538,0.4119564552699977
404,PPG Industries Chemicals BV,Industrie,0.0,,,Optie B,70.0,220.25454545454545,250.0,2.0090909090909093,,0.9417723805636503,0.9368786891988387
405,PPG Industries Fiber Glass BV,Industrie,0.0,,,Optie B,70.0,220.25454545454545,250.0,2.0090909090909093,,0.8651683299517233,0.8889935697365839
406,PQ Silicas BV Eijsden,,0.0,,,Optie B,70.0,220.25454545454545,250.0,2.0090909090909093,,0.6238009097068542,0.0035740288876401054
407,PQ Silicas BV Maastricht,,0.0,,,Optie B,70.0,220.25454545454545,250.0,2.0090909090909093,,0.6212829414096797,0.04462171532570044
408,PQ Silicas BV Winschoten,,0.0,,,Optie B,70.0,220.25454545454545,250.0,2.0090909090909093,,0.958926515035338,0.8770206407072421
409,Promelca BV Gorinchem,Industrie,3.22,,,Optie B,80.0,200.0,200.0,2.0,,0.42281226807649436,0.392001573554428
410,Prysmian Cables and Systems NV,Industrie,0.24,,,Optie B,80.0,200.0,200.0,2.0,,0.2691477375540588,0.4548347135018004
411,PURAC Biochem BV,Industrie,2.25,,,Optie B,80.0,200.0,200.0,2.0,,0.4316746036239516,0.39760873040012523
412,Quaker Chemical BV,Industrie,0.0,,,Optie B,70.0,220.25454545454545,250.0,2.0090909090909093,,0.3921934692966526,0.5425702264991812
413,Rademakers Gieterij BV,,0.0,,,Optie B,70.0,220.25454545454545,250.0,2.0090909090909093,,0.9423809529617589,0.7226589110727525
414,Recticel  BV Kesteren,,0.0,,,Optie B,70.0,220.25454545454545,250.0,2.0090909090909093,,0.5888384254355119,0.43009725682960653
415,Recycling Kombinatie Bouw- en Sloopafval Rotterdam 1,AVI,0.0,,,Optie B,70.0,220.25454545454545,250.0,2.0090909090909093,,0.26026638411916064,0.4156637754432705
416,Recycling Kombinatie Bouw- en Sloopafval Rotterdam 2,AVI,1.76,,,Optie B,80.0,500.0,500.0,2.0,,0.2582695059378666,0.4168049967777477
417,Refresco Benelux BV,Industrie,0.45,,,Optie B,80.0,200.0,200.0,2.0,,0.3691057539434055,0.4815511667077697
418,Remia CV,,0.0,,,Optie B,70.0,220.25454545454545,250.0,2.0090909090909093,,0.4975525657192136,0.5061896735532748
419,Rendac Son BV,,0.0,,,Optie B,70.0,220.25454545454545,250.0,2.0090909090909093,,0.5519437238001746,0.27309686515008286
420,Reststoffen Energie Centrale REC,,0.0,,,Optie B,70.0,220.25454545454545,250.0,2.0090909090909093,,0.5469990730655419,0.8916981983327438
421,Rijksinstituut voor Volksgezondheid en Milieu RIVM,,0.0,,,Optie B,70.0,220.25454545454545,250.0,2.0090909090909093,,0.48458236648452285,0.4982077208670469
422,Rijnmond Energie,STEG,9.34,,,Optie B,80.0,220.25454545454545,250.0,2.0090909090909093,,0.26524907062867525,0.4164058991434363
423,Rixona BV,,0.0,,,Optie B,70.0,220.25454545454545,250.0,2.0090909090909093,,0.8244966758706243,0.9685921086525912
424,RMD BV,,0.0,,,Optie B,70.0,220.25454545454545,250.0,2.0090909090909093,,0.9390870548569958,0.9378450991728323
425,Rockwool BV,,0.0,,,Optie B,70.0,220.25454545454545,250.0,2.0090909090909093,,0.7109903164683836,0.15112801044594198
426,Rodruza Steenfabriek de Zandberg,,0.0,,,Optie B,70.0,220.25454545454545,250.0,2.0090909090909093,,0.6891083351788893,0.40297510933421316
427,Rodruza Steenfabriek Rossum BV,,0.0,,,Optie B,70.0,220.25454545454545,250.0,2.0090909090909093,,0.5239874292620583,0.3791710793604501
428,Romi Smilfood BV Heerenveen,,0.0,,,Optie B,70.0,220.25454545454545,250.0,2.0090909090909093,,0.680885000649446,0.7970361974671486
429,Rosier Nederland BV,,0.0,,,Optie B,70.0,220.25454545454545,250.0,2.0090909090909093,,0.1145551341245076,0.1729794305063799
430,Rouveen Kaasspecialiteiten,,0.0,,,Optie B,70.0,220.25454545454545,250.0,2.0090909090909093,,0.7420655445468068,0.6831977201892688
431,Royal Taste Company,Industrie,0.0,,,Optie B,70.0,220.25454545454545,250.0,2.0090909090909093,,0.5253415028478501,0.5153557258322117
432,RWE Eemshaven Holding BV,Kolen,1332.54,,,Optie C,70.0,220.25454545454545,250.0,2.0090909090909093,,0.9090197748129402,0.9873925757234585
433,RZB Holding BV,Industrie,0.0,,,Optie B,80.0,200.0,200.0,2.0,,0.28205327597145047,0.41620140283494617
434,SABA Dinxperlo BV,,0.0,,,Optie B,70.0,220.25454545454545,250.0,2.0090909090909093,,0.8235191564561621,0.4050629506773463
435,SABIC Innovative Plastics BV,Industrie,13.0,,,Optie B,70.0,220.25454545454545,250.0,2.0090909090909093,,0.23762749090951865,0.27720658128522335
436,SACHEM Europe BV,,0.0,,,Optie B,70.0,220.25454545454545,250.0,2.0090909090909093,,0.5038284685747091,0.38072129331190757
437,Saint Gobain Construction Products,,0.0,,,Optie B,70.0,220.25454545454545,250.0,2.0090909090909093,,0.3295257266014138,0.296518289127316
438,Salzgitter Mannesmann Seamless Tubes BV,,0.0,,,Optie B,70.0,220.25454545454545,250.0,2.0090909090909093,,0.6122304269878134,0.26072813681398593
439,Sapa Aluminium BV Hoogezand,,0.0,,,Optie B,70.0,220.25454545454545,250.0,2.0090909090909093,,0.8800022821556218,0.885431375975788
440,Sapa Profiles NL BV Drunen,,0.0,,,Optie B,70.0,220.25454545454545,250.0,2.0090909090909093,,0.4743507430413211,0.3418669946987818
441,Sappi Maastricht BV,Industrie,56.25,,,Optie B,70.0,220.25454545454545,250.0,2.0090909090909093,,0.6185824013930724,0.0357821974748365
442,SCA Hygiene Products Suameer BV,,0.0,,,Optie B,70.0,220.25454545454545,250.0,2.0090909090909093,,0.6926989123277303,0.8900160512790346
443,Scania Production Zwolle BV,,0.0,,,Optie B,70.0,220.25454545454545,250.0,2.0090909090909093,,0.7113136205548788,0.6437958992017985
444,Scheepswerf De Hoop BV,,0.0,,,Optie B,70.0,220.25454545454545,250.0,2.0090909090909093,,0.7223439952705982,0.40222638897893476
445,Schur Verpakkingen BV,,0.0,,,Optie B,70.0,220.25454545454545,250.0,2.0090909090909093,,0.7915691055554578,0.8829576303085687
446,Schut Flexible Packaging,,0.0,,,Optie B,70.0,220.25454545454545,250.0,2.0090909090909093,,0.33468337767538464,0.2969437733820777
447,Seasun,,0.0,,,Optie B,70.0,220.25454545454545,250.0,2.0090909090909093,,0.15650479024163486,0.25988706328713135
448,Shell Nederland Chemie BV Moerdijk,Industrie,535.25,,,Optie B,70.0,220.25454545454545,250.0,2.0090909090909093,,0.3193397460880702,0.3413095773417683
449,Shell Nederland Chemie BV Pernis,Industrie,6.03,,,Optie B,80.0,200.0,200.0,2.0,,0.2686722903680364,0.41383320364952814
450,Shell Nederland Raffinaderij BV,Raffinaderij,354.63,,,Optie B,80.0,200.0,200.0,2.0,,0.2608711529397811,0.41253036426479256
451,Simadan vh Greenmills,,0.0,,,Optie B,70.0,220.25454545454545,250.0,2.0090909090909093,,0.38705863968761084,0.6011485238989362
452,Sime Darby Unimills BV,Industrie,5.28,,,Optie B,80.0,200.0,200.0,2.0,,0.34046481545741686,0.3850750856862137
453,Simrax BV,,0.0,,,Optie B,70.0,220.25454545454545,250.0,2.0090909090909093,,0.711549442359146,0.047283465663628496
454,Sita Recycling Services Rotterdam,AVI,0.0,,,Optie B,80.0,500.0,500.0,2.0,,0.285058102187112,0.4144664825403363
455,Sita ReEnergy Roosendaal BV,,0.0,,,Optie B,70.0,220.25454545454545,250.0,2.0090909090909093,,0.2874049094973185,0.2901822018916781
456,Slachthuis Kerkrade BV,,0.0,,,Optie B,70.0,220.25454545454545,250.0,2.0090909090909093,,0.7145428578423428,0.03847363276077119
457,Slibontwateringsinstallatie / RWZI Heerenveen,,0.0,,,Optie B,70.0,220.25454545454545,250.0,2.0090909090909093,,0.6659369411209022,0.8109782280475971
458,Slibverwerking Noord-Brabant NV,,0.0,,,Optie B,70.0,220.25454545454545,250.0,2.0090909090909093,,0.32409421794829407,0.3419131712845699
459,Sloe Centrale BV Vlissingen,STEG,495.0,,,Optie B,70.0,220.25454545454545,250.0,2.0090909090909093,,0.08852344979540985,0.2570406066060509
460,Smit en Zoon,,0.0,,,Optie B,70.0,220.25454545454545,250.0,2.0090909090909093,,0.44964650725559785,0.5693691378940579
461,Smit en Zoon BV,,0.0,,,Optie B,70.0,220.25454545454545,250.0,2.0090909090909093,,0.5276008278758284,0.5183901871840008
462,Smurfit Kappa,Industrie,1.4,0.31,0.96,Optie B,80.0,220.25454545454545,250.0,2.0090909090909093,,0.553267368766061,0.25318486169274496
463,Smurfit Kappa Roermond Papier BV,Industrie,15.5,,,Optie B,70.0,220.25454545454545,250.0,2.0090909090909093,,0.6999028880903415,0.16408713941461528
464,Smurfit Kappa Solid Board Coevorden,Industrie,0.0,,,Optie B,70.0,220.25454545454545,250.0,2.0090909090909093,,0.8839960385182098,0.6989109526674464
465,Smurfit Kappa Solid Board Hoogkerk,Industrie,0.0,,,Optie B,70.0,220.25454545454545,250.0,2.0090909090909093,,0.8210468310888458,0.9020879301350652
466,Smurfit Kappa Solid Board KM4 Oude Pekela,Industrie,0.0,,,Optie B,70.0,220.25454545454545,250.0,2.0090909090909093,,0.944081152098975,0.8598561441042959
467,Smurfit Kappa Solid Board Nieuweschans,Industrie,0.0,,,Optie B,70.0,220.25454545454545,250.0,2.0090909090909093,,0.9980272916138191,0.8937101781420822
468,Solidpack BV,,0.0,,,Optie B,70.0,220.25454545454545,250.0,2.0090909090909093,,0.7071296853178818,0.5034850449571149
469,Solvay Chemie BV,,0.0,,,Optie B,70.0,220.25454545454545,250.0,2.0090909090909093,,0.68806235136964,0.14951182994335865
470,Sonac Burgum BV,,0.0,,,Optie B,70.0,220.25454545454545,250.0,2.0090909090909093,,0.690059229550934,0.8887791784454249
471,Sonac BV Harlingen,,0.0,,,Optie B,70.0,220.25454545454545,250.0,2.0090909090909093,,0.5487030757802461,0.8878457517469941
472,Sonac Loenen BV,,0.0,,,Optie B,70.0,220.25454545454545,250.0,2.0090909090909093,,0.706559148694655,0.5024955466902272
473,Sonac Vuren BV,,0.0,,,Optie B,70.0,220.25454545454545,250.0,2.0090909090909093,,0.4586419680151414,0.3934858209547596
474,Sonneborn Refined Products BV Amsterdam,,0.0,,,Optie B,70.0,220.25454545454545,250.0,2.0090909090909093,,0.3912691999670251,0.5997665246528497
475,Staalstraal Brabant BV,,0.0,,,Optie B,70.0,220.25454545454545,250.0,2.0090909090909093,,0.3968338338322311,0.33282957719454026
476,Stadsverwarming Purmerend,STEG,44.0,,,Optie B,80.0,220.25454545454545,250.0,2.0090909090909093,,0.43270917670073633,0.6459760937165078
477,Standic BV,Industrie,0.32,,,Optie B,80.0,200.0,200.0,2.0,,0.33856302671332733,0.37781876506237017
478,Steenfabriek De Nijverheid BV,,0.0,,,Optie B,70.0,220.25454545454545,250.0,2.0090909090909093,,0.7769253322259683,0.41903466620580143
479,Steenfabriek De Rijswaard BV,,0.0,,,Optie B,70.0,220.25454545454545,250.0,2.0090909090909093,,0.4722587754228226,0.37006769530508277
480,Steenfabriek De Vlijt BV,,0.0,,,Optie B,70.0,220.25454545454545,250.0,2.0090909090909093,,0.8771115632646057,0.44345548343259117
481,Steenfabriek Engels Oeffelt BV,,0.0,,,Optie B,70.0,220.25454545454545,250.0,2.0090909090909093,,0.6746090977939505,0.340877496431894
482,Steenfabriek Gebroeders Klinkers BV,,0.0,,,Optie B,70.0,220.25454545454545,250.0,2.0090909090909093,,0.6134856075589125,0.043335367578746356
483,Steenfabriek Huissenswaard,,0.0,,,Optie B,70.0,220.25454545454545,250.0,2.0090909090909093,,0.6926760908628012,0.4231707689613922
484,Steenfabriek Linssen BV,,0.0,,,Optie B,70.0,220.25454545454545,250.0,2.0090909090909093,,0.7056843258723737,0.0348586657590746
485,Steenfabriek Nievelsteen BV,,0.0,,,Optie B,70.0,220.25454545454545,250.0,2.0090909090909093,,0.7198716699032818,0.04930534045563581
486,Steenfabriek Spijk BV,,0.0,,,Optie B,70.0,220.25454545454545,250.0,2.0090909090909093,,0.7380831989166833,0.39976253829438424
487,Steenfabriek VOGELENSANGH,,0.0,,,Optie B,70.0,220.25454545454545,250.0,2.0090909090909093,,0.6117359619143501,0.4145951173150317
488,Steenindustrie Strating BV,,0.0,,,Optie B,70.0,220.25454545454545,250.0,2.0090909090909093,,0.9442827417058485,0.8592096719032626
489,Stichting Mestverwerking Gelderland SMG KGBI Ede,,0.0,,,Optie B,70.0,220.25454545454545,250.0,2.0090909090909093,,0.5933342540265396,0.47027418479280564
490,Stichting Mestverwerking Gelderland SMG KGBI Elspeet,,0.0,,,Optie B,70.0,220.25454545454545,250.0,2.0090909090909093,,0.6347894450702036,0.5545728404765297
491,Stichting Mestverwerking Gelderland SMG KGBI Putten,,0.0,,,Optie B,70.0,220.25454545454545,250.0,2.0090909090909093,,0.5763322626543791,0.5532732994193504
492,Stichting Mestverwerking Gelderland SMG KGBI Stroe,,0.0,,,Optie B,70.0,220.25454545454545,250.0,2.0090909090909093,,0.6181335792494673,0.5190201677472527
493,Stichting Vergunning Moleneind,,0.0,,,Optie B,70.0,220.25454545454545,250.0,2.0090909090909093,,0.5740615268939361,0.36810519040908873
494,Stork Fokker AESP BV,Industrie,0.46,,,Optie B,80.0,200.0,200.0,2.0,,0.3508866177750276,0.3913913829565139
495,Stork Prints,,0.0,,,Optie B,70.0,220.25454545454545,250.0,2.0090909090909093,,0.6825966105191267,0.3229016112500998
496,Stork Veco,,0.0,,,Optie B,70.0,220.25454545454545,250.0,2.0090909090909093,,0.7082707585643355,0.48963206922068636
497,Storteboom Kornhorn BV,,0.0,,,Optie B,70.0,220.25454545454545,250.0,2.0090909090909093,,0.7550966010213084,0.8900358412443724
498,Straalbedrijf AJ den Breejen en Zonen BV,Industrie,0.03,,,Optie B,80.0,200.0,200.0,2.0,,0.3699577553007576,0.38696172904841303
499,Struik Foods Netherlands,,0.0,,,Optie B,70.0,220.25454545454545,250.0,2.0090909090909093,,0.594467720118017,0.5278926688736796
500,SU Specialiteitenfabriek Puttershoek,Industrie,0.05,,,Optie B,80.0,200.0,200.0,2.0,,0.31986844335892706,0.38627897524426047
501,Suiker Unie Dinteloord,Industrie,40.0,,,Optie B,70.0,220.25454545454545,250.0,2.0090909090909093,,0.28535858480867815,0.3161004598290246
502,Suiker Unie Vierverlaten,Industrie,22.0,,,Optie B,70.0,220.25454545454545,250.0,2.0090909090909093,,0.8178556295762636,0.9021407033759659
503,Synbra Technology BV,,0.0,,,Optie B,70.0,220.25454545454545,250.0,2.0090909090909093,,0.33866191972802,0.31843897406643606
504,T Boer en zn,Industrie,0.07,,,Optie B,80.0,200.0,200.0,2.0,,0.33520446779126517,0.43968219670819253
505,TANATEX Chemicals BV,,0.0,,,Optie B,70.0,220.25454545454545,250.0,2.0090909090909093,,0.6035963060896468,0.4653893616819364
506,Tata Steel IJmuiden BV,Industrie,151.5,,,Optie B,70.0,220.25454545454545,250.0,2.0090909090909093,,0.33089881807464644,0.6306520638899727
507,Tata Steel Nederland Tubes BV Maastricht,Industrie,0.0,,,Optie B,70.0,220.25454545454545,250.0,2.0090909090909093,,0.6238313383267596,0.04508348118358139
508,Tata Steel Nederland Tubes BV Oosterhout,Industrie,0.0,,,Optie B,70.0,220.25454545454545,250.0,2.0090909090909093,,0.4051256327564615,0.31745937078221714
509,Tata Steel Nederland Tubes BV Zwijndrecht,Industrie,0.08,,,Optie B,80.0,200.0,200.0,2.0,,0.336220022980609,0.38434615529627303
510,Tate en Lyle Netherlands BV,,0.0,,,Optie B,70.0,220.25454545454545,250.0,2.0090909090909093,,0.3876291763108377,0.6258529972955672
511,Teeuwissen Coldstore Cuijk BV,Industrie,0.0,,,Optie B,80.0,200.0,200.0,2.0,,0.6612927730078355,0.36471450968122
512,Teijin Aramid BV,,0.0,,,Optie B,70.0,220.25454545454545,250.0,2.0090909090909093,,0.9311984351465125,0.9419976935662047
513,Teijin Aramid BV Arnhem,,0.0,,,Optie B,70.0,220.25454545454545,250.0,2.0090909090909093,,0.680885000649446,0.44246598516570346
514,Teijin Aramid BV Emmen,,0.0,,,Optie B,70.0,220.25454545454545,250.0,2.0090909090909093,,0.9264135346663831,0.7427622175283554
515,Tessenderlo Chemie Rotterdam BV,Industrie,0.48,,,Optie B,80.0,200.0,200.0,2.0,,0.2584292561923701,0.41879388829419206
516,Theo Pouw Beheer BV,,0.0,,,Optie B,70.0,220.25454545454545,250.0,2.0090909090909093,,0.4542754610587118,0.4961924427301522
517,Theo Pouw Secundaire Bouwstoffen BV,,0.0,,,Optie B,70.0,220.25454545454545,250.0,2.0090909090909093,,0.9029873009166881,0.9870198647095975
518,Titan Wood,,0.0,,,Optie B,70.0,220.25454545454545,250.0,2.0090909090909093,,0.6808127326771707,0.4442470820461014
519,Trespa International BV,,0.0,,,Optie B,70.0,220.25454545454545,250.0,2.0090909090909093,,0.6065669001079147,0.1763239346484605
520,Trobas Gelatine BV,,0.0,,,Optie B,70.0,220.25454545454545,250.0,2.0090909090909093,,0.4136076105551009,0.31491965856387194
521,Tronox Pigments Holland BV,Industrie,13.49,,,Optie B,80.0,200.0,200.0,2.0,,0.24373983993302245,0.4190478595160266
522,TU Delft Warmtekrachtcentrale,STEG,1.81,,,Optie B,80.0,220.25454545454545,250.0,2.0090909090909093,,0.2704789896749215,0.456318960902132
523,Ulamo,,0.0,,,Optie B,70.0,220.25454545454545,250.0,2.0090909090909093,,0.7919494633042757,0.42079597312086164
524,UMC St Radboud en Radboud Universiteit Nijmegen,,0.0,,,Optie B,70.0,220.25454545454545,250.0,2.0090909090909093,,0.6617758273488342,0.38902318377109585
525,Umicore Nederland BV,Industrie,0.0,,,Optie B,70.0,220.25454545454545,250.0,2.0090909090909093,,0.624051945821074,0.002967136617282283
526,Unilever Nederland BV,Industrie,0.0,,,Optie B,70.0,220.25454545454545,250.0,2.0090909090909093,,0.5751455464780671,0.3685834479047511
527,Unilever Nederland Foods Factories BV,Industrie,0.49,,,Optie B,80.0,200.0,200.0,2.0,,0.3050915448173513,0.4243251836060946
528,Unipol Holland BV,,0.0,,,Optie B,70.0,220.25454545454545,250.0,2.0090909090909093,,0.5793751246449224,0.3750745565355348
529,UZIMET BV,Industrie,0.04,,,Optie B,80.0,200.0,200.0,2.0,,0.26501324882440813,0.46896804708051376
530,Van Gansewinkel De Lier,AVI,0.0,,,Optie B,70.0,220.25454545454545,250.0,2.0090909090909093,,0.706962327908402,0.8640813017039066
531,Van Gansewinkel Drachten,AVI,0.0,,,Optie B,70.0,220.25454545454545,250.0,2.0090909090909093,,0.7082897764517765,0.8656908855513773
532,Van Gansewinkel Stadskanaal,AVI,0.0,,,Optie B,70.0,220.25454545454545,250.0,2.0090909090909093,,0.945077689400878,0.8171691888707582
533,Van Houtum Papier BV,,0.0,,,Optie B,70.0,220.25454545454545,250.0,2.0090909090909093,,0.7072704176849445,0.1739062605496981
534,Van Merksteijn International,,0.0,,,Optie B,70.0,220.25454545454545,250.0,2.0090909090909093,,0.8549367065085215,0.5914877224865555
535,Van Rooi Meat BV Helmond,,0.0,,,Optie B,70.0,220.25454545454545,250.0,2.0090909090909093,,0.6187307409151115,0.2523668764587844
536,Van Swaay Hout Schijndel,,0.0,,,Optie B,70.0,220.25454545454545,250.0,2.0090909090909093,,0.5617455429872122,0.3107010976193738
537,Van Vliet Groep Milieu Dienstverleners BV,,0.0,,,Optie B,70.0,220.25454545454545,250.0,2.0090909090909093,,0.4646326025590235,0.4723059545674818
538,Vecom Metal Treatment Technology BV,Industrie,0.06,,,Optie B,80.0,200.0,200.0,2.0,,0.2371976866533544,0.42834914322477147
539,Verwerkings industrie Vreeland,Industrie,0.0,,,Optie B,70.0,220.25454545454545,250.0,2.0090909090909093,,0.7877655280672787,0.45664879365776123
540,Verzinkerij Dieren BV,,0.0,,,Optie B,70.0,220.25454545454545,250.0,2.0090909090909093,,0.7251966783867325,0.47531732762637685
541,Verzinkerij van Aert BV,,0.0,,,Optie B,70.0,220.25454545454545,250.0,2.0090909090909093,,0.6340515510374969,0.1982710062080309
542,Verzinkerij Weert BV en Electrocoat BV Weert Groep,,0.0,,,Optie B,70.0,220.25454545454545,250.0,2.0090909090909093,,0.6236677844947679,0.1614781623175879
543,Verzinkerij West Brabant BV,,0.0,,,Optie B,70.0,220.25454545454545,250.0,2.0090909090909093,,0.31707281390511544,0.3058492577840675
544,Vetsmelterij CM Bosland BV,,0.0,,,Optie B,70.0,220.25454545454545,250.0,2.0090909090909093,,0.5023488769318074,0.6061784734222824
545,Vetveredeling Lexmond BV,,0.0,,,Optie B,70.0,220.25454545454545,250.0,2.0090909090909093,,0.43744082709603116,0.435255841127648
546,Vijfwal,Gasmotor,5.0,,,Optie B,80.0,220.25454545454545,250.0,2.0090909090909093,,0.479573054932591,0.46096630442894815
547,Vika BV,,0.0,,,Optie B,70.0,220.25454545454545,250.0,2.0090909090909093,,0.6117739976892319,0.47412992970611156
548,Vink Afvalverwerking BV,AVI,0.0,,,Optie B,70.0,220.25454545454545,250.0,2.0090909090909093,,0.5970085098801207,0.5155536254855893
549,Vion Apeldoorn,,0.0,,,Optie B,70.0,220.25454545454545,250.0,2.0090909090909093,,0.6903939443698938,0.520636348249836
550,Vitelco BV,,0.0,,,Optie B,70.0,220.25454545454545,250.0,2.0090909090909093,,0.5090431733110027,0.3461647155046309
551,Vleeswarenfabriek Persoon BV,Industrie,0.07,,,Optie B,80.0,200.0,200.0,2.0,,0.3212187133672306,0.5497407906065611
552,Vliegveld Ameland,Industrie,0.0,,,Optie B,70.0,220.25454545454545,250.0,2.0090909090909093,,0.6114697114901776,0.9875146138430413
553,Vliegveld Budel,Industrie,0.0,,,Optie B,70.0,220.25454545454545,250.0,2.0090909090909093,,0.5924518240492821,0.18107352632952173
554,Vliegveld de Kooy,Industrie,0.0,,,Optie B,70.0,220.25454545454545,250.0,2.0090909090909093,,0.3830078296627001,0.7944964852488035
555,Vliegveld Drachten,Industrie,0.0,,,Optie B,70.0,220.25454545454545,250.0,2.0090909090909093,,0.7255770361355505,0.8671256580383646
556,Vliegveld Eindhoven,Industrie,0.0,,,Optie B,70.0,220.25454545454545,250.0,2.0090909090909093,,0.5392397749896565,0.2568690935731237
557,Vliegveld Hilversum,Industrie,0.0,,,Optie B,70.0,220.25454545454545,250.0,2.0090909090909093,,0.47454092191573005,0.5240995921839432
558,Vliegveld Hoogeveen,Industrie,0.0,,,Optie B,70.0,220.25454545454545,250.0,2.0090909090909093,,0.8263718395722965,0.7252975731177865
559,Vliegveld Lelystad,Industrie,0.0,,,Optie B,70.0,220.25454545454545,250.0,2.0090909090909093,,0.5696303591202074,0.6214002550945723
560,Vliegveld Luchthaven Eelde,Industrie,0.0,,,Optie B,70.0,220.25454545454545,250.0,2.0090909090909093,,0.8415100779752493,0.868923246556544
561,Vliegveld Luchthaven Maastricht,Industrie,0.0,,,Optie B,70.0,220.25454545454545,250.0,2.0090909090909093,,0.6382278791195175,0.05562163772593597
562,Vliegveld Luchthaven Schiphol,Industrie,0.0,,,Optie B,70.0,220.25454545454545,250.0,2.0090909090909093,,0.373746118478984,0.568627014193892
563,Vliegveld Midden Zeeland,Industrie,0.0,,,Optie B,70.0,220.25454545454545,250.0,2.0090909090909093,,0.099888539330089,0.2816725167964434
564,Vliegveld Rotterdam-Airport,Industrie,1.53,,,Optie B,80.0,200.0,200.0,2.0,,0.2881656249949543,0.4383430757203378
565,Vliegveld Seppe,Industrie,0.0,,,Optie B,70.0,220.25454545454545,250.0,2.0090909090909093,,0.31520906093590767,0.29160048274088385
566,Vliegveld Teuge,Industrie,0.0,,,Optie B,70.0,220.25454545454545,250.0,2.0090909090909093,,0.710362726182834,0.5438895575216982
567,Vliegveld Texel,Industrie,0.0,,,Optie B,70.0,220.25454545454545,250.0,2.0090909090909093,,0.394665794663969,0.8654764942602183
568,Vlisco Helmond BV,,0.0,,,Optie B,70.0,220.25454545454545,250.0,2.0090909090909093,,0.6072857762531805,0.2623773005921322
569,Vloertegelfabriek Koninklijke Mosa BV,,0.0,,,Optie B,70.0,220.25454545454545,250.0,2.0090909090909093,,0.6218306565679774,0.03721037330671116
570,Vrumona,,0.0,,,Optie B,70.0,220.25454545454545,250.0,2.0090909090909093,,0.48766326424994794,0.4777580900180333
571,WA Sanders Papierfabriek Coldenhove BV,,0.0,,,Optie B,70.0,220.25454545454545,250.0,2.0090909090909093,,0.710552905057243,0.4909514002432034
572,Waalsteenfabriek De Bylandt BV,,0.0,,,Optie B,70.0,220.25454545454545,250.0,2.0090909090909093,,0.7160414673726855,0.4060491506166778
573,Waeles Nederland BV,,0.0,,,Optie B,70.0,220.25454545454545,250.0,2.0090909090909093,,0.34146895991429616,0.55333596764292
574,warmtenetten ETECK,BioWKK,0.0,,,Optie B,70.0,220.25454545454545,250.0,2.0090909090909093,,0.5302557249625774,0.5284236996102426
575,Wienerberger Dakpanfabriek Narvik Deest,,0.0,,,Optie B,70.0,220.25454545454545,250.0,2.0090909090909093,,0.6116979261394683,0.41493814338088614
576,Wienerberger Dakpanfabriek Narvik Janssen-Dings,,0.0,,,Optie B,70.0,220.25454545454545,250.0,2.0090909090909093,,0.7384407352005722,0.21392486879019515
577,Wienerberger Dakpanfabriek Narvik Tegelen,,0.0,,,Optie B,70.0,220.25454545454545,250.0,2.0090909090909093,,0.7399013089560329,0.2125428695441086
578,Wienerberger Steenfabriek Bemmel,,0.0,,,Optie B,70.0,220.25454545454545,250.0,2.0090909090909093,,0.6747117943861314,0.4100038453566725
579,Wienerberger Steenfabriek de Wolfswaard,,0.0,,,Optie B,70.0,220.25454545454545,250.0,2.0090909090909093,,0.606829346954599,0.436924794871132
580,Wienerberger Steenfabriek Erlecom,,0.0,,,Optie B,70.0,220.25454545454545,250.0,2.0090909090909093,,0.6872597965196342,0.4004914686843249
581,Wienerberger Steenfabriek Haaften,,0.0,,,Optie B,70.0,220.25454545454545,250.0,2.0090909090909093,,0.48462040225940467,0.3882084968646916
582,Wienerberger Steenfabriek Heteren,,0.0,,,Optie B,70.0,220.25454545454545,250.0,2.0090909090909093,,0.6297268834334372,0.44345548343259117
583,Wienerberger Steenfabriek Kijfwaard Oost,,0.0,,,Optie B,70.0,220.25454545454545,250.0,2.0090909090909093,,0.7119640323053574,0.40929140660451335
584,Wienerberger Steenfabriek Kijfwaard West,,0.0,,,Optie B,70.0,220.25454545454545,250.0,2.0090909090909093,,0.7078827936605413,0.4099048955299837
585,Wienerberger Steenfabriek Nuance,,0.0,,,Optie B,70.0,220.25454545454545,250.0,2.0090909090909093,,0.7046193241756836,0.3167997052709587
586,Wienerberger Steenfabriek Poriso,,0.0,,,Optie B,70.0,220.25454545454545,250.0,2.0090909090909093,,0.6979630635713702,0.06675349322842321
587,Wienerberger Steenfabriek Schipperswaard,,0.0,,,Optie B,70.0,220.25454545454545,250.0,2.0090909090909093,,0.5601214153997597,0.4151558329996014
588,Wienerberger Steenfabriek Thorn,,0.0,,,Optie B,70.0,220.25454545454545,250.0,2.0090909090909093,,0.662513721381541,0.14574843820162892
589,Wienerberger Steenfabriek Zennewijnen,,0.0,,,Optie B,70.0,220.25454545454545,250.0,2.0090909090909093,,0.5443365688238164,0.40493101757509464
590,Wilmar Edible Oils BV,Industrie,1.48,,,Optie B,80.0,200.0,200.0,2.0,,0.2591937752674941,0.41453244909146214
591,Winterswijksche Steen- en Kalkgroeve Ankerpoort BV,,0.0,,,Optie B,70.0,220.25454545454545,250.0,2.0090909090909093,,0.8995907062197441,0.445731329446433
592,WKC Almere,STEG,50.16,,,Optie B,70.0,220.25454545454545,250.0,2.0090909090909093,GM0321,0.49193468176917304,0.5973356572438622
593,Wuppermann Staal Nederland BV,,0.0,,,Optie B,70.0,220.25454545454545,250.0,2.0090909090909093,,0.32843790343979457,0.3433083638408816
594,Yakult Nederland BV,,0.0,,,Optie B,70.0,220.25454545454545,250.0,2.0090909090909093,,0.4990625859820207,0.6043742882489903
595,YARA Sluiskil BV,Industrie,181.0,,,Optie B,70.0,220.25454545454545,250.0,2.0090909090909093,,0.12841537049143223,0.19344225466561865
596,Zavin CV,AVI,2.12,,,Optie B,80.0,500.0,500.0,2.0,,0.36594878462821684,0.38787866410906235
597,Zeeland Aluminium Company NV Zalco,Industrie,0.0,,,Optie B,70.0,220.25454545454545,250.0,2.0090909090909093,,0.0911555254172298,0.260615993677072
598,Zeeland Refinery NV,Raffinaderij,116.25,,,Optie B,70.0,220.25454545454545,250.0,2.0090909090909093,,0.09738958892035533,0.25569159063552727
599,Zeolyst CV,,0.0,,,Optie B,70.0,220.25454545454545,250.0,2.0090909090909093,,0.9419891844804765,0.9385443446147663
600,Zwanenberg Food Group BV,,0.0,,,Optie B,70.0,220.25454545454545,250.0,2.0090909090909093,,0.8596265175514464,0.5939416781884371
601,Zwembad Amarena,Industrie,0.0,,,Optie B,70.0,220.25454545454545,250.0,2.0090909090909093,,0.5423054584451288,0.5133965192637739
602,Zwembad Bosbad,Industrie,0.0,,,Optie B,70.0,220.25454545454545,250.0,2.0090909090909093,,0.5240787151217746,0.5123047728426411
603,Zwembad Hoogland,Industrie,0.0,,,Optie B,70.0,220.25454545454545,250.0,2.0090909090909093,,0.5329296399367673,0.5225064999742539
