Year,'s-Gravenhage,'s-Hertogenbosch,Aa en Hunze,Aalsmeer,Aalten,Achtkarspelen,Alblasserdam,Albrandswaard,Alkmaar,Almelo,Almere,Alphen aan den Rijn,Alphen-Chaam,Altena,Ameland,Amersfoort,Amstelveen,Amsterdam,Apeldoorn,Appingedam,Arnhem,Assen,Asten,Baarle-Nassau,Baarn,Barendrecht,Barneveld,Beek,Beekdaelen,Beemster,Beesel,Berg en Dal,Bergeijk,Bergen (L.),Bergen (NH.),Bergen op Zoom,Berkelland,Bernheze,Best,Beuningen,Beverwijk,Bladel,Blaricum,Bloemendaal,Bodegraven-Reeuwijk,Boekel,Borger-Odoorn,Borne,Borsele,Boxmeer,Boxtel,Breda,Brielle,Bronckhorst,Brummen,Brunssum,Bunnik,Bunschoten,Buren,Capelle aan den IJssel,Castricum,Coevorden,Cranendonck,Cuijk,Culemborg,Dalfsen,Dantumadiel,De Bilt,De Fryske Marren,De Ronde Venen,De Wolden,Delft,Delfzijl,Den Helder,Deurne,Deventer,Diemen,Dinkelland,Doesburg,Doetinchem,Dongen,Dordrecht,Drechterland,Drimmelen,Dronten,Druten,Duiven,Echt-Susteren,Edam-Volendam,Ede,Eemnes,Eersel,Eijsden-Margraten,Eindhoven,Elburg,Emmen,Enkhuizen,Enschede,Epe,Ermelo,Etten-Leur,Geertruidenberg,Geldrop-Mierlo,Gemert-Bakel,Gennep,Gilze en Rijen,Goeree-Overflakkee,Goes,Goirle,Gooise Meren,Gorinchem,Gouda,Grave,Groningen,Gulpen-Wittem,Haaksbergen,Haaren,Haarlem,Haarlemmermeer,Halderberge,Hardenberg,Harderwijk,Hardinxveld-Giessendam,Harlingen,Hattem,Heemskerk,Heemstede,Heerde,Heerenveen,Heerhugowaard,Heerlen,Heeze-Leende,Heiloo,Hellendoorn,Hellevoetsluis,Helmond,Hendrik-Ido-Ambacht,Hengelo,Het Hogeland,Heumen,Heusden,Hillegom,Hilvarenbeek,Hilversum,Hoeksche Waard,Hof van Twente,Hollands Kroon,Hoogeveen,Hoorn,Horst aan de Maas,Houten,Huizen,Hulst,IJsselstein,Kaag en Braassem,Kampen,Kapelle,Katwijk,Kerkrade,Koggenland,Krimpen aan den IJssel,Krimpenerwaard,Laarbeek,Landerd,Landgraaf,Landsmeer,Langedijk,Lansingerland,Laren,Leeuwarden,Leiden,Leiderdorp,Leidschendam-Voorburg,Lelystad,Leudal,Leusden,Lingewaard,Lisse,Lochem,Loon op Zand,Lopik,Loppersum,Losser,Maasdriel,Maasgouw,Maassluis,Maastricht,Medemblik,Meerssen,Meierijstad,Meppel,Middelburg,Midden-Delfland,Midden-Drenthe,Midden-Groningen,Mill en Sint Hubert,Moerdijk,Molenlanden,Montferland,Montfoort,Mook en Middelaar,Neder-Betuwe,Nederweert,Nieuwegein,Nieuwkoop,Nijkerk,Nijmegen,Nissewaard,Noardeast-Fryslan,Noord-Beveland,Noordenveld,Noordoostpolder,Noordwijk,Nuenen Gerwen en Nederwetten,Nunspeet,Oegstgeest,Oirschot,Oisterwijk,Oldambt,Oldebroek,Oldenzaal,Olst-Wijhe,Ommen,Oost Gelre,Oosterhout,Ooststellingwerf,Oostzaan,Opmeer,Opsterland,Oss,Oude IJsselstreek,Ouder-Amstel,Oudewater,Overbetuwe,Papendrecht,Peel en Maas,Pekela,Pijnacker-Nootdorp,Purmerend,Putten,Raalte,Reimerswaal,Renkum,Renswoude,Reusel-De Mierden,Rheden,Rhenen,Ridderkerk,Rijssen-Holten,Rijswijk,Roerdalen,Roermond,Roosendaal,Rotterdam,Rozendaal,Rucphen,Schagen,Scherpenzeel,Schiedam,Schiermonnikoog,Schouwen-Duiveland,Simpelveld,Sint Anthonis,Sint-Michielsgestel,Sittard-Geleen,Sliedrecht,Sluis,Smallingerland,Soest,Someren,Son en Breugel,Stadskanaal,Staphorst,Stede Broec,Steenbergen,Steenwijkerland,Stein,Stichtse Vecht,Sudwest-Fryslan,Terneuzen,Terschelling,Texel,Teylingen,Tholen,Tiel,Tilburg,Tubbergen,Twenterand,Tynaarlo,Tytsjerksteradiel,Uden,Uitgeest,Uithoorn,Urk,Utrecht,Utrechtse Heuvelrug,Vaals,Valkenburg aan de Geul,Valkenswaard,Veendam,Veenendaal,Veere,Veldhoven,Velsen,Venlo,Venray,Vijfheerenlanden,Vlaardingen,Vlieland,Vlissingen,Voerendaal,Voorschoten,Voorst,Vught,Waadhoeke,Waalre,Waalwijk,Waddinxveen,Wageningen,Wassenaar,Waterland,Weert,Weesp,West Betuwe,West Maas en Waal,Westerkwartier,Westerveld,Westervoort,Westerwolde,Westland,Weststellingwerf,Westvoorne,Wierden,Wijchen,Wijdemeren,Wijk bij Duurstede,Winterswijk,Woensdrecht,Woerden,Wormerland,Woudenberg,Zaanstad,Zaltbommel,Zandvoort,Zeewolde,Zeist,Zevenaar,Zoetermeer,Zoeterwoude,Zuidplas,Zundert,Zutphen,Zwartewaterland,Zwijndrecht,Zwolle
2020.0,0.0,0.005927050387320301,0.0,0.0,0.0,0.0,0.0,0.0,0.0,0.0,0.0,0.0,0.0,0.0,0.0,0.01921477984425985,0.0,0.003570437060614681,0.0,0.0,0.0,0.015385724432515051,0.0,0.0,0.0,0.0,0.0,0.0,0.0,0.0,0.0,0.0,0.0,0.0,0.004610137084112012,0.0,0.0,0.0,0.0,0.0,0.0,0.0,0.0,0.0,0.0,0.0,0.0,0.0,0.0,0.0,0.0,0.0,0.0,0.0,0.0,0.0,0.0,0.0,0.0,0.005588720945001905,0.0,0.0,0.0,0.0,0.0,0.0,0.0,0.0,0.0,0.0,0.0,0.006135681796186974,0.0,0.0,0.0,0.0,0.0,0.0,0.0,0.0,0.0,0.0,0.0,0.0,0.0,0.0,0.0,0.0,0.0,0.0,0.0,0.0,0.0,0.0,0.0,0.0,0.0,0.0,0.010836482343698994,0.0,0.017569681345502474,0.0,0.0,0.0,0.0,0.0,0.0,0.0,0.0,0.0,0.0,0.0,0.0,0.009532370863156935,0.0,0.0,0.0,0.009272209900456435,0.0,0.0,0.0,0.034959770025775196,0.0,0.0,0.0,0.0,0.0,0.0,0.0,0.0,0.0,0.0,0.0,0.0,0.0,0.0,0.0,0.0,0.0,0.0,0.0,0.044166226306674695,0.0,0.0,0.0,0.0,0.0,0.0,0.0,0.0,0.0,0.0,0.0,0.0,0.0,0.0,0.0,0.0,0.0,0.0,0.0,0.0,0.0,0.0,0.0,0.0,0.0,0.0,0.0,0.0,0.0,0.0,0.0,0.0,0.0,0.0,0.0,0.0,0.0,0.0,0.0,0.0,0.0,0.0,0.0,0.0,0.0,0.0,0.0,0.0,0.0,0.0,0.0,0.0,0.0,0.0,0.0,0.0,0.0,0.0,0.0,0.0,0.0,0.0,0.0,0.0,0.0,0.0,0.0,0.0,0.0,0.0,0.0,0.0,0.0,0.0,0.0,0.0,0.0,0.0,0.0,0.0,0.0,0.0,0.0,0.0,0.0,0.0,0.0,0.0,0.0,0.0,0.0,0.0,0.0,0.0,0.0,0.0,0.0,0.0,0.0,0.0,0.0,0.0,0.0,0.0,0.019103697777701524,0.0,0.0,0.0,0.0,0.0,0.0,0.005726158855817128,0.0,0.0,0.0,0.0,0.0,0.0,0.0,0.0,0.0,0.0,0.0,0.0,0.0,0.0,0.0,0.0,0.0,0.0,0.0,0.0,0.0,0.0,0.0,0.0,0.0,0.0,0.0,0.0,0.0,0.0,0.0,0.012080720229426179,0.0,0.0,0.0,0.0,0.0,0.0,0.0,0.0,0.0,0.0,0.0,0.0,0.0,0.0,0.0,0.0,0.0,0.0,0.0,0.0,0.0,0.0031305525002115237,0.0,0.0,0.0,0.0,0.0,0.0,0.0,0.0,0.0,0.0,0.036848710477510656,0.0,0.0,0.0,0.0,0.0,0.0,0.0,0.0,0.0,0.0,0.0,0.0,0.0,0.0,0.0,0.0,0.0,0.0,0.0,0.0,0.0,0.0,0.0,0.0,0.0,0.0,0.010214299689974959,0.0,0.0,0.0,0.006911281819277411,0.0,0.0,0.0,0.001058381272844175,0.0
2021.0,0.0,0.005927068736849237,0.0,0.0,0.0,0.0,0.0,0.0,0.0,0.0,0.0,0.0,0.0,0.0,0.0,0.03034788571550893,0.0,0.006200276046434997,0.0,0.0,0.0,0.01615441812157372,0.0,0.0,0.0,0.0,0.0,0.0,0.0,0.0,0.0,0.0,0.0,0.0,0.006031027093773912,0.0,0.0,0.0,0.0,0.0,0.0,0.0,0.0,0.0,0.0,0.0,0.0,0.0,0.0,0.0,0.0,0.0,0.0,0.0,0.0,0.0,0.0,0.0,0.0,0.005588720945001905,0.0,0.0,0.0,0.0,0.0,0.0,0.0,0.0,0.0,0.0,0.0,0.01589358736669611,0.0,0.0,0.0,0.0,0.0,0.0,0.0,0.0,0.0,0.0,0.0,0.0,0.0,0.0,0.0,0.0,0.0,0.0,0.0,0.0,0.0,0.0,0.0,0.0,0.0,0.0,0.013475875547762434,0.0,0.017639169678662667,0.0,0.0,0.0,0.0,0.0,0.0,0.0,0.0,0.0,0.0,0.0,0.0,0.009533941564301053,0.0,0.0,0.0,0.009397124649863385,0.0,0.0,0.0,0.03506930058746878,0.0,0.0,0.0,0.0,0.0,0.0,0.0,0.0,0.0,0.0,0.0,0.0,0.0,0.0,0.0,0.0,0.0,0.0,0.0,0.044927356980458945,0.0,0.0,0.0,0.0,0.0,0.0,0.0,0.0,0.0,0.0,0.0,0.0,0.0,0.0,0.0,0.0,0.0,0.0,0.0,0.0,0.0,0.0,0.0,0.0,0.0,0.0,0.0,0.0,0.018797927357289867,0.0,0.0,0.0,0.0,0.0,0.0,0.0,0.0,0.0,0.0,0.0,0.0,0.0,0.0,0.0,0.0,0.0,0.0,0.0,0.0,0.0,0.0,0.0,0.0,0.0,0.0,0.0,0.0,0.0,0.0,0.0,0.0,0.0,0.0,0.0,0.0,0.01788314641187441,0.0,0.0,0.0,0.0,0.0,0.0,0.0,0.0,0.0,0.0,0.0,0.0,0.0,0.0,0.0,0.0,0.0,0.0,0.0,0.0,0.0,0.0,0.0,0.0,0.0,0.0,0.0,0.0,0.0,0.0,0.0025669908164445915,0.0,0.0,0.0,0.0,0.0,0.0,0.0,0.019103697777701524,0.0,0.0,0.0,0.0,0.0,0.0,0.005739788695747429,0.0,0.0,0.0,0.0,0.0,0.0,0.0,0.0,0.0,0.0,0.0,0.0,0.0,0.0,0.0,0.0,0.0,0.0,0.0,0.0,0.0,0.0,0.0,0.0,0.0,0.0,0.0,0.0,0.0,0.0,0.0,0.012095975301106144,0.0,0.0,0.0,0.0,0.0,0.0,0.0,0.0,0.0,0.0,0.0,0.0,0.0,0.0,0.0,0.0,0.0,0.0,0.0,0.0,0.0,0.0031305525002115237,0.0,0.0,0.0,0.0,0.0,0.0,0.0,0.0,0.0,0.0,0.03684879277243648,0.0,0.0,0.0,0.0,0.0,0.0,0.0,0.0,0.0,0.0,0.0,0.0,0.0,0.0,0.0,0.0,0.0,0.0,0.0,0.0,0.0,0.0,0.0,0.0,0.0,0.0,0.010224931279395595,0.0,0.0,0.0,0.006911281819277411,0.0,0.0,0.0,0.001058381272844175,0.0
2022.0,0.0,0.00592706877733555,0.0,0.0,0.0,0.0,0.0,0.0,0.0,0.0,0.0,0.0,0.0,0.0,0.0,0.030357354831133127,0.0,0.006205382120506025,0.0,0.0,0.0,0.016346507626729484,0.0,0.0,0.0,0.0,0.0,0.0,0.0,0.0,0.0,0.0,0.0,0.0,0.007068650719376722,0.0,0.0,0.0,0.0,0.0,0.0,0.0,0.0,0.0,0.0,0.0,0.0,0.0,0.0,0.0,0.0,0.0,0.0,0.0,0.0,0.0,0.0,0.0,0.0,0.005588720945001905,0.0,0.0,0.0,0.0,0.0,0.0,0.0,0.0,0.0,0.0,0.0,0.01629037674468464,0.0,0.0,0.0,0.0,0.0,0.0,0.0,0.0,0.0,0.0,0.0,0.0,0.0,0.0,0.0,0.0,0.0,0.0,0.0,0.0,0.0,0.0,0.0,0.0,0.0,0.0,0.015138941416466269,0.0,0.01764367905679082,0.0,0.0,0.0,0.0,0.0,0.0,0.0,0.0,0.0,0.0,0.0,0.0,0.00953397366967326,0.0,0.0,0.0,0.00941248916404044,0.0,0.0,0.0,0.03507911900080013,0.0,0.0,0.0,0.0,0.0,0.0,0.0,0.0,0.0,0.0,0.0,0.0,0.0,0.0,0.0,0.0,0.0,0.0,0.0,0.0450340479303724,0.0,0.0,0.0,0.0,0.0,0.0,0.0,0.0,0.0,0.0,0.0,0.0,0.0,0.0,0.0,0.0,0.0,0.0,0.0,0.0,0.0,0.0,0.0,0.0,0.0,0.0,0.0,0.0,0.01968767894878444,0.0,0.0,0.0,0.0,0.0,0.0,0.0,0.0,0.0,0.0,0.0,0.0,0.0,0.0,0.0,0.0,0.0,0.0,0.0,0.0,0.0,0.0,0.0,0.0,0.0,0.0,0.0,0.0,0.0,0.0,0.0,0.0,0.0,0.0,0.0,0.0,0.01788314641187441,0.0,0.0,0.0,0.0,0.0,0.0,0.0,0.0,0.0,0.0,0.0,0.0,0.0,0.0,0.0,0.0,0.0,0.0,0.0,0.0,0.0,0.0,0.0,0.0,0.0,0.0,0.0,0.0,0.0,0.0,0.0025714345730663045,0.0,0.0,0.0,0.0,0.0,0.0,0.0,0.019103697777701524,0.0,0.0,0.0,0.0,0.0,0.0,0.005741052067300614,0.0,0.0,0.0,0.0,0.0,0.0,0.0,0.0,0.0,0.0,0.0,0.0,0.0,0.0,0.0,0.0,0.0,0.0,0.0,0.0,0.0,0.0,0.0,0.0,0.0,0.0,0.0,0.0,0.0,0.0,0.0,0.012096685733618823,0.0,0.0,0.0,0.0,0.0,0.0,0.0,0.0,0.0,0.0,0.0,0.0,0.0,0.0,0.0,0.0,0.0,0.0,0.0,0.0,0.0,0.0031305525002115237,0.0,0.0,0.0,0.0,0.0,0.0,0.0,0.0,0.0,0.0,0.03684879288424415,0.0,0.0,0.0,0.0,0.0,0.0,0.0,0.0,0.0,0.0,0.0,0.0,0.0,0.0,0.0,0.0,0.0,0.0,0.0,0.0,0.0,0.0,0.0,0.0,0.0,0.0,0.010225279856095086,0.0,0.0,0.0,0.006911281819277411,0.0,0.0,0.0,0.001058381272844175,0.0
2023.0,0.0,0.005927068777403868,0.0,0.0,0.0,0.0,0.0,0.0,0.0,0.0,0.0,0.0,0.0,0.0,0.0,0.030358584409780624,0.0,0.006205930455436361,0.0,0.0,0.0,0.016394505901819515,0.0,0.0,0.0,0.0,0.0,0.0,0.0,0.0,0.0,0.0,0.0,0.0,0.007826389024579465,0.0,0.0,0.0,0.0,0.0,0.0,0.0,0.0,0.0,0.0,0.0,0.0,0.0,0.0,0.0,0.0,0.0,0.0,0.0,0.0,0.0,0.0,0.0,0.0,0.005588720945001905,0.0,0.0,0.0,0.0,0.0,0.0,0.0,0.0,0.0,0.0,0.0,0.026264440496217765,0.0,0.0,0.0,0.0,0.0,0.0,0.0,0.0,0.0,0.0,0.0,0.0,0.0,0.0,0.0,0.0,0.0,0.0,0.0,0.0,0.0,0.0,0.0,0.0,0.0,0.0,0.016186806200081193,0.0,0.017643971079746454,0.0,0.0,0.0,0.0,0.0,0.0,0.0,0.0,0.0,0.0,0.0,0.0,0.00953397366967326,0.0,0.0,0.0,0.009414378999284219,0.0,0.0,0.0,0.03507999913177776,0.0,0.0,0.0,0.0,0.0,0.0,0.0,0.0,0.0,0.0,0.0,0.0,0.0,0.0,0.0,0.0,0.0,0.0,0.0,0.04504899657838101,0.0,0.0,0.0,0.0,0.0,0.0,0.0,0.0,0.0,0.0,0.0,0.0,0.0,0.0,0.0,0.0,0.0,0.0,0.0,0.0,0.0,0.0,0.0,0.0,0.0,0.0,0.0,0.0,0.019913318317636226,0.0,0.0,0.008715855300627191,0.0,0.0,0.0,0.0,0.0,0.0,0.0,0.0,0.0,0.0,0.0,0.0,0.0,0.0,0.0,0.0,0.0,0.0,0.0,0.0,0.0,0.0,0.0,0.0,0.0,0.0,0.0,0.0,0.0,0.0,0.0,0.0,0.0,0.01788314641187441,0.0,0.0,0.0,0.0,0.0,0.0,0.0,0.0,0.0,0.0,0.0,0.0,0.0,0.0,0.0,0.0,0.0,0.0,0.0,0.0,0.0,0.0,0.0,0.0,0.0,0.0,0.0,0.0,0.0,0.0,0.0025716233454448133,0.0,0.0,0.0,0.0,0.0,0.0,0.0,0.019103697777701524,0.0,0.0,0.0,0.0,0.0,0.0,0.005741168987405917,0.0,0.0,0.0,0.0,0.0,0.0,0.0,0.0,0.0,0.0,0.0,0.0,0.0,0.0,0.0,0.0,0.0,0.0,0.0,0.0,0.0,0.0,0.0,0.0,0.0,0.0,0.0,0.0,0.0,0.0,0.0,0.012096719080614667,0.0,0.0,0.0,0.0,0.0,0.0,0.0,0.0,0.0,0.0,0.0,0.0,0.0,0.0,0.0,0.0,0.0,0.0,0.0,0.0,0.0,0.0031305525002115237,0.0,0.0,0.0,0.0,0.0,0.0,0.0,0.0,0.0,0.0,0.03684879288436707,0.0,0.0,0.0,0.0,0.0,0.0,0.0,0.0,0.0,0.0,0.0,0.0,0.0,0.0,0.0,0.0,0.0,0.0,0.0,0.0,0.0,0.0,0.0,0.0,0.0,0.0,0.010225291284839212,0.0,0.0,0.0,0.006911281819277411,0.0,0.0,0.0,0.001058381272844175,0.0
2024.0,0.0,0.005927068777403868,0.0,0.0,0.0,0.0,0.0,0.0,0.0,0.0,0.0,0.0,0.0,0.0,0.0,0.03035874672132555,0.0,0.006205989347519301,0.0,0.0,0.0,0.016406494160963094,0.0,0.0,0.0,0.0,0.0,0.0,0.0,0.0,0.0,0.0,0.0,0.0,0.008379737388467402,0.0,0.0,0.0,0.0,0.0,0.0,0.0,0.0,0.0,0.0,0.0,0.0,0.0,0.0,0.0,0.0,0.0,0.0,0.0,0.0,0.0,0.0,0.0,0.0,0.005588720945001905,0.0,0.0,0.0,0.0,0.0,0.0,0.0,0.0,0.0,0.0,0.0,0.026822655630620182,0.0,0.0,0.0,0.0,0.0,0.0,0.0,0.0,0.0,0.0,0.0,0.0,0.0,0.0,0.0,0.0,0.0,0.0,0.0,0.0,0.0,0.0,0.0,0.0,0.0,0.0,0.01684703004397238,0.0,0.017643988608071124,0.0,0.0,0.0,0.0,0.0,0.0,0.0,0.0,0.0,0.0,0.0,0.0,0.00953397366967326,0.0,0.0,0.0,0.009414611449019202,0.0,0.0,0.0,0.0350800780274719,0.0,0.0,0.0,0.0,0.0,0.0,0.0,0.0,0.0,0.0,0.0,0.0,0.0,0.0,0.0,0.0,0.0,0.0,0.0,0.04505105186214649,0.0,0.0,0.0,0.0,0.0,0.0,0.0,0.0,0.0,0.0,0.0,0.0,0.0,0.0,0.0,0.0,0.0,0.0,0.0,0.0,0.0,0.0,0.0,0.0,0.0,0.0,0.0,0.0,0.019970539767527013,0.0,0.0,0.009466853769829453,0.0,0.0,0.0,0.0,0.0,0.0,0.0,0.0,0.0,0.0,0.0,0.0,0.0,0.0,0.0,0.0,0.0,0.0,0.0,0.0,0.0,0.0,0.0,0.0,0.0,0.0,0.0,0.0,0.0,0.0,0.0,0.0,0.0,0.01788314641187441,0.0,0.0,0.0,0.0,0.0,0.0,0.0,0.0,0.0,0.0,0.0,0.0,0.0,0.0,0.0,0.0,0.0,0.0,0.0,0.0,0.0,0.0,0.0,0.0,0.0,0.0,0.0,0.0,0.0,0.0,0.002571631355906791,0.0,0.0,0.0,0.0,0.0,0.0,0.0,0.019103697777701524,0.0,0.0,0.0,0.0,0.0,0.0,0.005741179475021842,0.0,0.0,0.0,0.0,0.0,0.0,0.0,0.0,0.0,0.0,0.0,0.0,0.0,0.0,0.0,0.0,0.0,0.0,0.0,0.0,0.0,0.0,0.0,0.0,0.0,0.0,0.0,0.0,0.0,0.0,0.0,0.01209672063863527,0.0,0.0,0.0,0.0,0.0,0.0,0.0,0.0,0.0,0.0,0.0,0.0,0.0,0.0,0.0,0.0,0.0,0.0,0.0,0.0,0.0,0.0031305525002115237,0.0,0.0,0.0,0.0,0.0,0.0,0.0,0.0,0.0,0.0,0.03684879288436721,0.0,0.0,0.0,0.0,0.0,0.0,0.0,0.0,0.0,0.0,0.0,0.0,0.0,0.0,0.0,0.0,0.0,0.0,0.0,0.0,0.0,0.0,0.0,0.0,0.0,0.0,0.010225291659552126,0.0,0.0,0.0,0.006911281819277411,0.0,0.0,0.0,0.001058381272844175,0.0
2025.0,0.0,0.005927068777403868,0.0,0.0,0.0,0.0,0.0,0.0,0.0,0.0,0.0,0.0,0.0,0.0,0.0,0.030358768227292932,0.0,0.007199387217987882,0.0,0.0,0.0,0.016409479569913517,0.0,0.0,0.0,0.0,0.0,0.0,0.0,0.0,0.0,0.0,0.0,0.0,0.008783827291122577,0.0,0.0,0.0,0.0,0.0,0.0,0.0,0.0,0.0,0.0,0.0,0.0,0.0,0.0,0.0,0.0,0.0,0.0,0.0,0.0,0.0,0.0,0.0,0.0,0.005588720945001905,0.0,0.0,0.0,0.0,0.0,0.0,0.0,0.0,0.0,0.0,0.0,0.026968093573737986,0.0,0.0,0.0,0.0,0.0,0.0,0.0,0.0,0.0,0.0,0.0,0.0,0.0,0.0,0.0,0.0,0.0,0.0,0.0,0.0,0.0,0.0,0.0,0.0,0.0,0.0,0.01726299609987354,0.0,0.017643988608071124,0.0,0.0,0.0,0.0,0.0,0.0,0.0,0.0,0.0,0.0,0.0,0.0,0.00953397366967326,0.0,0.0,0.0,0.009414640040336606,0.0,0.0,0.0,0.03508008509974133,0.0,0.0,0.0,0.0,0.0,0.0,0.0,0.0,0.0,0.0,0.0,0.0,0.0,0.0,0.0,0.0,0.0,0.0,0.0,0.04505120902556271,0.0,0.0,0.0,0.0,0.0,0.0,0.0,0.0,0.0,0.0,0.0,0.0,0.0,0.0,0.0,0.0,0.0,0.0,0.0,0.0,0.0,0.0,0.0,0.0,0.0,0.0,0.0,0.0,0.019985050220203564,0.0,0.0,0.01596271862797332,0.0,0.0,0.0,0.0,0.0,0.0,0.0,0.0,0.0,0.0,0.0,0.0,0.0,0.0,0.0,0.0,0.0,0.0,0.0,0.0,0.0,0.0,0.0,0.0,0.0,0.0,0.0,0.0,0.0,0.0,0.0,0.0,0.0,0.01788314641187441,0.0,0.0,0.0,0.0,0.0,0.0,0.0,0.0,0.0,0.0,0.0,0.0,0.0,0.0,0.0,0.0,0.0,0.0,0.0,0.0,0.0,0.0,0.0,0.0,0.0,0.0,0.0,0.0,0.0,0.0,0.0025716316779105554,0.0,0.0,0.0,0.0,0.0,0.0,0.0,0.019103697777701524,0.0,0.0,0.0,0.0,0.0,0.0,0.0057411798330614435,0.0,0.0,0.0,0.0,0.0,0.0,0.0,0.0,0.0,0.0,0.0,0.0,0.0,0.0,0.0,0.0,0.0,0.0,0.0,0.0,0.0,0.0,0.0,0.0,0.0,0.0,0.0,0.0,0.0,0.0,0.0,0.012096720709542328,0.0,0.0,0.0,0.0,0.0,0.0,0.0,0.0,0.0,0.0,0.0,0.0,0.0,0.0,0.0,0.0,0.0,0.0,0.0,0.0,0.0,0.0031305525002115237,0.0,0.0,0.0,0.0,0.0,0.0,0.0,0.0,0.0,0.0,0.03684879288436721,0.0,0.0,0.0,0.0,0.0,0.0,0.0,0.0,0.0,0.0,0.0,0.0,0.0,0.0,0.0,0.0,0.0,0.0,0.0,0.0,0.0,0.0,0.0,0.0,0.0,0.0,0.010225291671837795,0.0,0.0,0.0,0.006911281819277411,0.0,0.0,0.0,0.001058381272844175,0.0
2026.0,0.0,0.005927068777403868,0.0,0.0,0.0,0.0,0.0,0.0,0.0,0.0,0.0,0.0,0.0,0.0,0.0,0.03381450097090622,0.0,0.007199545601741422,0.0,0.0,0.0,0.016410207673585094,0.0,0.0,0.0,0.0,0.0,0.0,0.0,0.0,0.0,0.0,0.0,0.0,0.009078919178811807,0.0,0.0,0.0,0.0,0.0,0.0,0.0,0.0,0.0,0.0,0.0,0.0,0.0,0.0,0.0,0.0,0.0,0.0,0.0,0.0,0.0,0.0,0.0,0.0,0.005588720945001905,0.0,0.0,0.0,0.0,0.0,0.0,0.0,0.0,0.0,0.0,0.0,0.027005992484431893,0.0,0.0,0.0,0.0,0.0,0.0,0.0,0.0,0.0,0.0,0.0,0.0,0.0,0.0,0.0,0.0,0.0,0.0,0.0,0.0,0.0,0.0,0.0,0.0,0.0,0.0,0.0175250498207988,0.0,0.017643988608071124,0.0,0.0,0.0,0.0,0.0,0.0,0.0,0.0,0.0,0.0,0.0,0.0,0.00953397366967326,0.0,0.0,0.0,0.00941464355706864,0.0,0.0,0.0,0.03508008573355334,0.0,0.0,0.0,0.0,0.0,0.0,0.0,0.0,0.0,0.0,0.0,0.0,0.0,0.0,0.0,0.0,0.0,0.0,0.0,0.04505120902556271,0.0,0.0,0.0,0.0,0.0,0.0,0.0,0.0,0.0,0.0,0.0,0.0,0.0,0.0,0.0,0.0,0.0,0.0,0.0,0.0,0.0,0.0,0.0,0.0,0.0,0.0,0.0,0.0,0.019988728183366767,0.0,0.0,0.016306892746480065,0.0,0.0,0.0,0.0,0.0,0.0,0.0,0.0,0.0,0.0,0.0,0.0,0.0,0.0,0.0,0.0,0.0,0.0,0.0,0.0,0.0,0.0,0.0,0.0,0.0,0.0,0.0,0.0,0.0,0.0,0.0,0.0,0.0,0.01788314641187441,0.0,0.0,0.0,0.0,0.0,0.0,0.0,0.0,0.0,0.0,0.0,0.0,0.0,0.0,0.0,0.0,0.0,0.0,0.0,0.0,0.0,0.0,0.0,0.0,0.0,0.0,0.0,0.0,0.0,0.0,0.0025716316779105554,0.0,0.0,0.0,0.0,0.0,0.0,0.0,0.019103697777701524,0.0,0.0,0.0,0.0,0.0,0.0,0.0057411798330614435,0.0,0.0,0.0,0.0,0.0,0.0,0.0,0.0,0.0,0.0,0.0,0.0,0.0,0.0,0.0,0.0,0.0,0.0,0.0,0.0,0.0,0.0,0.0,0.0,0.0,0.0,0.0,0.0,0.0,0.0,0.0,0.01209672071294245,0.0,0.0,0.0,0.0,0.0,0.0,0.0,0.0,0.0,0.0,0.0,0.0,0.0,0.0,0.0,0.0,0.0,0.0,0.0,0.0,0.0,0.0031305525002115237,0.0,0.0,0.0,0.0,0.0,0.0,0.0,0.0,0.0,0.0,0.03684879288436721,0.0,0.0,0.0,0.0,0.0,0.0,0.0,0.0,0.0,0.0,0.0,0.0,0.0,0.0,0.0,0.0,0.0,0.0,0.0,0.0,0.0,0.0,0.0,0.0,0.0,0.0,0.010225291672240603,0.0,0.0,0.0,0.006911281819277411,0.0,0.0,0.0,0.001058381272844175,0.0
2027.0,0.0,0.005927068777403868,0.0,0.0,0.0,0.0,0.0,0.0,0.0,0.0,0.0,0.0,0.0,0.0,0.0,0.033814501349531616,0.0,0.007199565800297079,0.0,0.0,0.0,0.01641035551162505,0.0,0.0,0.0,0.0,0.0,0.0,0.0,0.0,0.0,0.0,0.0,0.0,0.009294413665065917,0.0,0.0,0.0,0.0,0.0,0.0,0.0,0.0,0.0,0.0,0.0,0.0,0.0,0.0,0.0,0.0,0.0,0.0,0.0,0.0,0.0,0.0,0.0,0.0,0.005588720945001905,0.0,0.0,0.0,0.0,0.0,0.0,0.0,0.0,0.0,0.0,0.0,0.02701586913593666,0.0,0.0,0.0,0.0,0.0,0.0,0.0,0.0,0.0,0.0,0.0,0.0,0.0,0.0,0.0,0.0,0.0,0.0,0.0,0.0,0.0,0.0,0.0,0.0,0.0,0.0,0.017690113511764107,0.0,0.017643988608071124,0.0,0.0,0.0,0.0,0.0,0.0,0.0,0.0,0.0,0.0,0.0,0.0,0.00953397366967326,0.0,0.0,0.0,0.009414643989621139,0.0,0.0,0.0,0.035080085788262015,0.0,0.0,0.0,0.0,0.0,0.0,0.0,0.0,0.0,0.0,0.0,0.0,0.0,0.0,0.0,0.0,0.0,0.0,0.0,0.04505120902556271,0.0,0.0,0.0,0.0,0.0,0.0,0.0,0.0,0.0,0.0,0.0,0.0,0.0,0.0,0.0,0.0,0.0,0.0,0.0,0.0,0.0,0.0,0.0,0.0,0.0,0.0,0.0,0.0,0.019989657067703816,0.0,0.0,0.016393819671024188,0.0,0.0,0.0,0.0,0.0,0.0,0.0,0.0,0.0,0.0,0.0,0.0,0.0,0.0,0.0,0.0,0.0,0.0,0.0,0.0,0.0,0.0,0.0,0.0,0.0,0.0,0.0,0.0,0.0,0.0,0.0,0.0,0.0,0.01788314641187441,0.0,0.0,0.0,0.0,0.0,0.0,0.0,0.0,0.0,0.0,0.0,0.0,0.0,0.0,0.0,0.0,0.0,0.0,0.0,0.0,0.0,0.0,0.0,0.0,0.0,0.0,0.0,0.0,0.0,0.0,0.0025716316779105554,0.0,0.0,0.0,0.0,0.0,0.0,0.0,0.019103697777701524,0.0,0.0,0.0,0.0,0.0,0.0,0.0057411798330614435,0.0,0.0,0.0,0.0,0.0,0.0,0.0,0.0,0.0,0.0,0.0,0.0,0.0,0.0,0.0,0.0,0.0,0.0,0.0,0.0,0.0,0.0,0.0,0.0,0.0,0.0,0.0,0.0,0.0,0.0,0.0,0.01209672071294245,0.0,0.0,0.0,0.0,0.0,0.0,0.0,0.0,0.0,0.0,0.0,0.0,0.0,0.0,0.0,0.0,0.0,0.0,0.0,0.0,0.0,0.0031305525002115237,0.0,0.0,0.0,0.0,0.0,0.0,0.0,0.0,0.0,0.0,0.03684879288436721,0.0,0.0,0.0,0.0,0.0,0.0,0.0,0.0,0.0,0.0,0.0,0.0,0.0,0.0,0.0,0.0,0.0,0.0,0.0,0.0,0.0,0.0,0.0,0.0,0.0,0.0,0.010225291672253809,0.0,0.0,0.0,0.006911281819277411,0.0,0.0,0.0,0.001058381272844175,0.0
2028.0,0.0,0.005927068777403868,0.0,0.0,0.0,0.0,0.0,0.0,0.0,0.0,0.0,0.0,0.0,0.0,0.0,0.03381450139976993,0.0,0.0071995811774388085,0.0,0.0,0.0,0.01641035551162505,0.0,0.0,0.0,0.0,0.0,0.0,0.0,0.0,0.0,0.0,0.0,0.0,0.009451780763507011,0.0,0.0,0.0,0.0,0.0,0.0,0.0,0.0,0.0,0.0,0.0,0.0,0.0,0.0,0.0,0.0,0.0,0.0,0.0,0.0,0.0,0.0,0.0,0.0,0.005588720945001905,0.0,0.0,0.0,0.0,0.0,0.0,0.0,0.0,0.0,0.0,0.0,0.027018438999658844,0.0,0.0,0.0,0.0,0.0,0.0,0.0,0.0,0.0,0.0,0.0,0.0,0.0,0.0,0.0,0.0,0.0,0.0,0.0,0.0,0.0,0.0,0.0,0.0,0.0,0.0,0.017794055737885815,0.0,0.017643988608071124,0.0,0.0,0.0,0.0,0.0,0.0,0.0,0.0,0.0,0.0,0.0,0.0,0.00953397366967326,0.0,0.0,0.0,0.00941464404114547,0.0,0.0,0.0,0.035080085788262015,0.0,0.0,0.0,0.0,0.0,0.0,0.0,0.0,0.0,0.0,0.0,0.0,0.0,0.0,0.0,0.0,0.0,0.0,0.0,0.04505120902556271,0.0,0.0,0.0,0.0,0.0,0.0,0.0,0.0,0.0,0.0,0.0,0.0,0.0,0.0,0.0,0.0,0.0,0.0,0.0,0.0,0.0,0.0,0.0,0.0,0.0,0.0,0.0,0.0,0.019989719663091612,0.0,0.0,0.01641559545149938,0.0,0.0,0.0,0.0,0.0,0.0,0.0,0.0,0.0,0.0,0.0,0.0,0.0,0.0,0.0,0.0,0.0,0.0,0.0,0.0,0.0,0.0,0.0,0.0,0.0,0.0,0.0,0.0,0.0,0.0,0.0,0.0,0.0,0.01788314641187441,0.0,0.0,0.0,0.0,0.0,0.0,0.0,0.0,0.0,0.0,0.0,0.0,0.0,0.0,0.0,0.0,0.0,0.0,0.0,0.0,0.0,0.0,0.0,0.0,0.0,0.0,0.0,0.0,0.0,0.0,0.0025716316779105554,0.0,0.0,0.0,0.0,0.0,0.0,0.0,0.019103697777701524,0.0,0.0,0.0,0.0,0.0,0.0,0.0057411798330614435,0.0,0.0,0.0,0.0,0.0,0.0,0.0,0.0,0.0,0.0,0.0,0.0,0.0,0.0,0.0,0.0,0.0,0.0,0.0,0.0,0.0,0.0,0.0,0.0,0.0,0.0,0.0,0.0,0.0,0.0,0.0,0.01209672071294245,0.0,0.0,0.0,0.0,0.0,0.0,0.0,0.0,0.0,0.0,0.0,0.0,0.0,0.0,0.0,0.0,0.0,0.0,0.0,0.0,0.0,0.0031305525002115237,0.0,0.0,0.0,0.0,0.0,0.0,0.0,0.0,0.0,0.0,0.03684879288436721,0.0,0.0,0.0,0.0,0.0,0.0,0.0,0.0,0.0,0.0,0.0,0.0,0.0,0.0,0.0,0.0,0.0,0.0,0.0,0.0,0.0,0.0,0.0,0.0,0.0,0.0,0.010225291672254243,0.0,0.0,0.0,0.006911281819277411,0.0,0.0,0.0,0.001058381272844175,0.0
2029.0,0.0,0.005927068777403868,0.0,0.0,0.0,0.0,0.0,0.0,0.0,0.0,0.0,0.0,0.0,0.0,0.0,0.03381450140643586,0.0,0.007199593928648343,0.0,0.0,0.0,0.01641035551162505,0.0,0.0,0.0,0.0,0.0,0.0,0.0,0.0,0.0,0.0,0.0,0.0,0.009566699039106775,0.0,0.0,0.0,0.0,0.0,0.0,0.0,0.0,0.0,0.0,0.0,0.0,0.0,0.0,0.0,0.0,0.0,0.0,0.0,0.0,0.0,0.0,0.0,0.0,0.005588720945001905,0.0,0.0,0.0,0.0,0.0,0.0,0.0,0.0,0.0,0.0,0.0,0.02701909123083367,0.0,0.0,0.0,0.0,0.0,0.0,0.0,0.0,0.0,0.0,0.0,0.0,0.0,0.0,0.0,0.0,0.0,0.0,0.0,0.0,0.0,0.0,0.0,0.0,0.0,0.0,0.017859478036474846,0.0,0.017643988608071124,0.0,0.0,0.0,0.0,0.0,0.0,0.0,0.0,0.0,0.0,0.0,0.0,0.00953397366967326,0.0,0.0,0.0,0.00941464404114547,0.0,0.0,0.0,0.035080085788262015,0.0,0.0,0.0,0.0,0.0,0.0,0.0,0.0,0.0,0.0,0.0,0.0,0.0,0.0,0.0,0.0,0.0,0.0,0.0,0.04505120902556271,0.0,0.0,0.0,0.0,0.0,0.0,0.0,0.0,0.0,0.0,0.0,0.0,0.0,0.0,0.0,0.0,0.0,0.0,0.0,0.0,0.0,0.0,0.0,0.0,0.0,0.0,0.0,0.0,0.019989719663091612,0.0,0.0,0.016419314035682545,0.0,0.0,0.0,0.0,0.0,0.0,0.0,0.0,0.0,0.0,0.0,0.0,0.0,0.0,0.0,0.0,0.0,0.0,0.0,0.0,0.0,0.0,0.0,0.0,0.0,0.0,0.0,0.0,0.0,0.0,0.0,0.0,0.0,0.01788314641187441,0.0,0.0,0.0,0.0,0.0,0.0,0.0,0.0,0.0,0.0,0.0,0.0,0.0,0.0,0.0,0.0,0.0,0.0,0.0,0.0,0.0,0.0,0.0,0.0,0.0,0.0,0.0,0.0,0.0,0.0,0.0025716316779105554,0.0,0.0,0.0,0.0,0.0,0.0,0.0,0.019103697777701524,0.0,0.0,0.0,0.0,0.0,0.0,0.0057411798330614435,0.0,0.0,0.0,0.0,0.0,0.0,0.0,0.0,0.0,0.0,0.0,0.0,0.0,0.0,0.0,0.0,0.0,0.0,0.0,0.0,0.0,0.0,0.0,0.0,0.0,0.0,0.0,0.0,0.0,0.0,0.0,0.01209672071294245,0.0,0.0,0.0,0.0,0.0,0.0,0.0,0.0,0.0,0.0,0.0,0.0,0.0,0.0,0.0,0.0,0.0,0.0,0.0,0.0,0.0,0.0031305525002115237,0.0,0.0,0.0,0.0,0.0,0.0,0.0,0.0,0.0,0.0,0.03684879288436721,0.0,0.0,0.0,0.0,0.0,0.0,0.0,0.0,0.0,0.0,0.0,0.0,0.0,0.0,0.0,0.0,0.0,0.0,0.0,0.0,0.0,0.0,0.0,0.0,0.0,0.0,0.010225291672254258,0.0,0.0,0.0,0.006911281819277411,0.0,0.0,0.0,0.001058381272844175,0.0
2030.0,0.0,0.005927068777403868,0.0,0.0,0.0,0.0,0.0,0.0,0.0,0.0,0.0,0.0,0.0,0.0,0.0,0.03381450140732033,0.0,0.007199604543116062,0.0,0.0,0.0,0.01641035551162505,0.0,0.0,0.0,0.0,0.0,0.0,0.0,0.0,0.0,0.0,0.0,0.0,0.00965061780880957,0.0,0.0,0.0,0.0,0.0,0.0,0.0,0.0,0.0,0.0,0.0,0.0,0.0,0.0,0.0,0.0,0.0,0.0,0.0,0.0,0.0,0.0,0.0,0.0,0.005588720945001905,0.0,0.0,0.0,0.0,0.0,0.0,0.0,0.0,0.0,0.0,0.0,0.02701924909863865,0.0,0.0,0.0,0.0,0.0,0.0,0.0,0.0,0.0,0.0,0.0,0.0,0.0,0.0,0.0,0.0,0.0,0.0,0.0,0.0,0.0,0.0,0.0,0.0,0.0,0.0,0.017900622148449806,0.0,0.017643988608071124,0.0,0.0,0.0,0.0,0.0,0.0,0.0,0.0,0.0,0.0,0.0,0.0,0.00953397366967326,0.0,0.0,0.0,0.00941464404114547,0.0,0.0,0.0,0.035080085788262015,0.0,0.0,0.0,0.0,0.0,0.0,0.0,0.0,0.0,0.0,0.0,0.0,0.0,0.0,0.0,0.0,0.0,0.0,0.0,0.04505120902556271,0.0,0.0,0.0,0.0,0.0,0.0,0.0,0.0,0.0,0.0,0.0,0.0,0.0,0.0,0.0,0.0,0.0,0.0,0.0,0.0,0.0,0.0,0.0,0.0,0.0,0.0,0.0,0.0,0.019989719663091612,0.0,0.0,0.016420447773210792,0.0,0.0,0.0,0.0,0.0,0.0,0.0,0.0,0.0,0.0,0.0,0.0,0.0,0.0,0.0,0.0,0.0,0.0,0.0,0.0,0.0,0.0,0.0,0.0,0.0,0.0,0.0,0.0,0.0,0.0,0.0,0.0,0.0,0.01788314641187441,0.0,0.0,0.0,0.0,0.0,0.0,0.0,0.0,0.0,0.0,0.0,0.0,0.0,0.0,0.0,0.0,0.0,0.0,0.0,0.0,0.0,0.0,0.0,0.0,0.0,0.0,0.0,0.0,0.0,0.0,0.0025716316779105554,0.0,0.0,0.0,0.0,0.0,0.0,0.0,0.019103697777701524,0.0,0.0,0.0,0.0,0.0,0.0,0.0057411798330614435,0.0,0.0,0.0,0.0,0.0,0.0,0.0,0.0,0.0,0.0,0.0,0.0,0.0,0.0,0.0,0.0,0.0,0.0,0.0,0.0,0.0,0.0,0.0,0.0,0.0,0.0,0.0,0.0,0.0,0.0,0.0,0.01209672071294245,0.0,0.0,0.0,0.0,0.0,0.0,0.0,0.0,0.0,0.0,0.0,0.0,0.0,0.0,0.0,0.0,0.0,0.0,0.0,0.0,0.0,0.0031305525002115237,0.0,0.0,0.0,0.0,0.0,0.0,0.0,0.0,0.0,0.0,0.03684879288436721,0.0,0.0,0.0,0.0,0.0,0.0,0.0,0.0,0.0,0.0,0.0,0.0,0.0,0.0,0.0,0.0,0.0,0.0,0.0,0.0,0.0,0.0,0.0,0.0,0.0,0.0,0.010225291672254258,0.0,0.0,0.0,0.006911281819277411,0.0,0.0,0.0,0.001058381272844175,0.0
2031.0,0.0,0.005927068777403868,0.0,0.0,0.0,0.0,0.0,0.0,0.0,0.0,0.0,0.0,0.0,0.0,0.0,0.0338145014074377,0.0,0.009711587843346687,0.0,0.0,0.0,0.01641035551162505,0.0,0.0,0.0,0.0,0.0,0.0,0.0,0.0,0.0,0.0,0.0,0.0,0.009711890968568546,0.0,0.0,0.0,0.0,0.0,0.0,0.0,0.0,0.0,0.0,0.0,0.0,0.0,0.0,0.0,0.0,0.0,0.0,0.0,0.0,0.0,0.0,0.0,0.0,0.009175109528655412,0.0,0.0,0.0,0.0,0.0,0.0,0.0,0.0,0.0,0.0,0.0,0.02701924909863865,0.0,0.0,0.0,0.0,0.0,0.0,0.0,0.0,0.0,0.0,0.0,0.0,0.0,0.0,0.0,0.0,0.0,0.0,0.0,0.0,0.0,0.0,0.0,0.0,0.0,0.0,0.030215557027252815,0.0,0.017643988608071124,0.0,0.0,0.0,0.0,0.0,0.0,0.0,0.0,0.0,0.0,0.0,0.0,0.011607310501809916,0.0,0.0,0.0,0.00941464404114547,0.0,0.0,0.0,0.035080085788262015,0.0,0.0,0.0,0.0,0.0,0.0,0.0,0.0,0.0,0.0,0.0,0.0,0.0,0.0,0.0,0.0,0.0,0.0,0.0,0.04505120902556271,0.0,0.0,0.0,0.0,0.0,0.0,0.0,0.0,0.0,0.0,0.0,0.0,0.0,0.0,0.0,0.0,0.0,0.0,0.0,0.0,0.0,0.0,0.0,0.0,0.0,0.0,0.0,0.0,0.019989719663091612,0.0,0.0,0.016420810060945472,0.0,0.0,0.0,0.0,0.0,0.0,0.0,0.0,0.0,0.0,0.0,0.0,0.0,0.0,0.0,0.0,0.0,0.0,0.0,0.0,0.0,0.0,0.0,0.0,0.0,0.0,0.0,0.0,0.0,0.0,0.0,0.0,0.0,0.01788314641187441,0.0,0.0,0.0,0.0,0.0,0.0,0.0,0.0,0.0,0.0,0.0,0.0,0.0,0.0,0.0,0.0,0.0,0.0,0.0,0.0,0.0,0.0,0.0,0.0,0.0,0.0,0.0,0.0,0.0,0.0,0.0025716316779105554,0.0,0.0,0.0,0.0,0.0,0.0,0.0,0.019103697777701524,0.0,0.0,0.0,0.0,0.0,0.0,0.0057411798330614435,0.0,0.0,0.0,0.0,0.0,0.0,0.0,0.0,0.0,0.0,0.0,0.0,0.0,0.0,0.0,0.0,0.0,0.0,0.0,0.0,0.0,0.0,0.0,0.0,0.0,0.0,0.0,0.0,0.0,0.0,0.0,0.01209672071294245,0.0,0.0,0.0,0.0,0.0,0.0,0.0,0.0,0.0,0.0,0.0,0.0,0.0,0.0,0.0,0.0,0.0,0.0,0.0,0.0,0.0,0.0031305525002115237,0.0,0.0,0.0,0.0,0.0,0.0,0.0,0.0,0.0,0.0,0.03684879288436721,0.0,0.0,0.0,0.0,0.0,0.0,0.0,0.0,0.0,0.0,0.0,0.0,0.0,0.0,0.0,0.0,0.0,0.0,0.0,0.0,0.0,0.0,0.0,0.0,0.0,0.0,0.010225291672254258,0.0,0.0,0.0,0.006911281819277411,0.0,0.0,0.0,0.001058381272844175,0.0
2032.0,0.0,0.005927068777403868,0.0,0.0,0.0,0.0,0.0,0.0,0.0,0.0,0.0,0.0,0.0,0.0,0.0,0.03381450140745326,0.0,0.00976469590270519,0.0,0.0,0.0,0.01641035551162505,0.0,0.0,0.0,0.0,0.0,0.0,0.0,0.0,0.0,0.0,0.0,0.0,0.00975661859720397,0.0,0.0,0.0,0.0,0.0,0.0,0.0,0.0,0.0,0.0,0.0,0.0,0.0,0.0,0.0,0.0,0.0,0.0,0.0,0.0,0.0,0.0,0.0,0.0,0.009175109528655412,0.0,0.0,0.0,0.0,0.0,0.0,0.0,0.0,0.0,0.0,0.0,0.02701924909863865,0.0,0.0,0.0,0.0,0.0,0.0,0.0,0.0,0.0,0.0,0.0,0.0,0.0,0.0,0.0,0.0,0.0,0.0,0.0,0.0,0.0,0.0,0.0,0.0,0.0,0.0,0.03335830722936068,0.0,0.017643988608071124,0.0,0.0,0.0,0.0,0.0,0.0,0.0,0.0,0.0,0.0,0.0,0.0,0.011608865854708673,0.0,0.0,0.0,0.00941464404114547,0.0,0.0,0.0,0.035080085788262015,0.0,0.0,0.0,0.0,0.0,0.0,0.0,0.0,0.0,0.0,0.0,0.0,0.0,0.0,0.0,0.0,0.0,0.0,0.0,0.04505120902556271,0.0,0.0,0.0,0.0,0.0,0.0,0.0,0.0,0.0,0.0,0.0,0.0,0.0,0.0,0.0,0.0,0.0,0.0,0.0,0.0,0.0,0.0,0.0,0.0,0.0,0.0,0.0,0.0,0.019989719663091612,0.0,0.0,0.016420810060945472,0.0,0.0,0.0,0.0,0.0,0.0,0.0,0.0,0.0,0.0,0.0,0.0,0.0,0.0,0.0,0.0,0.0,0.0,0.0,0.0,0.0,0.0,0.0,0.0,0.0,0.0,0.0,0.0,0.0,0.0,0.0,0.0,0.0,0.01788314641187441,0.0,0.0,0.0,0.0,0.0,0.0,0.0,0.0,0.0,0.0,0.0,0.0,0.0,0.0,0.0,0.0,0.0,0.0,0.0,0.0,0.0,0.0,0.0,0.0,0.0,0.0,0.0,0.0,0.0,0.0,0.0025716316779105554,0.0,0.0,0.0,0.0,0.0,0.0,0.0,0.019103697777701524,0.0,0.0,0.0,0.0,0.0,0.0,0.0057411798330614435,0.0,0.0,0.0,0.0,0.0,0.0,0.0,0.0,0.0,0.0,0.0,0.0,0.0,0.0,0.0,0.0,0.0,0.0,0.0,0.0,0.0,0.0,0.0,0.0,0.0,0.0,0.0,0.0,0.0,0.0,0.0,0.01209672071294245,0.0,0.0,0.0,0.0,0.0,0.0,0.0,0.0,0.0,0.0,0.0,0.0,0.0,0.0,0.0,0.0,0.0,0.0,0.0,0.0,0.0,0.0031305525002115237,0.0,0.0,0.0,0.0,0.0,0.0,0.0,0.0,0.0,0.0,0.03684879288436721,0.0,0.0,0.0,0.0,0.0,0.0,0.0,0.0,0.0,0.0,0.0,0.012419768181664206,0.0,0.0,0.0,0.0,0.0,0.0,0.0,0.0,0.0,0.0,0.0,0.0,0.0,0.0,0.010225291672254258,0.0,0.0,0.0,0.006911281819277411,0.0,0.0,0.0,0.001058381272844175,0.0
2033.0,0.0,0.005927068777403868,0.0,0.0,0.0,0.0,0.0,0.0,0.0,0.0,0.0,0.0,0.0,0.0,0.0,0.03381450140745533,0.0,0.009766601789461107,0.0,0.0,0.0,0.01641035551162505,0.0,0.0,0.0,0.0,0.0,0.0,0.0,0.0,0.0,0.0,0.0,0.0,0.009789255673158912,0.0,0.0,0.0,0.0,0.0,0.0,0.0,0.0,0.0,0.0,0.0,0.0,0.0,0.0,0.0,0.0,0.0,0.0,0.0,0.0,0.0,0.0,0.0,0.0,0.009175109528655412,0.0,0.0,0.0,0.0,0.0,0.0,0.0,0.0,0.0,0.0,0.0,0.02701924909863865,0.0,0.0,0.0,0.0,0.0,0.0,0.0,0.0,0.0,0.0,0.0,0.0,0.0,0.0,0.0,0.0,0.0,0.0,0.0,0.0,0.0,0.0,0.0,0.0,0.0,0.0,0.03538965279809246,0.0,0.017643988608071124,0.0,0.0,0.0,0.0,0.0,0.0,0.0,0.0,0.0,0.0,0.0,0.0,0.011608865854708673,0.0,0.0,0.0,0.00941464404114547,0.0,0.0,0.0,0.035080085788262015,0.0,0.0,0.0,0.0,0.0,0.0,0.0,0.0,0.0,0.0,0.0,0.0,0.0,0.0,0.0,0.0,0.0,0.0,0.0,0.04505120902556271,0.0,0.0,0.0,0.0,0.0,0.0,0.0,0.0,0.0,0.0,0.0,0.0,0.0,0.0,0.0,0.0,0.0,0.0,0.0,0.0,0.0,0.0,0.0,0.0,0.0,0.0,0.0,0.0,0.019989719663091612,0.0,0.0,0.016420810060945472,0.0,0.0,0.0,0.0,0.0,0.0,0.0,0.0,0.0,0.0,0.0,0.0,0.0,0.0,0.0,0.0,0.0,0.0,0.0,0.0,0.0,0.0,0.0,0.0,0.0,0.0,0.0,0.0,0.0,0.0,0.0,0.0,0.0,0.020276044068367572,0.0,0.0,0.0,0.0,0.0,0.0,0.0,0.0,0.0,0.0,0.0,0.0,0.0,0.0,0.0,0.0,0.0,0.0,0.0,0.0,0.0,0.0,0.0,0.0,0.0,0.0,0.0,0.0,0.0,0.0,0.0025716316779105554,0.0,0.0,0.0,0.0,0.0,0.0,0.0,0.019103697777701524,0.0,0.0,0.0,0.0,0.0,0.0,0.0057411798330614435,0.0,0.0,0.0,0.0,0.0,0.0,0.0,0.0,0.0,0.0,0.0,0.0,0.0,0.0,0.0,0.0,0.0,0.0,0.0,0.0,0.0,0.0,0.0,0.0,0.0,0.0,0.0,0.0,0.0,0.0,0.0,0.01209672071294245,0.0,0.0,0.0,0.0,0.0,0.0,0.0,0.0,0.0,0.0,0.0,0.0,0.0,0.0,0.0,0.0,0.0,0.0,0.0,0.0,0.0,0.0031305525002115237,0.0,0.0,0.0,0.0,0.0,0.0,0.0,0.0,0.0,0.0,0.03684879288436721,0.0,0.0,0.0,0.0,0.0,0.0,0.0,0.0,0.0,0.0,0.0,0.015204591483201402,0.0,0.0,0.0,0.0,0.0,0.0,0.0,0.0,0.0,0.0,0.0,0.0,0.0,0.0,0.010225291672254258,0.0,0.0,0.0,0.006911281819277411,0.0,0.0,0.0,0.001058381272844175,0.0
2034.0,0.0,0.005927068777403868,0.0,0.0,0.0,0.0,0.0,0.0,0.0,0.0,0.0,0.0,0.0,0.0,0.0,0.03381450140745561,0.0,0.009766601789461106,0.0,0.0,0.0,0.01641035551162505,0.0,0.0,0.0,0.0,0.0,0.0,0.0,0.0,0.0,0.0,0.0,0.0,0.009813058673084069,0.0,0.0,0.0,0.0,0.0,0.0,0.0,0.0,0.0,0.0,0.0,0.0,0.0,0.0,0.0,0.0,0.0,0.0,0.0,0.0,0.0,0.0,0.0,0.0,0.009175109528655412,0.0,0.0,0.0,0.0,0.0,0.0,0.0,0.0,0.0,0.0,0.0,0.04467037796452575,0.0,0.0,0.0,0.0,0.0,0.0,0.0,0.0,0.0,0.0,0.0,0.0,0.0,0.0,0.0,0.0,0.0,0.0,0.0,0.0,0.0,0.0,0.0,0.0,0.0,0.0,0.03670361483698984,0.0,0.017643988608071124,0.0,0.0,0.0,0.0,0.0,0.0,0.0,0.0,0.0,0.0,0.0,0.0,0.011608865854708673,0.0,0.0,0.0,0.00941464404114547,0.0,0.0,0.0,0.035080085788262015,0.0,0.0,0.0,0.0,0.0,0.0,0.0,0.0,0.0,0.0,0.0,0.0,0.0,0.0,0.0,0.0,0.0,0.0,0.0,0.04505120902556271,0.0,0.0,0.0,0.0,0.0,0.0,0.0,0.0,0.0,0.0,0.0,0.0,0.0,0.0,0.0,0.0,0.0,0.0,0.0,0.0,0.0,0.0,0.0,0.0,0.0,0.0,0.0,0.0,0.019989719663091612,0.0,0.0,0.016420810060945472,0.0,0.0,0.0,0.0,0.0,0.0,0.0,0.0,0.0,0.0,0.0,0.0,0.0,0.0,0.0,0.0,0.0,0.0,0.0,0.0,0.0,0.0,0.0,0.0,0.0,0.0,0.0,0.0,0.0,0.0,0.0,0.0,0.0,0.020277810939880625,0.0,0.0,0.0,0.0,0.0,0.0,0.0,0.0,0.0,0.0,0.0,0.0,0.0,0.0,0.0,0.0,0.0,0.0,0.0,0.0,0.0,0.0,0.0,0.0,0.0,0.0,0.0,0.0,0.0,0.0,0.0025716316779105554,0.0,0.0,0.0,0.0,0.0,0.0,0.0,0.019103697777701524,0.0,0.0,0.0,0.0,0.0,0.0,0.0057411798330614435,0.0,0.0,0.0,0.0,0.0,0.0,0.0,0.0,0.0,0.0,0.0,0.0,0.0,0.0,0.0,0.0,0.0,0.0,0.0,0.0,0.0,0.0,0.0,0.0,0.0,0.0,0.0,0.0,0.0,0.0,0.0,0.01209672071294245,0.0,0.0,0.0,0.0,0.0,0.0,0.0,0.0,0.0,0.0,0.0,0.0,0.0,0.0,0.0,0.0,0.0,0.0,0.0,0.0,0.0,0.0031305525002115237,0.0,0.0,0.0,0.0,0.0,0.0,0.0,0.0,0.0,0.0,0.03684879288436721,0.0,0.0,0.0,0.0,0.0,0.0,0.0,0.0,0.0,0.0,0.0,0.01676016902041014,0.0,0.0,0.0,0.0,0.0,0.0,0.0,0.0,0.0,0.0,0.0,0.0,0.0,0.0,0.010225291672254258,0.0,0.0,0.0,0.006911281819277411,0.0,0.0,0.0,0.001058381272844175,0.0
2035.0,0.0,0.005927068777403868,0.0,0.0,0.0,0.0,0.0,0.0,0.0,0.0,0.0,0.0,0.0,0.0,0.0,0.03381450140745564,0.0,0.009766601789461107,0.0,0.0,0.0,0.01641035551162505,0.0,0.0,0.0,0.0,0.0,0.0,0.0,0.0,0.0,0.0,0.0,0.0,0.00983041343865556,0.0,0.0,0.0,0.0,0.0,0.0,0.0,0.0,0.0,0.0,0.0,0.0,0.0,0.0,0.0,0.0,0.0,0.0,0.0,0.0,0.0,0.0,0.0,0.0,0.009175109528655412,0.0,0.0,0.0,0.0,0.0,0.0,0.0,0.0,0.0,0.0,0.0,0.045749716291036316,0.0,0.0,0.0,0.0,0.0,0.0,0.0,0.0,0.0,0.0,0.0,0.0,0.0,0.0,0.0,0.0,0.0,0.0,0.0,0.0,0.0,0.0,0.0,0.0,0.0,0.0,0.0375385559877407,0.0,0.017643988608071124,0.0,0.0,0.0,0.0,0.0,0.0,0.0,0.0,0.0,0.0,0.0,0.0,0.011608865854708673,0.0,0.0,0.0,0.00941464404114547,0.0,0.0,0.0,0.035080085788262015,0.0,0.0,0.0,0.0,0.0,0.0,0.0,0.0,0.0,0.0,0.0,0.0,0.0,0.0,0.0,0.0,0.0,0.0,0.0,0.04505120902556271,0.0,0.0,0.0,0.0,0.0,0.0,0.0,0.0,0.0,0.0,0.0,0.0,0.0,0.0,0.0,0.0,0.0,0.0,0.0,0.0,0.0,0.0,0.0,0.0,0.0,0.0,0.0,0.0,0.019989719663091612,0.0,0.0,0.016420810060945472,0.0,0.0,0.0,0.0,0.0,0.0,0.0,0.0,0.0,0.0,0.0,0.0,0.0,0.0,0.0,0.0,0.0,0.0,0.0,0.0,0.0,0.0,0.0,0.0,0.0,0.0,0.0,0.0,0.0,0.0,0.0,0.0,0.0,0.020277810939880625,0.0,0.0,0.0,0.0,0.0,0.0,0.0,0.0,0.0,0.0,0.0,0.0,0.0,0.0,0.0,0.0,0.0,0.0,0.0,0.0,0.0,0.0,0.0,0.0,0.0,0.0,0.0,0.0,0.0,0.0,0.0025716316779105554,0.0,0.0,0.0,0.0,0.0,0.0,0.0,0.019103697777701524,0.0,0.0,0.0,0.0,0.0,0.0,0.0057411798330614435,0.0,0.0,0.0,0.0,0.0,0.0,0.0,0.0,0.0,0.0,0.0,0.0,0.0,0.0,0.0,0.0,0.0,0.0,0.0,0.0,0.0,0.0,0.0,0.0,0.0,0.0,0.0,0.0,0.0,0.0,0.0,0.01209672071294245,0.0,0.0,0.0,0.0,0.0,0.0,0.0,0.0,0.0,0.0,0.0,0.0,0.0,0.0,0.0,0.0,0.0,0.0,0.0,0.0,0.0,0.0031305525002115237,0.0,0.0,0.0,0.0,0.0,0.0,0.0,0.0,0.0,0.0,0.03684879288436721,0.0,0.0,0.0,0.0,0.0,0.0,0.0,0.0,0.0,0.0,0.0,0.017485625831869446,0.0,0.0,0.0,0.0,0.0,0.0,0.0,0.0,0.0,0.0,0.0,0.0,0.0,0.0,0.010225291672254258,0.0,0.0,0.0,0.006911281819277411,0.0,0.0,0.0,0.001058381272844175,0.0
2036.0,0.0,0.005927068777403868,0.0,0.0,0.0,0.0,0.0,0.0,0.0,0.0,0.0,0.0,0.0,0.0,0.0,0.03381450140745564,0.0,0.009766601789461107,0.0,0.0,0.0,0.01641035551162505,0.0,0.0,0.0,0.0,0.0,0.0,0.0,0.0,0.0,0.0,0.0,0.0,0.009843068314301451,0.0,0.0,0.0,0.0,0.0,0.0,0.0,0.0,0.0,0.0,0.0,0.0,0.0,0.0,0.0,0.0,0.0,0.0,0.0,0.0,0.0,0.0,0.0,0.0,0.009175109528655412,0.0,0.0,0.0,0.0,0.0,0.0,0.0,0.0,0.0,0.0,0.0,0.0461348434485422,0.0,0.0,0.0,0.0,0.0,0.0,0.0,0.0,0.0,0.0,0.0,0.0,0.0,0.0,0.0,0.0,0.0,0.0,0.0,0.0,0.0,0.0,0.0,0.0,0.0,0.0,0.038043345574799776,0.0,0.017643988608071124,0.0,0.0,0.0,0.0,0.0,0.0,0.0,0.0,0.0,0.0,0.0,0.0,0.011608865854708673,0.0,0.0,0.0,0.00941464404114547,0.0,0.0,0.0,0.035080085788262015,0.0,0.0,0.0,0.0,0.0,0.0,0.0,0.0,0.0,0.0,0.0,0.0,0.0,0.0,0.0,0.0,0.0,0.0,0.0,0.04505120902556271,0.0,0.0,0.0,0.0,0.0,0.0,0.0,0.0,0.0,0.0,0.0,0.0,0.0,0.0,0.0,0.0,0.0,0.0,0.0,0.0,0.0,0.0,0.0,0.0,0.0,0.0,0.0,0.0,0.019989719663091612,0.0,0.0,0.016420810060945472,0.0,0.0,0.0,0.0,0.0,0.0,0.0,0.0,0.0,0.0,0.0,0.0,0.0,0.0,0.0,0.0,0.0,0.0,0.0,0.0,0.0,0.0,0.0,0.0,0.0,0.0,0.0,0.0,0.0,0.0,0.0,0.0,0.0,0.020277810939880625,0.0,0.0,0.0,0.0,0.0,0.0,0.0,0.0,0.0,0.0,0.0,0.0,0.0,0.0,0.0,0.0,0.0,0.0,0.0,0.0,0.0,0.0,0.0,0.0,0.0,0.0,0.0,0.0,0.0,0.0,0.0025716316779105554,0.0,0.0,0.0,0.0,0.0,0.0,0.0,0.019103697777701524,0.0,0.0,0.0,0.0,0.0,0.0,0.0057411798330614435,0.0,0.0,0.0,0.0,0.0,0.0,0.0,0.0,0.0,0.0,0.0,0.0,0.0,0.0,0.0,0.0,0.0,0.0,0.0,0.0,0.0,0.0,0.0,0.0,0.0,0.0,0.0,0.0,0.0,0.0,0.0,0.01209672071294245,0.0,0.0,0.0,0.0,0.0,0.0,0.0,0.0,0.0,0.0,0.0,0.0,0.0,0.0,0.0,0.0,0.0,0.0,0.0,0.0,0.0,0.0031305525002115237,0.0,0.0,0.0,0.0,0.0,0.0,0.0,0.0,0.0,0.0,0.03684879288436721,0.0,0.0,0.0,0.0,0.0,0.0,0.0,0.0,0.0,0.0,0.0,0.01782001450379142,0.0,0.0,0.0,0.0,0.0,0.0,0.0,0.0,0.0,0.0,0.0,0.0,0.0,0.0,0.010225291672254258,0.0,0.0,0.0,0.006911281819277411,0.0,0.0,0.0,0.001058381272844175,0.0
2037.0,0.0,0.005927068777403868,0.0,0.0,0.0,0.0,0.0,0.0,0.0,0.0,0.0,0.0,0.0,0.0,0.0,0.03381450140745564,0.0,0.009766601789461106,0.0,0.0,0.0,0.01641035551162505,0.0,0.0,0.0,0.0,0.0,0.0,0.0,0.0,0.0,0.0,0.0,0.0,0.009852292797428407,0.0,0.0,0.0,0.0,0.0,0.0,0.0,0.0,0.0,0.0,0.0,0.0,0.0,0.0,0.0,0.0,0.0,0.0,0.0,0.0,0.0,0.0,0.0,0.0,0.009175109528655412,0.0,0.0,0.0,0.0,0.0,0.0,0.0,0.0,0.0,0.0,0.0,0.04624115660921469,0.0,0.0,0.0,0.0,0.0,0.0,0.0,0.0,0.0,0.0,0.0,0.0,0.0,0.0,0.0,0.0,0.0,0.0,0.0,0.0,0.0,0.0,0.0,0.0,0.0,0.0,0.03830462609527707,0.0,0.017643988608071124,0.0,0.0,0.0,0.0,0.0,0.0,0.0,0.0,0.0,0.0,0.033196259950011096,0.0,0.011608865854708673,0.0,0.0,0.0,0.00941464404114547,0.0,0.0,0.0,0.035080085788262015,0.0,0.0,0.0,0.0,0.0,0.0,0.0,0.0,0.0,0.0,0.0,0.0,0.0,0.0,0.0,0.0,0.0,0.0,0.0,0.04505120902556271,0.0,0.0,0.0,0.0,0.0,0.0,0.0,0.0,0.0,0.0,0.0,0.0,0.0,0.0,0.0,0.0,0.0,0.0,0.0,0.0,0.0,0.0,0.0,0.0,0.0,0.0,0.0,0.0,0.019989719663091612,0.0,0.0,0.016420810060945472,0.0,0.0,0.0,0.0,0.0,0.0,0.0,0.0,0.0,0.0,0.0,0.0,0.0,0.0,0.0,0.0,0.0,0.0,0.0,0.0,0.0,0.0,0.0,0.0,0.0,0.0,0.0,0.0,0.0,0.0,0.0,0.0,0.0,0.020277810939880625,0.0,0.0,0.0,0.0,0.0,0.0,0.0,0.0,0.0,0.0,0.0,0.0,0.0,0.0,0.0,0.0,0.0,0.0,0.0,0.0,0.0,0.0,0.0,0.0,0.0,0.0,0.0,0.0,0.0,0.0,0.0025716316779105554,0.0,0.0,0.0,0.0,0.0,0.0,0.0,0.019103697777701524,0.0,0.0,0.0,0.0,0.0,0.0,0.0057411798330614435,0.0,0.0,0.0,0.0,0.0,0.0,0.0,0.0,0.0,0.0,0.0,0.0,0.0,0.0,0.0,0.0,0.0,0.0,0.0,0.0,0.0,0.0,0.0,0.0,0.0,0.0,0.0,0.0,0.0,0.0,0.0,0.0202706011188355,0.0,0.0,0.0,0.0,0.0,0.0,0.0,0.0,0.0,0.0,0.0,0.0,0.0,0.0,0.0,0.0,0.0,0.0,0.0,0.0,0.0,0.0031305525002115237,0.0,0.0,0.0,0.0,0.0,0.0,0.0,0.0,0.0,0.0,0.03684879288436721,0.0,0.0,0.0,0.0,0.0,0.0,0.0,0.0,0.0,0.0,0.0,0.017962233613858146,0.0,0.0,0.0,0.0,0.0,0.0,0.0,0.0,0.0,0.0,0.0,0.0,0.0,0.0,0.010225291672254258,0.0,0.0,0.0,0.006911281819277411,0.0,0.0,0.0,0.001058381272844175,0.0
2038.0,0.0,0.005927068777403868,0.0,0.0,0.0,0.0,0.0,0.0,0.0,0.0,0.0,0.0,0.0,0.0,0.0,0.03550027128945713,0.0,0.023386596110353413,0.0,0.0,0.0,0.01641035551162505,0.0,0.0,0.0,0.0,0.0,0.0,0.0,0.0,0.0,0.0,0.0,0.0,0.009859019412183473,0.0,0.0,0.0,0.0,0.04204230976720812,0.0,0.0,0.0,0.0,0.0,0.0,0.0,0.0,0.0,0.0,0.0,0.0,0.0,0.0,0.0,0.0,0.0,0.0,0.0,0.009175109528655412,0.0,0.0,0.0,0.0,0.0,0.0,0.0,0.0,0.0,0.0,0.0,0.04624115660921468,0.0,0.0,0.0,0.0,0.0,0.0,0.0,0.0,0.0,0.003311348468061751,0.0,0.0,0.0,0.0,0.0,0.0,0.0,0.0,0.0,0.0,0.0,0.0,0.0,0.0,0.0,0.0,0.038407516520457145,0.0,0.017643988608071124,0.0,0.0,0.0,0.0,0.0,0.0,0.0,0.0,0.0,0.0,0.03583381308532371,0.0,0.011608865854708673,0.0,0.0,0.0,0.00941464404114547,0.0,0.0,0.0,0.035080085788262015,0.0,0.0,0.0,0.0,0.0,0.0,0.0,0.0,0.0,0.0,0.0,0.0,0.0,0.0,0.0,0.0,0.0,0.0,0.0,0.04505120902556271,0.0,0.0,0.0,0.0,0.0,0.0,0.0,0.0,0.0,0.0,0.0,0.0,0.0,0.0,0.0,0.0,0.0,0.0,0.0,0.0,0.0,0.0,0.0,0.0,0.0,0.0,0.0,0.0,0.050188355760259096,0.0,0.0,0.016420810060945472,0.0,0.0,0.0,0.0,0.0,0.0,0.0,0.0,0.0,0.0,0.0,0.0,0.0,0.0,0.0,0.0,0.0,0.0,0.0,0.0,0.0,0.0,0.0,0.0,0.0,0.0,0.0,0.0,0.0,0.0,0.0,0.0,0.0,0.020277810939880625,0.0,0.0,0.0,0.0,0.0,0.0,0.0,0.0,0.0,0.0,0.0,0.0,0.0,0.0,0.0,0.0,0.0,0.0,0.0,0.0,0.0,0.0,0.0,0.0,0.0,0.0,0.0,0.0,0.0,0.0,0.0025716316779105554,0.0,0.0,0.0,0.0,0.0,0.0,0.0,0.019103697777701524,0.0,0.0,0.0,0.0,0.0,0.0,0.0057411798330614435,0.0,0.0,0.0,0.0,0.0,0.0,0.0,0.0,0.0,0.0,0.0,0.0,0.0,0.0,0.0,0.0,0.0,0.0,0.0,0.0,0.0,0.0,0.0,0.004241081520993232,0.0,0.0,0.0,0.0,0.0,0.0,0.0,0.02140732391167407,0.0,0.0,0.0,0.0,0.0,0.0,0.0,0.0,0.0,0.0,0.0,0.0,0.0,0.0,0.0,0.0,0.0,0.0,0.0,0.0,0.0,0.0031305525002115237,0.0,0.0,0.0,0.0,0.0,0.0,0.0,0.0,0.0,0.0,0.03684879288436721,0.0,0.0,0.0,0.0,0.0,0.0,0.0,0.0,0.0,0.0,0.0,0.0179953273080883,0.0,0.0,0.0,0.0,0.0,0.0,0.0,0.0,0.0,0.0,0.0,0.0,0.0,0.0,0.010225291672254258,0.0,0.0,0.0,0.006911281819277411,0.0,0.0,0.0,0.001058381272844175,0.0
2039.0,0.0,0.005927068777403868,0.0,0.0,0.0,0.0,0.0,0.0,0.0,0.0,0.0,0.0,0.0,0.0,0.0,0.03550797798612725,0.0,0.0324115422144688,0.0,0.0,0.0,0.01641035551162505,0.0,0.0,0.0,0.0,0.0,0.0,0.0,0.0,0.0,0.0,0.0,0.0,0.00986392554427315,0.0,0.0,0.0,0.0,0.04442541609554595,0.0,0.0,0.0,0.0,0.0,0.0,0.0,0.0,0.0,0.0,0.0,0.0,0.0,0.0,0.0,0.0,0.0,0.0,0.0,0.009175402638381396,0.0,0.0,0.0,0.0,0.0,0.0,0.0,0.0,0.0,0.0,0.0,0.04624115660921468,0.0,0.0,0.0,0.0,0.0,0.0,0.0,0.0,0.0,0.0033114487484291353,0.0,0.0,0.0,0.0,0.0,0.0,0.0,0.0,0.0,0.0,0.0,0.0,0.0,0.0,0.0,0.0,0.038450603100878236,0.0,0.017643988608071124,0.0,0.0,0.0,0.0,0.0,0.0,0.0,0.0,0.0,0.0,0.03656078635688264,0.0,0.011608865854708673,0.0,0.0,0.0,0.00941464404114547,0.0,0.0,0.0,0.035080085788262015,0.0,0.0,0.0,0.0,0.0,0.0,0.0,0.0,0.0,0.0,0.0,0.0,0.0,0.0,0.0,0.0,0.0,0.0,0.0,0.04505120902556271,0.0,0.0,0.0,0.0,0.0,0.0,0.0,0.0,0.0,0.0,0.0,0.0,0.0,0.0,0.0,0.0,0.0,0.0,0.0,0.0,0.0,0.0,0.0,0.0,0.0,0.0,0.0,0.0,0.0521770044431714,0.0,0.0,0.016420810060945472,0.0,0.0,0.0,0.0,0.0,0.0,0.0,0.0,0.0,0.0,0.0,0.0,0.0,0.0,0.0,0.0,0.0,0.0,0.0,0.0,0.0,0.0,0.0,0.0,0.0,0.0,0.0,0.0,0.0,0.0,0.0,0.0,0.0,0.020277810939880625,0.0,0.0,0.0,0.0,0.0,0.0,0.0,0.0,0.0,0.0,0.0,0.0,0.0,0.0,0.0,0.0,0.0,0.0,0.0,0.0,0.0,0.0,0.0,0.0,0.0,0.0,0.0,0.0,0.0,0.0,0.0025716316779105554,0.0,0.0,0.0,0.0,0.0,0.0,0.0,0.019103697777701524,0.0,0.0,0.0,0.0,0.0,0.0,0.0057411798330614435,0.0,0.0,0.0,0.0,0.0,0.0,0.0,0.0,0.0,0.0,0.0,0.0,0.0,0.0,0.0,0.0,0.0,0.0,0.0,0.0,0.0,0.0,0.0,0.005029747860061223,0.0,0.0,0.0,0.0,0.0,0.0,0.0,0.021835809818055732,0.0,0.0,0.0,0.0,0.0,0.0,0.0,0.0,0.0,0.0,0.0,0.0,0.0,0.0,0.0,0.0,0.0,0.0,0.0,0.0,0.0,0.0031305525002115237,0.0,0.0,0.0,0.0,0.0,0.0,0.0,0.0,0.0,0.0,0.03684879288436721,0.0,0.0,0.0,0.0,0.0,0.0,0.0,0.0,0.0,0.0,0.0,0.0179953273080883,0.0,0.0,0.0,0.0,0.0,0.0,0.0,0.0,0.0,0.0,0.0,0.0,0.0,0.0,0.010225291672254258,0.0,0.0,0.0,0.006911281819277411,0.0,0.0,0.0,0.001058381272844175,0.0
2040.0,0.0,0.005927068777403868,0.0,0.0,0.0,0.0,0.0,0.0,0.0,0.0,0.0,0.0,0.0,0.0,0.0,0.03550797798612725,0.0,0.04451382697881557,0.0,0.0,0.0,0.01641035551162505,0.0,0.0,0.0,0.0,0.0,0.0,0.0,0.0,0.0,0.0,0.0,0.0,0.009867503800235381,0.0,0.0,0.0,0.0,0.04500506528516864,0.0,0.0,0.0,0.0,0.0,0.0,0.0,0.0,0.0,0.0,0.0,0.0,0.0,0.0,0.0,0.0,0.0,0.0,0.0,0.009175402638381396,0.0,0.0,0.0,0.0,0.0,0.0,0.0,0.0,0.0,0.0,0.0,0.04624115660921469,0.0,0.0,0.0,0.0,0.0,0.0,0.0,0.0,0.0,0.0033114493028779425,0.0,0.0,0.0,0.0,0.0,0.0,0.0,0.0,0.0,0.0,0.0,0.0,0.0,0.0,0.0,0.0,0.03845927931424523,0.0,0.017643988608071124,0.0,0.0,0.0,0.0,0.0,0.0,0.0,0.0,0.0,0.0,0.03658174567471777,0.0,0.011608865854708673,0.0,0.0,0.0,0.00941464404114547,0.0,0.0,0.0,0.035080085788262015,0.0,0.0,0.0,0.0,0.0,0.0,0.0,0.0,0.0,0.0,0.0,0.0,0.0,0.0,0.0,0.0,0.0,0.0,0.0,0.04505120902556271,0.0,0.0,0.0,0.0,0.0,0.0,0.0,0.0,0.0,0.0,0.0,0.0,0.0,0.0,0.0,0.0,0.0,0.0,0.0,0.0,0.0,0.0,0.0,0.0,0.0,0.0,0.0,0.0,0.05262597483147131,0.0,0.0,0.016420810060945472,0.0,0.0,0.0,0.0,0.0,0.0,0.0,0.0,0.0,0.0,0.0,0.0,0.0,0.0,0.0,0.0,0.0,0.0,0.0,0.0,0.0,0.0,0.0,0.0,0.0,0.0,0.0,0.0,0.0,0.0,0.0,0.0,0.0,0.020277810939880625,0.0,0.0,0.0,0.0,0.0,0.0,0.0,0.0,0.0,0.0,0.0,0.0,0.0,0.0,0.0,0.0,0.0,0.0,0.0,0.0,0.0,0.0,0.0,0.0,0.0,0.0,0.0,0.0,0.0,0.0,0.0025716316779105554,0.0,0.0,0.0,0.0,0.0,0.0,0.0,0.019103697777701524,0.0,0.0,0.0,0.0,0.0,0.0,0.0057411798330614435,0.0,0.0,0.0,0.0,0.0,0.0,0.0,0.0,0.0,0.0,0.0,0.0,0.0,0.0,0.0,0.0,0.0,0.0,0.0,0.0,0.0,0.0,0.0,0.005425272604793415,0.0,0.0,0.0,0.0,0.0,0.0,0.0,0.02198620181464016,0.0,0.0,0.0,0.0,0.0,0.0,0.0,0.0,0.0,0.0,0.0,0.0,0.0,0.0,0.0,0.0,0.0,0.0,0.0,0.0,0.0,0.0031305525002115237,0.0,0.0,0.0,0.0,0.0,0.0,0.0,0.0,0.0,0.0,0.06473803786110391,0.0,0.0,0.0,0.0,0.0,0.0,0.0,0.0,0.0,0.0,0.0,0.0179953273080883,0.0,0.0,0.0,0.0,0.0,0.0,0.0,0.0,0.0,0.0,0.0,0.0,0.0,0.0,0.010225291672254258,0.0,0.0,0.0,0.006911281819277411,0.0,0.0,0.0,0.001058381272844175,0.0
2041.0,0.0,0.005927068777403868,0.0,0.0,0.0,0.0,0.0,0.0,0.0,0.0,0.0,0.0,0.0,0.0,0.0,0.03550797798612726,0.0,0.047442290199323355,0.0,0.0,0.0,0.01641035551162505,0.0,0.0,0.0,0.0,0.0,0.0,0.0,0.0,0.0,0.0,0.0,0.0,0.00987011444449093,0.0,0.0,0.0,0.0,0.04508429152960212,0.0,0.0,0.0,0.0,0.0,0.0,0.0,0.0,0.0,0.0,0.0,0.0,0.0,0.0,0.0,0.009045204729949846,0.0,0.0,0.0,0.009175402638381396,0.0,0.0,0.0,0.0,0.0,0.0,0.0,0.0,0.0,0.0,0.0,0.04624115660921468,0.0,0.0,0.0,0.0,0.0,0.0,0.0,0.0,0.0,0.0033114493028779425,0.0,0.0,0.0,0.0,0.0,0.0,0.0,0.0,0.0,0.0,0.0,0.0,0.0,0.0,0.0,0.0,0.03845927931424523,0.0,0.017643988608071124,0.0,0.0,0.0,0.0,0.0,0.0,0.0,0.0,0.0,0.0,0.03658174567471777,0.0,0.011608865854708673,0.0,0.0,0.0,0.00941464404114547,0.0,0.0,0.0,0.035080085788262015,0.0,0.0,0.0,0.0,0.0,0.0,0.0,0.0,0.0,0.0,0.0,0.0,0.0,0.0,0.0,0.0,0.0,0.0,0.0,0.04505120902556271,0.0,0.0,0.0,0.0,0.0,0.0,0.0,0.0,0.0,0.0,0.0,0.0,0.0,0.0,0.0,0.0,0.0,0.0,0.0,0.0,0.0,0.0,0.0,0.0,0.0,0.0,0.0,0.0,0.052684611929296875,0.0,0.01396619656200183,0.016420810060945472,0.0,0.0,0.0,0.0,0.0,0.0,0.0,0.0,0.0,0.0,0.0,0.0,0.0,0.0,0.0,0.0,0.0,0.0,0.0,0.0,0.0,0.0,0.0,0.0,0.0,0.0,0.0,0.0,0.0,0.0,0.0,0.0,0.0,0.020277810939880625,0.0,0.0,0.0,0.0,0.0,0.0,0.0,0.0,0.0,0.0,0.0,0.0,0.0,0.0,0.0,0.0,0.0,0.0,0.0,0.0,0.0,0.0,0.0,0.0,0.0,0.0,0.0,0.0,0.0,0.0,0.0025716316779105554,0.0,0.0,0.0,0.0,0.0,0.0,0.0,0.019103697777701524,0.0,0.0,0.0,0.0,0.0,0.0,0.0057411798330614435,0.0,0.0,0.0,0.0,0.0,0.0,0.0,0.0,0.0,0.0,0.0,0.0,0.0,0.0,0.0,0.0,0.0,0.0,0.0,0.0,0.0,0.0,0.0,0.00562124298737277,0.0,0.0,0.0,0.0,0.0,0.0,0.0,0.02201943993568442,0.0,0.0,0.0,0.0,0.0,0.0,0.0,0.0,0.0,0.0,0.0,0.0,0.0,0.0,0.0,0.0,0.0,0.0,0.0,0.0,0.0,0.0031305525002115237,0.0,0.0,0.0,0.0,0.0,0.0,0.0,0.0,0.0,0.0,0.06840872483192485,0.0,0.0,0.0,0.0,0.0,0.0,0.0,0.0,0.0,0.0,0.0,0.0179953273080883,0.0,0.0,0.0,0.0,0.0,0.0,0.0,0.0,0.0,0.0,0.0,0.0,0.0,0.0,0.010225291672254258,0.0,0.0,0.0,0.006911281819277411,0.0,0.0,0.0,0.001058381272844175,0.013805115720911199
2042.0,0.0,0.012299173033906121,0.0,0.0,0.0,0.0,0.0,0.0,0.0,0.0,0.0,0.0,0.0,0.0,0.0,0.03550797798612725,0.0,0.05094476862086379,0.0,0.0,0.00893705398827097,0.039322239173798144,0.0,0.0,0.0,0.0,0.0,0.0,0.0,0.0,0.0,0.0,0.0,0.0,0.009872020498228015,0.0,0.0,0.0,0.0,0.04508429152960212,0.0,0.0,0.0,0.0,0.0,0.0,0.0,0.0,0.0,0.0,0.0,0.0,0.0,0.0,0.0,0.009577590634118597,0.0,0.0,0.0,0.009175402638381396,0.0,0.0,0.0,0.0,0.0,0.0,0.0,0.0,0.0,0.0,0.0,0.0540246201424555,0.0,0.0,0.0,0.0,0.0,0.0,0.0,0.0,0.0,0.0033114493028779425,0.0,0.0,0.0,0.0,0.0,0.0,0.0,0.0,0.0,0.0,0.0,0.0,0.0,0.0,0.0,0.0,0.03845927931424523,0.0,0.017643988608071124,0.0,0.0,0.0,0.0,0.0,0.0,0.0,0.0,0.0,0.0,0.03658174567471777,0.0,0.011608865854708673,0.0,0.0,0.0,0.00941464404114547,0.0,0.0,0.0,0.035080085788262015,0.0,0.0,0.0,0.0,0.0,0.0,0.0,0.0,0.0,0.0,0.0,0.0,0.0,0.0,0.0,0.0,0.0,0.0,0.0,0.04505120902556271,0.0,0.0,0.0,0.0,0.0,0.0,0.0,0.0,0.0,0.0,0.0,0.0,0.0,0.0,0.0,0.0,0.0,0.0,0.0,0.0,0.0,0.0,0.0,0.0,0.0,0.0,0.0,0.0,0.052684611929296875,0.0,0.015097038923682393,0.016420810060945472,0.0,0.0,0.0,0.0,0.0,0.0,0.0,0.0,0.0,0.0,0.0,0.0,0.0,0.0,0.0,0.0,0.0,0.0,0.0,0.0,0.0,0.0,0.0,0.0,0.0,0.0,0.0,0.0,0.0,0.0,0.0,0.0,0.0,0.020277810939880625,0.0,0.0,0.0,0.0,0.0,0.0,0.0,0.0,0.0,0.0,0.0,0.0,0.0,0.0,0.0,0.0,0.0,0.0,0.0,0.0,0.0,0.0,0.0,0.0,0.0,0.0,0.0,0.0,0.0,0.0,0.0025716316779105554,0.0,0.0,0.0,0.0,0.0,0.0,0.0,0.019103697777701524,0.0,0.0,0.0,0.0,0.0,0.0,0.0057411798330614435,0.0,0.0,0.0,0.0,0.0,0.0,0.0,0.0,0.0,0.0,0.0,0.0,0.0,0.0,0.0,0.0,0.0,0.0,0.0,0.0,0.0,0.0,0.0,0.005718297601493951,0.0,0.0,0.0,0.0,0.0,0.0,0.0,0.02201943993568442,0.0,0.0,0.0,0.0,0.0,0.0,0.0,0.0,0.0,0.0,0.0,0.0,0.0,0.0,0.0,0.0,0.0,0.0,0.0,0.0,0.0,0.0031305525002115237,0.0,0.0,0.0,0.0,0.0,0.0,0.0,0.0,0.0,0.0,0.07000015779163855,0.0,0.0,0.0,0.0,0.0,0.0,0.0,0.0,0.0,0.0,0.0,0.0179953273080883,0.0,0.0,0.0,0.0,0.0,0.0,0.0,0.0,0.0,0.0,0.0,0.0,0.0,0.0,0.010225291672254258,0.0,0.0,0.0,0.006911281819277411,0.0,0.0,0.0,0.001058381272844175,0.0148121370210526
2043.0,0.0,0.013059411058730833,0.0,0.0,0.0,0.0,0.0,0.0,0.0,0.0,0.0,0.014496485470325822,0.0,0.0,0.0,0.03781488261550947,0.0,0.0515487492562058,0.0,0.0,0.009539126056663565,0.04166138669239409,0.0,0.0,0.0,0.0,0.0,0.0,0.0,0.0,0.0,0.0,0.0,0.0,0.009873412400638095,0.0,0.0,0.0,0.0,0.04508429152960212,0.0,0.0,0.0,0.0,0.0,0.0,0.0,0.0,0.0,0.0,0.0,0.0,0.0,0.0,0.0,0.009718806296870261,0.0,0.0,0.0,0.009175402638381396,0.0,0.0,0.0,0.0,0.0,0.0,0.0,0.0,0.0,0.0,0.0,0.06699632072126832,0.0,0.0,0.0,0.0,0.0,0.0,0.0,0.0,0.0,0.0033114493028779425,0.0,0.0,0.0,0.0,0.0,0.0,0.0,0.0,0.0,0.0,0.0,0.0,0.0,0.0,0.0,0.0,0.03845927931424523,0.0,0.017643988608071124,0.0,0.0,0.0,0.0,0.0,0.0,0.0,0.0,0.0,0.0,0.03658174567471777,0.0,0.011608865854708673,0.0,0.0,0.0,0.00941464404114547,0.0,0.0,0.0,0.035080085788262015,0.0,0.0,0.0,0.0,0.0,0.0,0.0,0.0,0.0,0.0,0.0,0.0,0.0,0.0,0.0,0.0,0.0,0.0,0.0,0.04505120902556271,0.0,0.0,0.0,0.0,0.0,0.0,0.0,0.0,0.0,0.0,0.0,0.0,0.0,0.0,0.0,0.0,0.0,0.0,0.0,0.0,0.0,0.0,0.0,0.0,0.0,0.0,0.0,0.0,0.052684611929296875,0.0,0.01545796406102364,0.016420810060945472,0.0,0.0,0.0,0.0,0.0,0.0,0.0,0.0,0.0,0.0,0.0,0.0,0.0,0.0,0.0,0.0,0.0,0.0,0.0,0.0,0.0,0.0,0.0,0.0,0.0,0.0,0.0,0.0,0.0,0.0,0.0,0.0,0.0,0.020277810939880625,0.0,0.0,0.0,0.0,0.0,0.0,0.0,0.0,0.0,0.0,0.0,0.0,0.0,0.0,0.0,0.0,0.0,0.0,0.0,0.0,0.0,0.0,0.0,0.0,0.0,0.0,0.0,0.0,0.0,0.0,0.0025716316779105554,0.0,0.0,0.0,0.0,0.0,0.0,0.0,0.019103697777701524,0.0,0.0,0.035234143035718944,0.0,0.0,0.0,0.0057411798330614435,0.0,0.0,0.0,0.0,0.0,0.0,0.0,0.0,0.0,0.0,0.0,0.0,0.0,0.0,0.0,0.0,0.0,0.0,0.0,0.0,0.0,0.0,0.0,0.005766331193523757,0.0,0.0,0.0,0.0,0.0,0.0,0.0,0.02706127502107434,0.0,0.0,0.0,0.0,0.0,0.0,0.0,0.0,0.0,0.0,0.0,0.0,0.0,0.0,0.0,0.0,0.0,0.0,0.004374921024139416,0.0,0.0,0.0031305525002115237,0.0,0.0,0.0,0.0,0.0,0.0,0.0,0.0,0.0,0.0,0.0706806591699779,0.0,0.0,0.0,0.0,0.0,0.0,0.0,0.0,0.0,0.0,0.0,0.0179953273080883,0.0,0.0,0.0,0.0,0.0,0.0,0.0,0.0,0.0,0.0,0.0,0.0,0.0,0.0,0.010225291672254258,0.0,0.0,0.0,0.006911281819277411,0.0,0.0,0.0,0.001058381272844175,0.014923962703723238
2044.0,0.0,0.01335124639667149,0.0,0.0,0.0,0.0,0.0,0.0,0.01384827443550362,0.0,0.0,0.015927255009041387,0.0,0.0,0.0,0.04744954165367016,0.0,0.05195956563803948,0.0,0.0,0.009713497875481996,0.04249609887242234,0.0,0.0,0.0,0.0,0.0,0.0,0.0,0.0,0.0,0.0,0.0,0.0,0.009874428855687706,0.0,0.0,0.0,0.0,0.04508429152960212,0.0,0.0,0.0,0.0,0.0,0.0,0.0,0.0,0.0,0.0,0.0,0.0,0.0,0.0,0.0,0.009758288144365228,0.0,0.0,0.0,0.009175402638381396,0.0,0.0,0.0,0.0,0.0,0.0,0.0,0.0,0.0,0.0,0.0,0.07803761883563694,0.0,0.0,0.0,0.0,0.0,0.0,0.0,0.0,0.0,0.0033114493028779425,0.0,0.0,0.0,0.0,0.0,0.0,0.0,0.0,0.0,0.0,0.0,0.0,0.0,0.0,0.0,0.0,0.03845927931424523,0.0,0.017643988608071124,0.0,0.0,0.0,0.0,0.0,0.0,0.0,0.0,0.0,0.0,0.03658174567471777,0.0,0.011608865854708673,0.0,0.0,0.0,0.00941464404114547,0.0,0.0,0.0,0.035080085788262015,0.0,0.0,0.0,0.0,0.0,0.0,0.0,0.0,0.0,0.0,0.0,0.0,0.0,0.0,0.0,0.0,0.0,0.0,0.0,0.04505120902556271,0.0,0.0,0.0,0.0,0.0,0.0,0.0,0.0,0.0,0.0,0.0,0.0,0.0,0.0,0.0,0.0,0.0,0.0,0.0,0.0,0.0,0.0,0.0,0.0,0.0,0.010233980315658395,0.0,0.0,0.052684611929296875,0.0,0.015573158679813131,0.03065584444033688,0.0,0.0,0.0,0.0,0.0,0.0,0.0,0.0,0.0,0.0,0.0,0.0,0.0,0.0,0.0,0.0,0.0,0.0,0.0,0.0,0.0,0.0,0.0,0.0,0.0,0.0,0.0,0.0,0.0,0.0,0.0,0.0,0.0,0.020277810939880625,0.0,0.0,0.0,0.0,0.0,0.0,0.0,0.0,0.0,0.0,0.0,0.0,0.0,0.0,0.0,0.0,0.019411077510871313,0.0,0.0,0.0,0.0,0.0,0.0,0.0,0.0,0.0,0.0,0.0,0.0,0.0,0.0025716316779105554,0.0,0.0,0.0,0.0,0.0,0.0,0.0,0.019103697777701524,0.0,0.0,0.03807824542970986,0.0,0.0,0.0,0.0057411798330614435,0.0,0.0,0.0,0.0,0.0,0.0,0.0,0.0,0.0,0.0,0.0,0.0,0.0,0.0,0.0,0.0,0.0,0.0,0.0,0.0,0.0,0.0,0.0,0.005790077011466258,0.0,0.0,0.0,0.0,0.0,0.0,0.0,0.031094009298503995,0.0,0.0,0.0,0.0,0.019738840042831843,0.0,0.0,0.0,0.0,0.0,0.0,0.0,0.0,0.0,0.0,0.0,0.0,0.0,0.015404969194428237,0.0,0.0,0.0031305525002115237,0.0,0.0,0.0,0.0,0.0,0.0,0.0,0.0,0.0,0.0,0.12255765845190941,0.0,0.0,0.0,0.0,0.0,0.0,0.0,0.0,0.0,0.0,0.0,0.0179953273080883,0.0,0.0,0.0,0.0,0.0,0.0,0.0,0.0,0.0,0.0,0.0,0.0,0.0,0.0,0.010225291672254258,0.0,0.0,0.0,0.006911281819277411,0.0,0.0,0.0,0.001058381272844175,0.014923962703723238
2045.0,0.0,0.03737179693841681,0.0,0.0,0.0,0.0,0.0,0.0,0.01496533876346049,0.0,0.0,0.026999897363416243,0.0,0.0,0.0,0.05476192688710636,0.0,0.052035574834069766,0.0,0.0,0.009763999356607376,0.05316979341945448,0.0,0.0,0.0,0.0,0.0,0.0,0.0,0.0,0.0,0.0,0.0,0.0,0.009875171135362201,0.0,0.0,0.0,0.0,0.04508429152960212,0.0,0.0,0.0,0.0,0.0,0.0,0.0,0.0,0.0,0.0,0.0,0.0,0.0,0.0,0.0,0.009770781574665464,0.0,0.0,0.0,0.009175402638381396,0.0,0.0,0.0,0.0,0.0,0.0,0.0,0.0,0.0,0.0,0.0,0.08628034160938132,0.0,0.015084255989047966,0.0,0.0,0.0,0.0,0.0,0.0,0.0,0.0033114493028779425,0.0,0.0,0.0,0.0,0.0,0.0,0.0,0.0,0.0,0.0,0.0,0.0,0.0,0.0,0.0,0.0,0.03845927931424523,0.0,0.017643988608071124,0.0,0.0,0.0,0.0,0.0,0.0,0.0,0.0,0.0,0.0,0.03658174567471777,0.0,0.011608865854708673,0.0,0.0,0.0,0.00941464404114547,0.0,0.0,0.0,0.035080085788262015,0.0,0.0,0.0,0.0,0.0,0.0,0.0,0.0,0.0,0.0,0.0,0.0,0.0,0.0,0.0,0.0,0.0,0.0,0.0,0.04505120902556271,0.0,0.0,0.0,0.0,0.0,0.0,0.010709925041705131,0.0,0.0,0.0,0.0,0.0,0.0,0.0,0.0,0.0,0.0,0.0,0.0,0.0,0.0,0.0,0.0,0.0,0.0,0.010263753966482594,0.0,0.0,0.052684611929296875,0.0,0.015609924753508655,0.03231534747264535,0.0,0.0,0.0,0.0,0.0,0.0,0.0,0.0,0.0,0.0,0.0,0.0,0.0,0.023185820686524465,0.0,0.0,0.0,0.0,0.0,0.0,0.0,0.0,0.0,0.0,0.0,0.0,0.0,0.0,0.0,0.0,0.0,0.0,0.0,0.020277810939880625,0.0,0.0,0.0,0.0,0.0,0.0,0.0,0.0,0.0,0.0,0.0,0.0,0.0,0.0,0.0,0.0,0.022290817125497856,0.008176083469112921,0.0,0.0,0.0,0.0,0.0,0.0,0.0,0.0,0.0,0.0,0.0,0.0,0.0025716316779105554,0.0,0.0,0.0,0.0,0.0,0.0,0.0,0.019103697777701524,0.0,0.0,0.0389526266530771,0.0,0.0,0.0,0.0057411798330614435,0.0,0.0,0.0,0.0,0.0,0.0,0.0,0.0,0.0,0.0,0.0,0.0,0.0,0.0,0.0,0.0,0.0,0.0,0.0,0.0,0.0,0.0,0.0,0.005801793706743445,0.0,0.0,0.0,0.0,0.0,0.0,0.0,0.03180564192911835,0.0,0.0,0.0,0.0,0.022278006321458137,0.0,0.0,0.0,0.0,0.0,0.0,0.0,0.0,0.0,0.0,0.0,0.0,0.0,0.016462439727321348,0.0,0.0,0.0031305525002115237,0.0,0.0,0.0,0.0,0.0,0.0,0.0,0.0,0.0,0.0,0.12574288323265603,0.0,0.0,0.0,0.0,0.0,0.0,0.0,0.0,0.0,0.0,0.0,0.0179953273080883,0.0,0.0,0.0,0.0,0.0,0.0,0.0,0.0,0.0,0.0,0.0,0.0,0.0,0.0,0.010225291672254258,0.0,0.0,0.0,0.006911281819277411,0.0,0.0,0.0,0.001058381272844175,0.014923962703723238
2046.0,0.0,0.037491068359818906,0.0,0.0,0.0,0.0,0.0,0.0,0.015312308066870603,0.0,0.0,0.02786764727172176,0.0,0.0,0.0,0.058276029147976124,0.0,0.056610320700391306,0.0,0.0,0.012733363767468656,0.05356080385431108,0.0,0.0,0.0,0.0,0.0,0.0,0.0,0.0,0.0,0.0,0.0,0.0,0.009875713194861418,0.0,0.0,0.0,0.0,0.04508429152960212,0.0,0.0,0.0,0.0,0.0,0.0,0.0,0.0,0.0,0.0,0.0,0.0,0.0,0.0,0.0,0.009775576107949373,0.0,0.0,0.0,0.009175575178222506,0.0,0.0,0.0,0.0,0.0,0.0,0.0,0.0,0.0,0.0,0.0,0.08692707566191564,0.0,0.01630487876727345,0.0,0.0,0.0,0.0,0.0,0.0,0.0,0.0033114493028779425,0.0,0.0,0.0,0.0,0.0,0.0,0.0,0.0,0.0,0.0,0.0,0.0,0.0,0.0,0.0,0.0,0.03845927931424523,0.0,0.017643988608071124,0.0,0.0,0.0,0.0,0.0,0.0,0.0,0.0,0.0,0.0,0.03658174567471777,0.0,0.011608865854708673,0.0,0.0,0.0,0.00941464404114547,0.0,0.0,0.0,0.035080085788262015,0.0,0.0,0.0,0.0,0.0,0.0,0.0,0.0,0.0,0.0,0.0,0.0,0.0,0.0,0.0,0.0,0.0,0.0,0.0,0.04505120902556271,0.0,0.0,0.0,0.0,0.0,0.0,0.011600549207802548,0.0,0.0,0.0,0.0,0.0,0.0,0.0,0.0,0.014757780943275912,0.0,0.0,0.0,0.0,0.0,0.0,0.0,0.0,0.0,0.010264634715298693,0.0,0.0,0.052684611929296875,0.0,0.015621659192054393,0.03306065097234314,0.0,0.0,0.0,0.0,0.0,0.0,0.0,0.0,0.0,0.0,0.0,0.0,0.0,0.026254461705058248,0.0,0.0,0.0,0.0,0.0,0.0,0.0,0.0,0.0,0.0,0.0,0.0,0.0,0.0,0.0,0.0,0.0,0.0,0.0,0.020277810939880625,0.0,0.0,0.0,0.0,0.0,0.0,0.0,0.0,0.0,0.0,0.0,0.0,0.0,0.0,0.0,0.0,0.02347728669543566,0.009432808842202305,0.0,0.0,0.0,0.0,0.0,0.0,0.0,0.0,0.0,0.0,0.0,0.0,0.0025716316779105554,0.0,0.0,0.0,0.0,0.0,0.0,0.0,0.019103697777701524,0.0,0.0,0.03922144345988144,0.0,0.0,0.0,0.0057411798330614435,0.0,0.0,0.0,0.0,0.0,0.0,0.0,0.0,0.0,0.0,0.0,0.0,0.0,0.0,0.0,0.0,0.0,0.0,0.0,0.0,0.0,0.0,0.0,0.005807556021378636,0.0,0.0,0.0,0.0,0.0,0.0,0.0,0.032102118082311656,0.0,0.0,0.0,0.0,0.02289493688539887,0.0,0.0,0.0,0.0,0.0,0.0,0.0,0.0,0.0,0.0,0.0,0.0,0.0,0.016825101112562742,0.0,0.0,0.0031305525002115237,0.0,0.0,0.0,0.0,0.0,0.0,0.0,0.0,0.0,0.03388071035864401,0.1404995810735948,0.0,0.0,0.0,0.0,0.0,0.0,0.0,0.0,0.0,0.0,0.0,0.0179953273080883,0.0,0.0,0.0,0.0,0.0,0.0,0.0,0.0,0.0,0.0,0.0,0.0,0.0,0.0,0.010225291672254258,0.0,0.0,0.0,0.006911281819277411,0.0,0.0,0.0,0.001058381272844175,0.014923962703723238
2047.0,0.0,0.043119144115551414,0.0,0.0,0.0,0.0,0.0,0.0,0.015420079566233662,0.0,0.0,0.02813161314576585,0.0,0.0,0.0,0.058592855641737315,0.0,0.05706442043568649,0.0,0.0,0.023149943661627575,0.053650332756919675,0.0,0.0,0.0,0.0,0.0,0.0,0.0,0.0,0.0,0.0,0.0,0.0,0.009876109040943137,0.0,0.0,0.0,0.0,0.04508429152960212,0.0,0.0,0.0,0.0,0.0,0.0,0.0,0.0,0.0,0.0,0.0,0.0,0.0,0.0,0.0,0.009778601552148892,0.0,0.0,0.0,0.00917574943596656,0.0,0.0,0.0,0.0,0.0,0.0,0.0,0.0,0.0,0.0,0.0,0.0871232651831817,0.0,0.01670498437927165,0.0,0.00414663123576397,0.0,0.0,0.0,0.014788144114866281,0.0,0.0033114493028779425,0.0,0.0,0.0,0.0,0.0,0.0,0.0,0.0,0.0,0.0,0.0,0.0,0.0,0.0,0.0,0.0,0.03845927931424523,0.0,0.017643988608071124,0.0,0.0,0.0,0.0,0.0,0.0,0.0,0.0,0.0,0.0,0.03658174567471777,0.0,0.01869806770317263,0.0,0.0,0.0,0.00941464404114547,0.0,0.0,0.0,0.035080085788262015,0.0,0.0,0.0,0.0,0.0,0.0,0.0,0.0,0.0,0.0,0.0,0.0,0.0,0.0,0.0,0.0,0.0,0.0,0.0,0.04505120902556271,0.0,0.0,0.0,0.0,0.0,0.0,0.011895749609053803,0.0,0.0,0.0,0.0,0.0,0.0,0.0,0.0,0.01508433276068505,0.0,0.0,0.0,0.0,0.0,0.0,0.0,0.0,0.0,0.010264634715298693,0.0,0.0,0.052684611929296875,0.0,0.015625404412420427,0.03339582823705011,0.0,0.0,0.0,0.0,0.0,0.0,0.0,0.0,0.0,0.0,0.0,0.0,0.0,0.027592131043284125,0.0,0.0,0.0,0.0,0.0,0.0,0.0,0.0,0.0,0.0,0.0,0.0,0.0,0.0,0.0,0.0,0.0,0.0,0.0,0.020277810939880625,0.0,0.0,0.0,0.0,0.0,0.0,0.0,0.0,0.0,0.0,0.0,0.0,0.0,0.0,0.0,0.0,0.023951920724664753,0.01003124075045477,0.0,0.0,0.0,0.0,0.0,0.0,0.0,0.0,0.0,0.0,0.0,0.0,0.0025716316779105554,0.0,0.0,0.0,0.0,0.0,0.0,0.0,0.019103697777701524,0.0,0.0,0.03930408759002663,0.0,0.0,0.0,0.0057411798330614435,0.0,0.0,0.0,0.0,0.0,0.0,0.0,0.0,0.0,0.0,0.0,0.0,0.0,0.0,0.0,0.0,0.0,0.0,0.0,0.0,0.0,0.0,0.0,0.005810373892251773,0.0,0.0,0.0,0.0,0.0,0.0,0.0,0.03222394574014407,0.0,0.0,0.0,0.0,0.023044796961109365,0.0,0.0,0.0,0.0,0.0,0.0,0.0,0.0,0.0,0.0,0.0,0.0,0.0,0.016950262274105527,0.0,0.0,0.0031305525002115237,0.0,0.0,0.0,0.0,0.0,0.0,0.0,0.0,0.0,0.03462056499208155,0.14075273026007812,0.0,0.0,0.0,0.0,0.0,0.0,0.0,0.0,0.0,0.0,0.0,0.0179953273080883,0.0,0.0,0.0,0.0,0.0,0.0,0.0,0.0,0.0,0.0,0.0,0.0,0.0,0.0,0.010225291672254258,0.0,0.0,0.0,0.006911281819277411,0.0,0.0258081044577828,0.0,0.001058381272844175,0.014923962703723238
2048.0,0.0,0.04774667137734681,0.0,0.0,0.0,0.0,0.0,0.0,0.015453554274113608,0.0,0.0,0.028212690122243804,0.0,0.0,0.0,0.05869828073221453,0.0,0.057231901661635484,0.0,0.0,0.024201745472380392,0.053673043834318014,0.0,0.0,0.0,0.0,0.0,0.0,0.0,0.0,0.0,0.0,0.0,0.0,0.009876398112752859,0.0,0.0,0.0,0.0,0.04508429152960212,0.0,0.0,0.0,0.0,0.0,0.0,0.0,0.0,0.0,0.0,0.0,0.0,0.0,0.0,0.0,0.009781531033283506,0.0,0.0,0.0,0.009175819438813444,0.0,0.0,0.0,0.0,0.0,0.0,0.0,0.0,0.0,0.0,0.0,0.08718295004977565,0.0,0.02392233232509263,0.0,0.004267461828647525,0.0,0.0,0.0,0.01585636533274936,0.0,0.0033114493028779425,0.0,0.0,0.0,0.0,0.0,0.0,0.0,0.0,0.0,0.0,0.0,0.0,0.0,0.0,0.0,0.0,0.03845927931424523,0.0,0.017643988608071124,0.0,0.0,0.0,0.0,0.0,0.0,0.0,0.0,0.0,0.0,0.03658174567471777,0.0,0.019165729725239042,0.0,0.0,0.0,0.00941464404114547,0.0,0.0,0.0,0.035080085788262015,0.0,0.0,0.0,0.0,0.0,0.0,0.0,0.0,0.0,0.0,0.0,0.0,0.0,0.0,0.0,0.0,0.0,0.0,0.0,0.04505120902556271,0.0,0.0,0.0,0.0,0.0,0.0,0.011993282031173011,0.0,0.0,0.0,0.0,0.0,0.0,0.0,0.0,0.015136290743229752,0.0,0.0,0.0,0.0,0.0,0.0,0.0,0.0,0.0,0.010264634715298693,0.0,0.0,0.052684611929296875,0.042995196137223114,0.01562659975513201,0.033557207962776586,0.0,0.0,0.0,0.0,0.0,0.0,0.0,0.0,0.0,0.0,0.0,0.0,0.0,0.028175156113137954,0.0,0.0,0.0,0.0,0.0,0.0,0.0,0.0,0.0,0.0,0.0,0.0,0.0,0.0,0.0,0.0,0.0,0.0,0.0,0.020277810939880625,0.0,0.0,0.0,0.0,0.0,0.0,0.0,0.0,0.0,0.0,0.0,0.0,0.0,0.0,0.0,0.0,0.02414531663404251,0.010316060901262877,0.0,0.0,0.0,0.0,0.0,0.0,0.0,0.0,0.0,0.0,0.0,0.0,0.0025716316779105554,0.0,0.0,0.0,0.0,0.0,0.0,0.0,0.019103697777701524,0.0,0.0,0.03932949542195742,0.0,0.0,0.0,0.0057411798330614435,0.0,0.0,0.0,0.0,0.0,0.0,0.0,0.0,0.0,0.0,0.0,0.0,0.0,0.0,0.0,0.0,0.0,0.0,0.0,0.0,0.0,0.0,0.0,0.005811739093520894,0.0,0.0,0.0,0.0,0.0,0.0,0.0,0.032274912784775484,0.0,0.0,0.0,0.0,0.02308120679339949,0.0,0.0,0.0,0.0,0.0,0.0,0.0,0.0,0.0,0.0,0.0,0.0,0.0,0.016993470416371555,0.0,0.0,0.0031305525002115237,0.0,0.0,0.0,0.0,0.0,0.0,0.0,0.0,0.0,0.034736344615617656,0.14081976143548108,0.0,0.0,0.0,0.0,0.0,0.0,0.0,0.0,0.0,0.0,0.0,0.0179953273080883,0.0,0.0,0.0,0.0,0.0,0.0,0.0,0.0,0.0,0.0,0.0,0.0,0.0,0.0,0.010225291672254258,0.0,0.0,0.0,0.006911281819277411,0.0,0.028371306944118865,0.0,0.001058381272844175,0.014923962703723238
2049.0,0.0,0.048709637880691554,0.0,0.0,0.0,0.0,0.0,0.0,0.015463951791771523,0.0,0.0,0.028237816384718614,0.0,0.0,0.0,0.05873610372213587,0.0,0.06205882882151806,0.0,0.0,0.02458046295175417,0.053679193470150564,0.0,0.0,0.0,0.0,0.0,0.0,0.0,0.0,0.0,0.0,0.0,0.0,0.009876609211245512,0.0,0.0,0.0,0.0,0.04508429152960212,0.0,0.0,0.0,0.0,0.0,0.0,0.0,0.0,0.0,0.0,0.0,0.0,0.0,0.0,0.0,0.03144226327692195,0.0,0.0,0.0,0.009175830361526508,0.0,0.0,0.0,0.0,0.0,0.0,0.0,0.0,0.0,0.0,0.0,0.08720117006827677,0.0,0.024461733515056212,0.0,0.004290414704487916,0.0,0.0,0.0,0.01620642262983051,0.0,0.0033114493028779425,0.0,0.0,0.0,0.0,0.0,0.0,0.0,0.0,0.0,0.0,0.0,0.0,0.0,0.0,0.0,0.0,0.03845927931424523,0.0,0.017643988608071124,0.0,0.0,0.0,0.0,0.0,0.0,0.0,0.0,0.0,0.0,0.03658174567471777,0.0,0.027355702950192275,0.0,0.0,0.0,0.00941464404114547,0.0,0.0,0.0,0.035080085788262015,0.0,0.0,0.0,0.0,0.0,0.0,0.0,0.0,0.0,0.0,0.0,0.0,0.0,0.0,0.0,0.0,0.0,0.0,0.0,0.08301439784580825,0.0,0.0,0.0,0.0,0.0,0.0,0.012025257234648925,0.0,0.0,0.0,0.0,0.0,0.0,0.0,0.0,0.015144297063278085,0.0,0.0,0.0,0.0,0.0,0.0,0.0,0.0,0.0,0.010264634715298693,0.0,0.0,0.052684611929296875,0.04515657001510596,0.015626981266514118,0.03361985864128135,0.0,0.0,0.0,0.0,0.0,0.0,0.0,0.0,0.0,0.0,0.0,0.0,0.0,0.06605464015594532,0.0,0.0,0.0,0.0,0.0,0.0,0.0,0.0,0.0,0.0,0.0,0.0,0.0,0.0,0.0,0.0,0.0,0.0,0.0,0.020277810939880625,0.0,0.0,0.0,0.0,0.0028633240692937283,0.0,0.0,0.0,0.0,0.0,0.0,0.0,0.0,0.0,0.0,0.0,0.02422406996384878,0.010451543707492298,0.0,0.0,0.0,0.0,0.0,0.0,0.0,0.0,0.0,0.0,0.0,0.0,0.0025716316779105554,0.0,0.0,0.0,0.0,0.0,0.0,0.0,0.019103697777701524,0.0,0.0,0.03933730671989581,0.0,0.0,0.0,0.0057411798330614435,0.0,0.0,0.0,0.0,0.0,0.0,0.0,0.0,0.0,0.0,0.0,0.0,0.0,0.0,0.0,0.0,0.0,0.0,0.0,0.0,0.0,0.0,0.0,0.005812390046326112,0.0,0.0,0.0,0.0,0.0,0.0,0.0,0.032296288123543376,0.0,0.0,0.0,0.0,0.023090052884535566,0.0,0.0,0.0,0.0,0.0,0.0,0.0,0.0,0.0,0.0,0.0,0.0,0.0,0.01700838287613595,0.0,0.0,0.0031305525002115237,0.0,0.0,0.0,0.0,0.0,0.0,0.0,0.0,0.0,0.034752869990472335,0.14083839607412413,0.0,0.0,0.0,0.0,0.0,0.0,0.0,0.0,0.0,0.0,0.0,0.0179953273080883,0.0,0.0,0.0,0.0,0.0,0.0,0.0,0.0,0.0,0.0,0.0,0.0,0.0,0.0,0.010225291672254258,0.0,0.0,0.0,0.006911281819277411,0.0,0.029316345618020597,0.0,0.001058381272844175,0.014923962703723238
2050.0,0.0,0.04919955622994021,0.0,0.0,0.0,0.0,0.0,0.0,0.015467181345673367,0.0,0.0,0.028245637299857577,0.0,0.0,0.0,0.0587504778282398,0.0,0.06646485496891638,0.0,0.0,0.02550477518776681,0.053680765320014895,0.0,0.0,0.0,0.0,0.0,0.0,0.0,0.0,0.0,0.0,0.0,0.0,0.009876763368697408,0.0,0.0,0.0,0.0,0.04508429152960212,0.0,0.0,0.0,0.0,0.0,0.0,0.0,0.0,0.0,0.0,0.0,0.0,0.0,0.0,0.0,0.034201453076942195,0.0,0.0,0.0,0.009175830619564614,0.0,0.0,0.0,0.0,0.0,0.0,0.0,0.0,0.0,0.0,0.0,0.08720675639602246,0.0,0.02462574635101925,0.0,0.0042946314947382574,0.0,0.0,0.0,0.033657672185424516,0.0,0.0033114493028779425,0.0,0.0,0.0,0.0,0.0,0.0,0.0,0.0,0.0,0.0,0.0,0.0,0.0,0.0,0.0,0.0,0.03845927931424523,0.0,0.017643988608071124,0.0,0.0,0.0,0.0,0.0,0.0,0.0,0.0,0.0,0.0,0.03658174567471777,0.0,0.02811693098237622,0.0,0.0,0.0,0.00941464404114547,0.0,0.0,0.0,0.035080085788262015,0.0,0.0,0.0,0.0,0.0,0.0,0.0,0.0,0.0,0.0,0.0,0.0,0.0,0.0,0.0,0.0,0.0,0.0,0.0,0.0859142798996129,0.0,0.0,0.0,0.0,0.0,0.0,0.012035524586460709,0.0,0.0,0.0,0.0,0.0,0.0,0.0,0.0,0.015145313723060699,0.0,0.0,0.0,0.0,0.0,0.0,0.0,0.0,0.0,0.010264634715298693,0.0,0.0,0.052684611929296875,0.04569853353859572,0.020237456776116686,0.0336520331786658,0.0,0.0,0.0,0.0,0.0,0.0,0.0,0.0,0.0,0.0,0.0,0.0,0.0,0.07408361145113819,0.0,0.0,0.0,0.0,0.0,0.0,0.0,0.0,0.0,0.0,0.0,0.0,0.0,0.0,0.0,0.0,0.0,0.0,0.0,0.020277810939880625,0.0,0.0,0.0,0.0,0.0030480258824866478,0.0,0.0,0.0,0.0,0.0,0.0,0.0,0.0,0.0,0.0,0.0,0.024256109435910736,0.010515944951585258,0.0,0.0,0.0,0.0,0.0,0.0,0.0,0.0,0.0,0.0,0.0,0.0010540618477797822,0.0025716316779105554,0.0,0.0,0.0,0.0,0.0,0.0,0.0,0.019103697777701524,0.0,0.0,0.03933970819892198,0.0,0.0,0.0,0.0057411798330614435,0.0,0.0,0.0,0.0,0.0,0.0,0.0,0.0,0.0,0.0,0.0,0.0,0.0,0.0,0.0,0.0,0.0,0.0,0.0,0.0,0.0,0.0,0.0,0.00581269172314479,0.0,0.0,0.0,0.0,0.0,0.0,0.0,0.03230525546685291,0.0,0.0,0.0,0.0,0.023092202120702444,0.0,0.0,0.0,0.0,0.0,0.0,0.0,0.0,0.0,0.0,0.0,0.0,0.0,0.017013521782665256,0.0,0.0,0.0031305525002115237,0.0,0.0,0.0,0.0,0.0,0.0,0.0,0.0,0.0,0.03475372625672737,0.14084357649584983,0.0,0.0,0.0,0.0,0.0,0.0,0.0,0.0,0.0,0.0,0.0,0.0179953273080883,0.0,0.0,0.0,0.0,0.0,0.0,0.0,0.0,0.0,0.0,0.0,0.0,0.0,0.0,0.010225291672254258,0.0,0.0,0.0,0.006911281819277411,0.0,0.02966477618483335,0.0,0.001058381272844175,0.014923962703723238
2051.0,0.0,0.049454079278182926,0.0,0.0,0.0,0.0,0.0,0.0,0.015468184471491285,0.0,0.0,0.02824804644558247,0.0,0.0,0.0,0.05875637105024275,0.0,0.07011723126453041,0.0,0.0,0.02558282411720777,0.058469076973271104,0.0,0.0,0.0,0.0,0.0,0.0,0.0,0.0,0.0,0.0,0.0,0.0,0.009876875944205058,0.0,0.0,0.0,0.0,0.04508429152960212,0.0,0.0,0.0,0.0,0.0,0.0,0.0,0.0,0.0,0.0,0.0,0.0,0.0,0.0,0.0,0.03537796471094109,0.0,0.0,0.0,0.009175830619707469,0.0,0.0,0.0,0.0,0.0,0.0,0.0,0.0,0.0,0.0,0.0,0.08720847980217161,0.0,0.024675643146893324,0.0,0.014217361269138588,0.0,0.0,0.0,0.03506422528856727,0.0,0.0033114493028779425,0.0,0.0,0.0,0.0,0.0,0.0,0.0,0.0,0.0,0.0,0.0,0.0,0.0,0.0,0.0,0.0,0.03845927931424523,0.0,0.017643988608071124,0.0,0.0,0.0,0.0,0.0,0.0,0.0,0.0,0.0,0.0,0.03658174567471777,0.0,0.04378187144867529,0.0,0.0,0.0,0.00941464404114547,0.0,0.0,0.0,0.035080085788262015,0.0,0.0,0.0,0.0,0.0,0.0,0.0,0.0,0.0,0.0,0.0,0.0,0.0,0.0,0.0,0.0,0.0,0.0,0.0,0.08683378979869248,0.0,0.0,0.0,0.0,0.0,0.0,0.015716400527662922,0.0,0.0,0.0,0.0,0.0,0.0,0.0,0.0,0.015145313723060699,0.0,0.0,0.0,0.0,0.0,0.0,0.0,0.0,0.0,0.010264634715298693,0.0,0.0,0.052684611929296875,0.0458344306472816,0.020238109078677482,0.03367190978984114,0.0,0.0,0.0,0.0,0.0,0.0,0.0,0.0,0.0,0.0,0.0,0.0,0.0,0.07869181716109871,0.0,0.0,0.0,0.0,0.0,0.0,0.0,0.0,0.0,0.0,0.0,0.0,0.0,0.0,0.0,0.0,0.0,0.0,0.0,0.020277810939880625,0.0,0.0,0.0,0.0,0.003101270471365885,0.0,0.0,0.0,0.0,0.0,0.0,0.0,0.0,0.0,0.0,0.0,0.0242691240289506,0.010546527543577483,0.0,0.0,0.0,0.0,0.0,0.0,0.0,0.0,0.0,0.0,0.0,0.0010545391279798088,0.0025716316779105554,0.0,0.0,0.0,0.0,0.0,0.0,0.0,0.019103697777701524,0.0,0.0,0.03934044650151377,0.0,0.0,0.0,0.0057411798330614435,0.0,0.0,0.0,0.0,0.0,0.0,0.0,0.0,0.0,0.0,0.0,0.0,0.0,0.0,0.0,0.0,0.0,0.0,0.0,0.0,0.0,0.0,0.0,0.005812824178135307,0.0,0.0,0.0,0.0,0.0,0.0,0.0,0.03547014783118324,0.0,0.0,0.0,0.0,0.02309272429665903,0.0,0.0,0.0,0.0,0.0,0.0,0.0,0.0,0.0,0.0,0.0,0.0,0.0,0.017015284656470894,0.0,0.0,0.0031305525002115237,0.0,0.0,0.0,0.0,0.0,0.0,0.0,0.0,0.0,0.03475372625672737,0.14084501665091645,0.0,0.0,0.0,0.0,0.0,0.0,0.0,0.0,0.0,0.0,0.0,0.0179953273080883,0.0,0.0,0.0,0.0,0.0,0.0,0.0,0.0,0.0,0.0,0.0,0.0,0.0,0.0,0.010225291672254258,0.0,0.0,0.0,0.006911281819277411,0.0,0.02979324062046139,0.0,0.001058381272844175,0.020302786624975703
2052.0,0.0,0.04958816701753002,0.0,0.0,0.0,0.0,0.0,0.0,0.01546849605056293,0.0,0.0,0.04590825666952151,0.0,0.0,0.0,0.06885960938773177,0.0,0.07064542868668854,0.0,0.0,0.03685782374026777,0.058724536707280735,0.0,0.0,0.0,0.0,0.0,0.0,0.0,0.0,0.0,0.0,0.0,0.0,0.009876958153950788,0.0,0.0,0.0,0.0,0.04508429152960212,0.0,0.0,0.0,0.0,0.0,0.0,0.0,0.0,0.0,0.0,0.0,0.0,0.0,0.0,0.0,0.035880030592908944,0.0,0.0,0.0,0.009175830619707469,0.0,0.0,0.0,0.0,0.0,0.0,0.0,0.0,0.0,0.0,0.0,0.08720901753324375,0.0,0.024690831556069364,0.0,0.014360698314333611,0.0,0.0,0.0,0.035518975177529166,0.0,0.0033114493028779425,0.0,0.0,0.0,0.0,0.0,0.0,0.0,0.0,0.0,0.0,0.0,0.0,0.0,0.0,0.0,0.0,0.03845927931424523,0.0,0.03810864864058157,0.0,0.0,0.0,0.0,0.0,0.0,0.0,0.0,0.0,0.0,0.03658174567471777,0.0,0.045591117021203074,0.0,0.0,0.0,0.00941464404114547,0.0,0.0,0.0,0.035080085788262015,0.0,0.0,0.0,0.0,0.0,0.0,0.0,0.0,0.0,0.0,0.0,0.0,0.0,0.0,0.0,0.0,0.0,0.0,0.0,0.08712515443263931,0.0,0.0,0.0,0.0,0.0,0.0,0.016010469572077756,0.0,0.0,0.0,0.0,0.0,0.0,0.0,0.0,0.015145313723060699,0.0,0.0,0.0,0.0,0.0,0.0,0.0,0.0,0.0,0.010264634715298693,0.0,0.0,0.052684611929296875,0.04586850678589378,0.03225042303062612,0.033692791735449305,0.0,0.0,0.0,0.0,0.0,0.0,0.0,0.0,0.0,0.0,0.0,0.0,0.0,0.081338779942734,0.0,0.0,0.0,0.0,0.0,0.0,0.0,0.0,0.0,0.0,0.0,0.0,0.0,0.0,0.0,0.0,0.0,0.0,0.0,0.020277810939880625,0.0,0.0,0.0,0.0,0.003116619461156027,0.0,0.0,0.0,0.0,0.0,0.0,0.0,0.0,0.0,0.0,0.0,0.02427439805401261,0.010561027437503171,0.0,0.0,0.0,0.0,0.0,0.0,0.0,0.0,0.0,0.0,0.0,0.001054549392712671,0.0025716316779105554,0.0,0.0,0.0,0.0,0.0,0.0,0.0,0.019103697777701524,0.0,0.0,0.0393406734827662,0.0,0.0,0.0,0.0057411798330614435,0.0,0.0,0.0,0.0,0.0,0.0,0.0,0.0,0.0,0.0,0.0,0.0,0.0,0.0,0.0,0.0,0.0,0.0,0.0,0.0,0.0,0.0,0.0,0.005812876126997406,0.0,0.0,0.0,0.0,0.0,0.0,0.0,0.04376888412204988,0.0,0.0,0.0,0.0,0.023092851163931147,0.0,0.0,0.0,0.0,0.0,0.0,0.0,0.0,0.0,0.0,0.0,0.0,0.0,0.033360061338662234,0.0,0.0,0.0031305525002115237,0.0,0.0,0.0,0.0,0.0,0.0,0.0,0.0,0.0,0.03475372625672737,0.14084541701342085,0.0,0.0,0.0,0.0,0.0,0.0,0.0,0.0,0.0,0.0,0.0,0.0179953273080883,0.0,0.0,0.0,0.0,0.0,0.0,0.0,0.0,0.0,0.0,0.0,0.0,0.0,0.0,0.010225291672254258,0.0,0.0,0.0,0.006911281819277411,0.0,0.029840604752064976,0.0,0.001058381272844175,0.020939385547906416
2053.0,0.0,0.04965953614398238,0.0,0.0,0.0,0.0,0.0,0.0,0.015468592829567274,0.0,0.0,0.06445898265177875,0.0,0.0,0.0,0.06980840822424919,0.0,0.07084332561101983,0.0,0.0,0.06506014624079672,0.05879074844291413,0.0,0.0,0.0,0.0,0.0,0.0,0.0,0.0,0.0,0.0,0.0,0.0,0.009877018188699323,0.0,0.0,0.0,0.0,0.04508429152960212,0.0,0.0,0.0,0.0,0.0,0.0,0.0,0.0,0.0,0.0,0.0,0.0,0.0,0.0,0.0,0.03609463566161338,0.0,0.0,0.0,0.009175830619707469,0.0,0.0,0.0,0.0,0.0,0.0,0.0,0.0,0.0,0.0,0.0,0.0872091894233207,0.0,0.024695457639594808,0.0,0.01439326798242456,0.0,0.0,0.0,0.03566596997484712,0.0,0.0033114493028779425,0.0,0.0,0.0,0.0,0.0,0.0,0.0,0.0,0.0,0.0,0.0,0.0,0.0,0.0,0.0,0.0,0.03845927931424523,0.0,0.03906898586764594,0.0,0.0,0.0,0.0,0.0,0.0,0.0,0.0,0.0,0.0,0.03658174567471777,0.0,0.06325805407536414,0.0,0.0,0.0,0.00941464404114547,0.0,0.0,0.0,0.035080085788262015,0.0,0.0,0.0,0.0,0.0,0.0,0.0,0.0,0.0,0.0,0.0,0.0,0.0,0.0,0.0,0.0,0.0,0.0,0.0,0.08721732639812473,0.0,0.0,0.0,0.0,0.0,0.0,0.02463825684900604,0.0,0.0,0.0,0.0,0.0,0.0,0.0,0.0,0.015145313723060699,0.0,0.0,0.0,0.0,0.0,0.0,0.0,0.0,0.0,0.010264634715298693,0.0,0.0,0.052684611929296875,0.04587705136225705,0.03323393613689397,0.03372056439510697,0.0,0.0,0.0,0.0,0.0,0.0,0.0,0.0,0.0,0.0,0.0,0.0,0.0,0.08286008128908916,0.0,0.0,0.0,0.0,0.0,0.0,0.0,0.0,0.0,0.0,0.0,0.0,0.0,0.0,0.0,0.0,0.0,0.0,0.0,0.020277810939880625,0.0,0.0,0.0,0.0,0.0031210441640702005,0.0,0.0,0.0,0.0,0.0,0.0,0.0,0.0,0.0,0.0,0.0,0.024276522704213616,0.010567883746222737,0.0,0.0,0.0,0.0,0.0,0.0,0.0,0.0,0.0,0.0,0.0,0.0010545496134725827,0.0025716316779105554,0.0,0.0,0.0,0.0,0.0,0.0,0.0,0.019103697777701524,0.0,0.029286348514118897,0.03934074326511496,0.0,0.0,0.0,0.0057411798330614435,0.0,0.0,0.0,0.0,0.0,0.0,0.0,0.0,0.0,0.0,0.0,0.0,0.0,0.0,0.0,0.0,0.0,0.0,0.0,0.0,0.0,0.0,0.0,0.005812891024569032,0.0,0.0,0.0,0.0,0.0,0.0,0.0,0.05508660468993808,0.0,0.0,0.0,0.0,0.023092881987458222,0.0,0.0,0.0,0.0,0.0,0.0,0.0,0.0,0.0,0.0,0.0,0.0,0.0,0.0342857944007971,0.0,0.0,0.0031305525002115237,0.0,0.0,0.0,0.0,0.0,0.0,0.0,0.0,0.0,0.03475372625672737,0.1408455283140291,0.0,0.0,0.0,0.0,0.0,0.0,0.0,0.0,0.0,0.0,0.0,0.0179953273080883,0.0,0.0,0.0,0.0,0.0,0.0,0.0,0.0,0.0,0.0,0.0,0.0,0.0,0.0,0.010225291672254258,0.0,0.0,0.0,0.006911281819277411,0.0,0.029858067647158038,0.0,0.001058381272844175,0.021199278678921844
2054.0,0.006707807356577816,0.04969779880714955,0.0,0.0,0.0,0.0,0.0,0.0,0.015468622889916423,0.0,0.0,0.0672947132058424,0.0,0.0,0.0,0.07014732238243641,0.0,0.07091803546698372,0.0,0.0,0.0677211819864037,0.05880790969593139,0.0,0.0,0.0,0.0,0.0,0.0,0.0,0.0,0.0,0.0,0.0,0.0,0.009877062029864379,0.0,0.0,0.0,0.0,0.04508429152960212,0.0,0.0,0.0,0.0,0.0,0.0,0.0,0.0,0.0,0.0,0.0,0.0,0.0,0.0,0.0,0.0361866791936084,0.0,0.0,0.0,0.009175830619707469,0.0,0.0,0.0,0.0,0.0,0.0,0.0,0.0,0.0,0.0,0.0,0.08720924738091292,0.0,0.024696867557257956,0.0,0.02905903010417066,0.0,0.0,0.0,0.03571348091033008,0.0,0.0033114493028779425,0.0,0.0,0.0,0.0,0.0,0.0,0.0,0.0,0.0,0.0,0.0,0.0,0.0,0.0,0.0,0.0,0.03845927931424523,0.0,0.0393006182512239,0.0,0.0,0.0,0.0,0.0,0.0,0.0,0.0,0.0,0.0,0.03658174567471777,0.0,0.06515063854654222,0.0,0.0,0.0,0.00941464404114547,0.0,0.0,0.0,0.035080085788262015,0.0,0.0,0.0,0.0,0.0,0.0,0.0,0.0,0.0,0.0,0.0,0.0,0.0,0.0,0.0,0.0,0.0,0.0,0.0,0.08724636070424657,0.0,0.0,0.0,0.0,0.0,0.0,0.025032142779047,0.0,0.0,0.0,0.0,0.0,0.0,0.0,0.0,0.015145313723060699,0.0,0.0,0.0,0.0,0.0,0.0,0.0,0.0,0.0,0.010264634715298693,0.0,0.0,0.052684611929296875,0.045879193910920185,0.03356151717301237,0.03375639293007919,0.0,0.0,0.0,0.0,0.0,0.0,0.0,0.0,0.0,0.0,0.0,0.0,0.0,0.08373478659307922,0.0,0.011708262903134878,0.0,0.0,0.0,0.0,0.0,0.0,0.0,0.0,0.0,0.0,0.0,0.0,0.0,0.0,0.0,0.0,0.0,0.020277810939880625,0.0,0.0,0.0,0.0,0.0031223196874855114,0.0,0.0,0.0,0.0,0.0,0.0,0.0,0.0,0.0,0.0,0.0,0.024277367758518936,0.010571110686509084,0.0,0.0,0.0,0.0,0.0,0.0,0.0,0.0,0.0,0.0,0.0,0.0010545496182196743,0.0025716316779105554,0.0,0.0,0.0,0.0,0.0,0.0,0.0,0.019103697777701524,0.0,0.031532921132034646,0.03934076471876432,0.0,0.0,0.0,0.0057411798330614435,0.0,0.0,0.0,0.0,0.0,0.0,0.0,0.0,0.0,0.0,0.0,0.0,0.0,0.0,0.0,0.0,0.0,0.0,0.0,0.0,0.0,0.0,0.0,0.005812891024569032,0.0,0.0,0.0,0.0,0.0,0.0,0.0,0.06054456862905696,0.0,0.0,0.0,0.0,0.023092889476307044,0.0,0.0,0.0,0.0,0.0,0.0,0.0,0.0,0.0,0.0,0.0,0.0,0.0,0.034533862039355066,0.0,0.0,0.0031305525002115237,0.0,0.0,0.0,0.0,0.0,0.0,0.0,0.0,0.0,0.03475372625672737,0.14084555925555153,0.0,0.0,0.0,0.0,0.0,0.0,0.0,0.0,0.0,0.0,0.0,0.0179953273080883,0.0,0.0,0.0,0.0,0.0,0.0,0.0,0.0,0.0,0.0,0.0,0.0,0.0,0.0,0.010225291672254258,0.0,0.0,0.0,0.006911281819277411,0.0,0.029864506120633776,0.0,0.001058381272844175,0.02130538047412552
2055.0,0.007208229081851753,0.04971840615726588,0.0,0.0,0.0,0.0,0.0,0.0,0.015468632226906375,0.0,0.0,0.06853326332729519,0.0,0.0,0.0,0.0702686169716085,0.0,0.07094649561441876,0.0,0.0,0.06877836838614508,0.05881235768852433,0.0,0.0,0.0,0.0,0.0,0.0,0.0,0.0,0.0,0.0,0.0,0.0,0.009877094045452022,0.0,0.0,0.0,0.0,0.04508429152960212,0.0,0.0,0.0,0.0,0.0,0.0,0.0,0.0,0.0,0.0,0.0,0.0,0.0,0.0,0.0,0.036226405189814334,0.0,0.0,0.0,0.009175830619707469,0.0,0.0,0.0,0.0,0.0,0.0,0.0,0.0,0.0,0.0,0.0,0.08720926914372086,0.0,0.024697297560249278,0.0,0.0294457456099648,0.0,0.0,0.0,0.03572884061537359,0.0,0.0033114493028779425,0.0,0.0,0.0,0.0,0.0,0.0,0.0,0.0,0.0,0.0,0.0,0.0,0.0,0.0,0.0,0.0,0.03845927931424523,0.0,0.03935638958492846,0.0,0.0,0.0,0.0,0.0,0.0,0.0,0.0,0.0,0.0,0.03658174567471777,0.0,0.06573799925983995,0.0,0.0,0.0,0.00941464404114547,0.0,0.0,0.0,0.05032171992221555,0.0,0.0,0.0,0.0,0.0,0.0,0.0,0.0,0.0,0.0,0.0,0.0,0.0,0.0,0.0,0.0,0.0,0.0,0.0,0.13120263782698863,0.0,0.0,0.0,0.0,0.0,0.0,0.02810230552002805,0.0,0.0,0.0,0.0,0.0,0.0,0.0,0.0,0.015145313723060699,0.04106238654392377,0.0,0.0,0.0,0.0,0.0,0.0,0.0,0.0,0.010264634715298693,0.0,0.0,0.052684611929296875,0.04587973115402958,0.033671636700013004,0.033791883553523756,0.0,0.0,0.0,0.0,0.0,0.0,0.0,0.0,0.0,0.0,0.0,0.0,0.0,0.08423785967146348,0.0,0.01229498399533492,0.0,0.0,0.0,0.0,0.0,0.0,0.0,0.0,0.0,0.0,0.0,0.0,0.0,0.0,0.0,0.0,0.0,0.020277810939880625,0.0,0.0,0.0,0.0,0.003122687386744549,0.0,0.0,0.0,0.0,0.0,0.0,0.0,0.0,0.0,0.0,0.0,0.02427769471125577,0.010572617039707995,0.0,0.0,0.0,0.0,0.0,0.0,0.0,0.0,0.0,0.0,0.0,0.0010545496183211565,0.0025716316779105554,0.0,0.0,0.0,0.0,0.0,0.0,0.0,0.019103697777701524,0.0,0.032247139937041154,0.03934077131440173,0.0,0.0,0.0,0.0057411798330614435,0.0,0.0,0.0,0.0,0.0,0.0,0.0,0.0,0.0,0.0,0.0,0.0,0.0,0.0,0.0,0.0,0.0,0.0,0.0,0.0,0.0,0.0,0.0,0.005812891024569032,0.0,0.0,0.0,0.0,0.0,0.0,0.0,0.06118714521366123,0.0,0.0,0.0,0.0,0.023092891295789172,0.0,0.0,0.0,0.0,0.0,0.0,0.0,0.0,0.0,0.0,0.0,0.0,0.0,0.0346003343031284,0.0,0.0,0.0031305525002115237,0.0,0.0,0.0,0.0,0.0,0.0,0.0,0.0,0.0,0.03475372625672737,0.18918153514791777,0.0,0.0,0.0,0.0,0.0,0.0,0.0,0.0,0.0,0.0,0.0,0.0179953273080883,0.0,0.0,0.0,0.0,0.0,0.0,0.0,0.0,0.0,0.0,0.0,0.0,0.0,0.0,0.010225291672254258,0.0,0.0,0.0,0.006911281819277411,0.0,0.029866879950429862,0.0,0.001058381272844175,0.021348696572347024
2056.0,0.00736484708409253,0.04972953777201237,0.0,0.0,0.0,0.0,0.0093706632303985,0.0,0.015468635127051709,0.0,0.0,0.06908225567909049,0.0,0.0,0.0,0.07031222836686524,0.0,0.07095747462528743,0.0,0.0,0.06920492671229746,0.05881351055718453,0.0,0.0,0.0,0.0,0.0,0.0,0.0,0.0,0.0,0.0,0.0,0.0,0.00987711742525616,0.0,0.0,0.0,0.0,0.04508429152960212,0.0,0.0,0.0,0.0,0.0,0.0,0.0,0.0,0.0,0.0,0.0,0.0,0.0,0.0,0.0,0.036243762990906675,0.0,0.0,0.0,0.009175830619707469,0.0,0.0,0.0,0.0,0.0,0.0,0.0,0.0,0.0,0.0,0.0,0.08720927947369941,0.0,0.024697428800110176,0.0,0.029527923477437688,0.0,0.0,0.0,0.035733859736112414,0.0,0.0033114493028779425,0.0,0.0,0.0,0.0,0.0,0.0,0.0,0.0,0.0,0.0,0.0,0.0,0.0,0.0,0.0,0.0,0.03845927931424523,0.0,0.039369737096123715,0.0,0.0,0.0,0.0,0.0,0.0,0.0,0.0,0.0,0.0,0.03658174567471777,0.0,0.0659406849925613,0.0,0.0,0.0,0.00941464404114547,0.0,0.0,0.0,0.05037159492700049,0.0,0.0,0.0,0.0,0.0,0.0,0.0,0.0,0.0,0.0,0.0,0.0,0.0,0.0,0.0,0.0,0.0,0.0,0.0,0.13450590904626303,0.0,0.0,0.0,0.0,0.0,0.0,0.028261903204842845,0.0,0.0,0.0,0.0,0.0,0.0,0.0,0.0,0.015145313723060699,0.044206650264353844,0.0,0.0,0.0,0.0,0.0,0.0,0.0,0.0,0.010264634715298693,0.0,0.0,0.052684611929296875,0.04587986586749656,0.033710918572184646,0.033829057204785205,0.0,0.0,0.0,0.0,0.0,0.0,0.0,0.0,0.0,0.0,0.0,0.0,0.0,0.08452723978131556,0.0,0.012441846253305069,0.0,0.0,0.0,0.0,0.0,0.0,0.0,0.0,0.0,0.0,0.0,0.0,0.0,0.0,0.0,0.0,0.0,0.020277810939880625,0.0,0.0,0.0,0.0,0.003122793384598822,0.0,0.0,0.0,0.0,0.0,0.0,0.0,0.0,0.0,0.0,0.0,0.024277813380683057,0.010573309779509345,0.0,0.0,0.0,0.0,0.0,0.0,0.0,0.0,0.0,0.0,0.0,0.0010545496183228269,0.0025716316779105554,0.0,0.0,0.0,0.0,0.0,0.0,0.0,0.019103697777701524,0.0,0.032474134885153244,0.0393407733421422,0.0,0.0,0.0,0.0057411798330614435,0.0,0.0,0.0,0.0,0.0,0.0,0.0,0.0,0.0,0.0,0.0,0.0,0.0,0.0,0.05171637203307846,0.0,0.0,0.0,0.0,0.0,0.0,0.0,0.0,0.005812891024569032,0.0,0.0,0.0,0.0,0.0,0.0,0.0,0.06456419441277449,0.0,0.0,0.0,0.0,0.023092891737848467,0.0,0.0,0.0,0.0,0.0,0.0,0.0,0.0,0.0,0.0,0.0,0.0,0.0,0.034618143675353645,0.0,0.0,0.0031305525002115237,0.0,0.0,0.0,0.0,0.0,0.0,0.0,0.0,0.0,0.03475372625672737,0.19446954958684673,0.0,0.0,0.0,0.0,0.0,0.0,0.0,0.0,0.0,0.0,0.0,0.0179953273080883,0.0,0.0,0.0,0.0,0.0,0.0,0.0,0.0,0.0,0.0,0.0,0.0,0.0,0.0,0.010225291672254258,0.0,0.0,0.0,0.006911281819277411,0.0,0.029867755168433322,0.0,0.001058381272844175,0.021366380297308914
2057.0,0.00741386413788344,0.049735562688467676,0.0,0.0,0.0,0.0,0.009716317391567886,0.0,0.015468636027860536,0.0,0.0,0.06932807497546908,0.0,0.0,0.0,0.07032807936504987,0.0,0.0709617968407808,0.0,0.0,0.06937944297823223,0.05881380936785798,0.0,0.0,0.0,0.0,0.0,0.0,0.0,0.0,0.0,0.0,0.0,0.0,0.00987713449866576,0.0,0.0,0.0,0.0,0.04508429152960212,0.0,0.0,0.0,0.0,0.0,0.0,0.0,0.0,0.0,0.0,0.0,0.0,0.0,0.0,0.0,0.03625152846338258,0.0,0.0,0.0,0.009175830619707469,0.0,0.0,0.0,0.0,0.0,0.0,0.0,0.0,0.0,0.0,0.0,0.08720928628198743,0.0,0.02469746888645499,0.0,0.052470196971930116,0.0,0.0,0.0,0.035735590219424525,0.0,0.0033114493028779425,0.0,0.0,0.0,0.0,0.0,0.0,0.0,0.0,0.0,0.0,0.0,0.0,0.0,0.0,0.0,0.0,0.03845927931424523,0.0,0.03937286252318297,0.0,0.0,0.0,0.0,0.0,0.0,0.0,0.0,0.01311756867364088,0.0,0.06031186124325144,0.0,0.06601108859072992,0.0,0.0,0.0,0.00941464404114547,0.0,0.0,0.0,0.0687599935002333,0.0,0.0,0.0,0.0,0.0,0.0,0.0,0.0,0.0,0.0,0.0,0.0,0.0,0.0,0.0,0.0,0.0,0.0,0.0,0.13554355862522538,0.0,0.0,0.0,0.0,0.0,0.0,0.02831502995900573,0.0,0.0,0.028760773972063752,0.0,0.0,0.0,0.0,0.0,0.015145313723060699,0.04520539572669614,0.0,0.0,0.0,0.0,0.0,0.0,0.0,0.0,0.010264634715298693,0.0,0.0,0.052684611929296875,0.04587989964683755,0.033726704387326056,0.03386603192728442,0.0,0.0,0.0,0.0,0.0,0.0,0.0,0.0,0.0,0.0,0.0,0.0,0.0,0.08469370447561994,0.0,0.012478607370474414,0.0,0.0,0.0,0.0,0.0,0.0,0.0,0.0,0.0,0.0,0.0,0.0,0.0,0.0,0.0,0.0,0.0,0.020277810939880625,0.0,0.0,0.0,0.0,0.0031228239409429918,0.0,0.0,0.0,0.0,0.0,0.0,0.0,0.0,0.0,0.0,0.0,0.024277849573314456,0.010573619512877462,0.0,0.0,0.0,0.0,0.0,0.0,0.0,0.0,0.0,0.0,0.0,0.0010545496183228269,0.0025716316779105554,0.0,0.0,0.0,0.026133277060960268,0.0,0.0,0.0,0.019103697777701524,0.0,0.03254623044407989,0.03934077396554387,0.0,0.0,0.0,0.0057411798330614435,0.0,0.0,0.0,0.0,0.0,0.0,0.0,0.0,0.0,0.0,0.0,0.0,0.0,0.0,0.05569532735147363,0.0,0.0,0.0,0.0,0.0,0.0,0.0,0.0,0.005812891024569032,0.0,0.0,0.0,0.0,0.0,0.0,0.0,0.06502046777578623,0.0,0.0,0.0,0.0,0.023092891845250686,0.0,0.0,0.0,0.0,0.0,0.0,0.0,0.0,0.0,0.0,0.0,0.0,0.0,0.03922058412428843,0.0,0.0,0.0031305525002115237,0.0,0.0,0.0,0.0,0.0,0.0,0.0,0.0,0.0,0.03475372625672737,0.19653161980139625,0.0,0.0,0.0,0.0,0.0,0.0,0.0,0.0,0.0,0.0,0.011166707784839447,0.0179953273080883,0.0,0.0,0.0,0.0,0.0,0.0,0.0,0.0,0.0,0.0,0.0,0.0,0.0,0.0,0.010225291672254258,0.0,0.0,0.0,0.006911281819277411,0.0,0.029868077856502556,0.0,0.001058381272844175,0.021373599582357735
2058.0,0.007429205104617564,0.049738828184174466,0.0,0.0,0.0,0.0,0.00979110516024229,0.0,0.015468636307659116,0.0,0.0,0.06943889598827399,0.0,0.0,0.0,0.07033398191266557,0.0,0.07096355975097661,0.0,0.0,0.06945172585504143,0.05881388681630625,0.0,0.0,0.0,0.0,0.0,0.0,0.0,0.0,0.0,0.0,0.0,0.0,0.009877146966747777,0.0,0.0,0.0,0.0,0.04508429152960212,0.0,0.0,0.0,0.0,0.0,0.0,0.0,0.0,0.0,0.0,0.0,0.0,0.0,0.0,0.0,0.036255164952728534,0.0,0.0,0.0,0.009175830619707469,0.0,0.0,0.0,0.0,0.0,0.0,0.0,0.0,0.0,0.0,0.0,0.08720929165644775,0.0,0.02469748114063089,0.0,0.05534016315580158,0.0,0.0,0.0,0.03573624244184343,0.0,0.0033114493028779425,0.0,0.0,0.0,0.0,0.0,0.0,0.0,0.0,0.0,0.0,0.0,0.0,0.0,0.0,0.0,0.0,0.03845927931424523,0.0,0.03937353562427997,0.0,0.0,0.0,0.0,0.0,0.0,0.0,0.0,0.013886641158434371,0.0,0.06357896713639143,0.0,0.06603571674681565,0.0,0.0,0.0,0.00941464404114547,0.0,0.0,0.0,0.07132109790343971,0.0,0.0,0.0,0.0,0.0,0.0,0.0,0.0,0.0,0.0,0.0,0.0,0.0,0.0,0.0,0.0,0.0,0.0,0.0,0.13586945371477094,0.0,0.0,0.0,0.0,0.0,0.0,0.028336532436567415,0.0,0.0,0.03155302987021335,0.0,0.0,0.0,0.0,0.0,0.015145313723060699,0.04552263772267378,0.0,0.0,0.0,0.0,0.0,0.0,0.0,0.0,0.010264634715298693,0.0,0.0,0.052684611929296875,0.045879908116992045,0.033730552726941025,0.03389572058104753,0.0,0.0,0.0,0.0,0.0,0.0,0.0,0.0,0.0,0.0,0.0,0.0,0.0,0.08478950124803018,0.0,0.012487809052065152,0.0,0.0,0.0,0.0,0.0,0.0,0.0,0.0,0.0,0.0,0.0,0.0,0.0,0.0,0.0,0.0,0.0,0.020277810939880625,0.0,0.0,0.0,0.0,0.003122832749519123,0.0,0.0,0.0,0.0,0.0,0.0,0.0,0.0,0.0,0.0,0.0,0.024277854155010086,0.010573750409710857,0.0,0.0,0.0,0.0,0.0,0.0,0.0,0.0,0.0,0.0,0.0,0.0010545496183228269,0.0025716316779105554,0.0,0.0,0.0,0.030399168853949735,0.0,0.0,0.0,0.019103697777701524,0.0,0.032569089959799055,0.03934077415720038,0.0,0.0,0.0,0.0057411798330614435,0.0,0.0,0.0,0.0,0.0,0.0,0.0,0.0,0.0,0.0,0.0,0.0,0.0,0.0,0.056962628390805445,0.0,0.0,0.0,0.0,0.0,0.0,0.0,0.0,0.005812891024569032,0.0,0.0,0.0,0.0,0.0,0.0,0.0,0.06520487886476155,0.0,0.0,0.0,0.0,0.023092891871345007,0.0,0.0,0.0,0.0,0.0,0.0,0.0,0.0,0.0,0.0,0.0,0.0,0.0,0.03934015740091492,0.0,0.0,0.0031305525002115237,0.0,0.0,0.0,0.0,0.0,0.0,0.0,0.0,0.0,0.03475372625672737,0.1973357276148912,0.0,0.0,0.0,0.0,0.0,0.0,0.0,0.0,0.0,0.0,0.011792258505022087,0.0179953273080883,0.0,0.0,0.0,0.0,0.0,0.0,0.0,0.0,0.0,0.0,0.0,0.0,0.0,0.0,0.010225291672254258,0.029718057038894425,0.0,0.0,0.006911281819277411,0.0,0.029868196829820764,0.0,0.001058381272844175,0.02137654676390707
2059.0,0.007434006398088637,0.04974060081402249,0.0,0.0,0.0,0.0,0.009808490946850292,0.0,0.01546863639456684,0.0,0.0,0.06948908264567745,0.0,0.0,0.0,0.07033628348986891,0.0,0.07096432190004633,0.0,0.0,0.06948199159385476,0.05881390689010524,0.0,0.0,0.0,0.0,0.0,0.0,0.0,0.0,0.0,0.0,0.0,0.0,0.009877156071728722,0.0,0.0,0.0,0.0,0.04508429152960212,0.0,0.0,0.0,0.0,0.0,0.0,0.0,0.0,0.0,0.0,0.0,0.0,0.0,0.0,0.0,0.0362569773020628,0.0,0.0,0.0,0.009175830619707469,0.0,0.0,0.0,0.0,0.0,0.0,0.0,0.0,0.0,0.0,0.0,0.08720929543018952,0.0,0.024697484889928314,0.0,0.05654931203788484,0.0,0.0,0.0,0.035736526583164514,0.0,0.0033114493028779425,0.0,0.0,0.0,0.0,0.0,0.0,0.0,0.0,0.0,0.0,0.0,0.0,0.0,0.0,0.0,0.0,0.03845927931424523,0.0,0.03937363346426369,0.0,0.0,0.0,0.0,0.0,0.0,0.0,0.0,0.01409676508463302,0.0,0.06503681444761902,0.0,0.0660444146022343,0.0,0.0,0.0,0.00941464404114547,0.0,0.0,0.0,0.07247108309629255,0.0,0.0,0.0,0.0,0.0,0.0,0.0,0.0,0.0,0.0,0.0,0.0,0.0,0.0,0.0,0.0,0.0,0.0,0.0,0.13597179189345832,0.0,0.0,0.0,0.0,0.0,0.0,0.02833793073231883,0.0,0.0,0.03254742693933042,0.0,0.0,0.0,0.0,0.0,0.015145313723060699,0.04562340662506845,0.0,0.0,0.0,0.0,0.0,0.0,0.0,0.0,0.010264634715298693,0.0,0.0,0.052684611929296875,0.04587991024087945,0.033731822607982805,0.033906714903623694,0.0,0.0,0.0,0.0,0.0,0.0,0.0,0.0,0.0,0.0,0.0,0.0,0.0,0.08484466964759209,0.0,0.012490112326574118,0.0,0.0,0.0,0.0,0.0,0.0,0.0,0.0,0.0,0.0,0.0,0.0,0.0,0.0,0.0,0.0,0.0,0.020277810939880625,0.0,0.0,0.0,0.0,0.0031228352887958445,0.0,0.0,0.0,0.0,0.0,0.0,0.0,0.0,0.0,0.0,0.0,0.024277854155010086,0.010573799156057828,0.0,0.0,0.0,0.0,0.0,0.0,0.0,0.0,0.0,0.0,0.0,0.0010545496183228269,0.0025716316779105554,0.0,0.0,0.0,0.0325056843692089,0.0,0.0,0.0,0.019103697777701524,0.0,0.03257631033694592,0.03934077421612261,0.0,0.0,0.0,0.0057411798330614435,0.0,0.0,0.0,0.0,0.0,0.0,0.0,0.0,0.0,0.0,0.0,0.0,0.0,0.0,0.05736626497271592,0.0,0.0,0.0,0.0,0.0,0.0,0.0,0.0,0.005812891024569032,0.0,0.0,0.0,0.0,0.0,0.0,0.0,0.06527984154848426,0.0,0.0,0.0,0.0,0.023092891877684853,0.0,0.0,0.0,0.0,0.0,0.0,0.0,0.0,0.0,0.0,0.0,0.0,0.0,0.039361035440186,0.0,0.0,0.0031305525002115237,0.0,0.0,0.0,0.0,0.0,0.0,0.0,0.0,0.0,0.03475372625672737,0.19764929084292399,0.0,0.0,0.0,0.0,0.0,0.0,0.0,0.0,0.0,0.0,0.011958870880229133,0.0179953273080883,0.0,0.0,0.0,0.0,0.0,0.0,0.0,0.0,0.0,0.0,0.0,0.0,0.0,0.0,0.010225291672254258,0.03381923597229233,0.0,0.0,0.006911281819277411,0.0,0.02986824069462952,0.0,0.001058381272844175,0.021377749870636512
2060.0,0.007435509068643556,0.049741565679496356,0.0,0.0,0.0,0.0,0.009813451238900752,0.0,0.015468636421561087,0.0,0.0,0.06951187775520808,0.0,0.0,0.0,0.0703372559606804,0.0,0.07096468027589103,0.0,0.0,0.06949478719973361,0.058813912093018485,0.0,0.0,0.0,0.0,0.0,0.0,0.0,0.0,0.0,0.0,0.0,0.0,0.009877162720760863,0.0,0.0,0.0,0.0,0.04508429152960212,0.0,0.0,0.0,0.0,0.0,0.0,0.0,0.0,0.0,0.0,0.0,0.0,0.0,0.0,0.0,0.03625795972684434,0.0,0.0,0.0,0.009175830619707469,0.0,0.0,0.0,0.0,0.0,0.0,0.0,0.0,0.0,0.0,0.0,0.08720929791535771,0.0,0.024697486038123037,0.0,0.05705888442198597,0.0,0.0,0.0,0.035736672534237665,0.0,0.0033114493028779425,0.0,0.0,0.0,0.0,0.0,0.0,0.0,0.0,0.0,0.0,0.0,0.0,0.0,0.0,0.0,0.0,0.03845927931424523,0.0,0.03937363346426369,0.0,0.0,0.0,0.0,0.0,0.0,0.0,0.0,0.014154174581441362,0.0,0.0656873347712229,0.0,0.06604753299126748,0.0,0.0,0.0,0.00941464404114547,0.0,0.0,0.0,0.07298717929811213,0.0,0.0,0.0,0.0,0.0,0.0,0.0,0.0,0.0,0.0,0.0,0.0,0.0,0.0,0.0,0.0,0.0,0.0,0.0,0.136003942454761,0.0,0.0,0.0,0.0,0.0,0.0,0.028338271401327317,0.0,0.0,0.03289867677744246,0.0,0.0,0.0,0.0,0.0,0.015145313723060699,0.045655414908393394,0.0,0.0,0.0,0.0,0.0,0.0,0.0,0.0,0.010264634715298693,0.0,0.0,0.052684611929296875,0.04587991077344327,0.03373224163060496,0.033910732546056456,0.0,0.0,0.0,0.0,0.0,0.0,0.0,0.0,0.0,0.0,0.0,0.0,0.0,0.08487644057508416,0.0,0.012490688859614449,0.0,0.0,0.0,0.0,0.0,0.0,0.0,0.0,0.0,0.0,0.0,0.0,0.0,0.0,0.0,0.0,0.0,0.020277810939880625,0.0,0.0,0.0,0.0,0.0031228360208013554,0.0,0.0,0.0,0.0,0.0,0.0,0.0,0.0,0.0,0.0,0.0,0.024277854155010086,0.010573811336514539,0.0,0.0,0.0,0.0,0.0,0.0,0.0,0.0,0.0,0.0,0.0,0.0010545496183228269,0.0025716316779105554,0.0,0.0,0.0,0.03354589069214469,0.0,0.0,0.0,0.019103697777701524,0.0,0.032578572176712686,0.03934077423423746,0.0,0.0,0.0,0.0057411798330614435,0.0,0.0,0.0,0.0,0.0,0.0,0.0,0.0,0.0,0.0,0.0,0.0,0.0,0.0,0.05749482360653688,0.0,0.0,0.0,0.0,0.0,0.0,0.0,0.0,0.005812891024569032,0.0,0.0,0.0,0.0,0.0,0.0,0.0,0.06531043800136238,0.0,0.0,0.0,0.0,0.023092891879225176,0.0,0.0,0.0,0.0,0.0,0.0,0.0,0.0,0.0,0.0,0.0,0.0,0.0,0.03936467869323204,0.0,0.0,0.0031305525002115237,0.0,0.0,0.0,0.0,0.0,0.0,0.0,0.0,0.0,0.03475372625672737,0.19777156536654728,0.0,0.0,0.0,0.0,0.0,0.0,0.0,0.0,0.0,0.0,0.01200324727158558,0.0179953273080883,0.0,0.0,0.0,0.0,0.0,0.0,0.0,0.0,0.0,0.0,0.0,0.0,0.0,0.0,0.010225291672254258,0.0356517281386931,0.0,0.0,0.006911281819277411,0.0,0.029868256867343505,0.0,0.001058381272844175,0.021378240971037594
