gemeente,Age0to9,Age10to19,Age20to29,Age30to39,Age40to49,Age50to59,Age60to69,Age70to79,Age80to89,Age90to99,Age100plus
's-Gravenhage,744.1870965208379,954.2028901143888,932.5529460269755,1167.3045928213005,1016.171376880608,1290.1897879362164,1081.4086556108184,1139.1944912012223,1343.505374389275,1333.1934560268144,1436.0777384687442
's-Hertogenbosch,878.4794686426955,1046.4089743589705,1219.3322354339991,1209.07119747296,1430.3517613059796,1526.3569467811776,1427.5598200434415,1497.1756282875479,1638.1618250950569,1598.8539311241068,1649.5326436781647
Aa en Hunze,1407.0269565217397,1627.8950646298445,1685.798007968129,1633.926346153848,1850.4421291624662,1974.310637087601,2183.2392857142822,2492.9751497005964,2818.279069767446,3152.179353680432,3423.7528985507197
Aalsmeer,1088.7914686825068,1177.1677909870018,1154.1033492822967,1278.8544276457835,1567.8789337919134,1522.299204244027,1563.8457281553374,1532.1507246376805,1853.8896940418676,1854.45646766169,1872.065250965251
Aalten,1090.9585585585592,1175.8913419913415,1352.8041834271971,1455.2557406305789,1601.6840779467675,1725.3730599369114,1833.4075023741675,1900.7743654822336,2321.3476900149017,2418.624464285714,2646.939176090469
Achtkarspelen,1292.1755760368665,1506.811750000002,1655.8792382374868,1540.7726330338642,1639.2497773209918,1678.3463199647467,1833.0883888388878,2231.9868965517244,2438.0882822902777,2561.1855654761903,3257.1957537154985
Alblasserdam,1091.0714285714284,986.7985781990494,1058.6989402697463,1133.4398778359541,1258.6229603729607,1252.2676350958736,1347.5239074550125,1452.7760000000003,1469.1276872964168,1947.1011235955064,1801.3079207920794
Albrandswaard,1177.5328358208958,1101.101028608168,1258.6434439178568,1186.9427595628372,1447.3136715391188,1489.9691292875968,1558.500848484849,1846.4623853211024,2026.616753926703,2221.5210714285704,2393.7961538461564
Alkmaar,880.8049443207168,963.6045397854868,1054.0730227001188,1099.4247176403853,1337.1869479780516,1308.0579197622399,1328.545783972129,1376.6016293279063,1515.332248664399,1485.5077878643078,1642.2421786064817
Almelo,1050.8216119828821,1277.9761627906964,1324.0807441860488,1291.3652026310172,1492.2630540980572,1418.0666530445774,1411.249580084,1595.5746646795828,1786.3838008013743,1749.0754811715508,1809.0818343195301
Almere,901.3474501108757,1121.9161176961024,1195.9993382072914,1130.981432162759,1200.5126330588496,1200.5126330588496,1200.5126330588496,1200.5126330588496,1200.5126330588496,1200.5126330588496,1200.5126330588496
Alphen aan den Rijn,939.0320240825656,1087.4042149631243,1216.8732920294776,1199.1292604130406,1325.9146496815406,1336.9715408623645,1358.9298003629747,1453.0313725490262,1802.6120737327203,1666.3239680426077,1991.161004566209
Alphen-Chaam,1121.268936170212,1571.0733780760606,2137.2503171247354,1958.405923344945,2347.984449760766,2383.86544850498,2749.8750841750834,3186.4638297872343,3210.397101449276,7901.805333333332,3238.8972602739727
Altena,1046.2504823151141,1235.1841417910434,1409.5003965106987,1491.9361543909306,1671.6743146740528,1830.6011220673295,1933.2024875621928,2202.5672514619873,2314.7723492723485,2286.3490625000004,2477.7853285787064
Ameland,1317.4518518518516,1623.8369369369368,1297.8175496688757,1564.617117117117,2034.4333333333327,2253.3862068965523,2160.2543046357623,2209.3081081081077,2186.7521126760557,2404.391666666667,1914.3828178694155
Amersfoort,930.8171689877373,1062.831084670152,1189.1239549839183,1131.402841050277,1338.616831238784,1396.6338276487447,1282.184702062659,1596.4701718907966,1813.3105048859961,1729.731476846057,1774.9696969697031
Amstelveen,807.397518878102,1074.0902789171503,1103.7540205455023,1182.594871326882,1157.4171549659056,1242.805191073639,1452.2157551333892,1405.0181614349783,1949.5428068410479,1986.2675791274603,2215.0337175792524
Amsterdam,610.0286655641028,784.9132203132144,884.0798258982826,871.5846865465695,936.792983959861,1078.9078901281948,1039.5854310840762,965.2856014959449,1073.7846480286805,1084.178861879693,1103.5295019866053
Apeldoorn,1039.2758051845976,1169.65026540132,1201.3037080558727,1215.8297357039935,1313.5008122680438,1383.9759686303632,1471.1335389495846,1613.3543451652333,2124.8597786927385,2002.7681537598125,2223.630101590103
Appingedam,944.5802500000012,1116.9201526717561,1371.7913919413918,1131.5020332717183,1356.299001814877,1363.3824043715902,1511.4937086092705,1820.5343537414965,1886.017220543809,2017.3509933774835,2094.1697068403896
Arnhem,893.0573674588608,1114.0053746842545,1128.1558385760204,1047.1890423479283,1213.5896018905885,1249.4212247448218,1281.135423625855,1464.6552037723081,1608.6569702276638,1579.8069345074289,1528.9717948717962
Assen,838.5471116816473,1203.321785421773,1300.9781123014372,1293.9237905759041,1445.475236966812,1419.9696761904768,1296.4554896142586,1735.0921914357684,2052.427329974811,2082.4868292682927,2430.012144212524
Asten,1214.6146706586828,1492.1058676654184,1734.829667149059,1545.1616138763204,1949.5798634812284,1913.7473584905651,2296.6221505376357,2457.3317241379314,2445.3354999999997,2866.135570469799,2797.290070921986
Baarle-Nassau,1088.7094017094016,1330.9379032258057,1501.8168711656442,1697.2242524916935,1868.97030411449,1994.3455813953494,2155.028282828282,2433.3,2505.196521739131,2323.3162790697675,2628.67803468208
Baarn,758.5461538461547,1108.9308943089432,1219.4113375796187,1083.688830486203,1419.9454907161733,1319.1976386036818,1498.1669982445912,1938.2814516129024,1863.8171014492757,1804.0679438058762,2102.40836431227
Barendrecht,1020.2962800875246,1099.1947582537991,1170.0900340886408,1192.927855833844,1390.0214185063528,1414.766684266116,1535.6432835820913,1866.064150943395,1772.6383480825964,1988.5809322033888,2371.669273743017
Barneveld,945.5975639097676,1106.4634528472432,1211.50240861434,1385.8946262487177,1603.9932270916431,1744.9901480111055,1741.6105719237514,1914.5906077348075,2136.5272413793105,2157.8041116005875,2183.708256880732
Beek,973.758064516129,1348.8425781249987,1376.9899300699276,1458.8577380952402,1864.9755361397977,1652.7509187907633,1840.7181818181805,1959.4473251028821,2447.972845953004,2438.5126696832585,2662.5563356164375
Beekdaelen,1235.032530120481,1516.440809248555,1734.119925512105,1555.8141487905036,1940.567971317591,1967.235523420292,1975.8708756652143,2036.0041558441549,2390.099158485273,2295.3182831661084,2823.347106955003
Beemster,1200.8029900332212,1244.5866412213736,1345.806266318539,1349.4218362282872,1631.0694230769222,1865.2386861313892,1744.3207792207797,2112.4495327102813,2484.249431818181,2657.8322916666675,3217.7478645066262
Beesel,1044.5214285714292,1199.170915032679,1489.3998480243151,1365.6373865698718,1738.8124999999945,1817.365491452994,1905.3982113821148,1912.286690647482,2633.067096774194,2415.5793333333336,2617.065811965812
Berg en Dal,880.7472446236567,1203.1457286432164,1412.7300589390943,1327.9301356102421,1541.0843612334818,1714.7801970905634,1863.7802698145042,2209.405115712543,2184.559735349718,2222.443364928908,2422.130330330331
Bergeijk,1170.8937943262406,1541.075326560232,1914.3752095808368,1682.0857459379627,2012.4156591405686,2180.5300432276626,2367.6636363636353,2270.211870503596,2890.1812977099225,2700.7711111111107,2945.1525423728813
Bergen (L.),1205.2428571428582,1217.996061269146,1691.121908893708,1776.348765432098,1738.9768716577444,1910.457142857142,2230.8367938931287,2942.0440433212984,2629.1470588235293,2864.7286764705887,3028.668138801262
Bergen (NH.),1223.0405797101464,1341.2218905472694,1553.6948924731196,1435.8905691056932,1493.446916982424,1506.3261095700436,1936.8808219178072,1994.549436090226,2144.6586253369283,2291.128466386553,2546.4476550680756
Bergen op Zoom,916.2873424104854,1301.0062420382235,1318.4951977401133,1156.0584590517276,1409.1903106982686,1384.8894829482708,1541.0828229027948,1614.0966216216211,1806.1579028527374,1766.5865733113678,1961.391946778712
Berkelland,1047.3057591623046,1217.6410515135424,1434.045101959222,1521.5431435445064,1728.6944657534195,1774.8788657978187,1966.8846330275144,2112.644522144522,2455.222969543146,2407.59850628931,2671.5923620933513
Bernheze,1050.0106280193238,1291.5165035877335,1638.5118046132934,1554.7115455381802,1797.82821341957,1922.204730473046,2416.3176781002658,2091.9847305389217,2332.4004132231416,2333.479601990049,2588.7910416666655
Best,980.0497120921319,1283.5288583509507,1416.0234156820602,1374.374643011677,1631.6808677469926,1478.3692819148785,1834.4158640226603,1551.1296296296362,2256.4509433962253,2381.010909090909,2601.594047619047
Beuningen,1011.473372093025,1338.5826233183877,1461.4908256880726,1317.2847777422423,1625.0965346534722,1716.1271132376428,2077.043589743592,1863.6496688741731,2831.201234567901,2875.5071428571428,3188.8152083333343
Beverwijk,844.8970335675265,1025.1540051679553,894.3587622149877,997.9405310425719,1242.452589852003,1223.5053773585137,1203.2937431793446,1424.7431899641554,1608.1316742081408,1643.4527777777798,1566.5378743961412
Bladel,1095.656883116886,1325.8862100456686,1633.9757540603264,1650.7659269864,1951.496235418874,1862.7612558450228,2257.7883910386945,2323.423451327434,2710.495238095238,2888.548701298702,2584.031557377049
Blaricum,1230.0575379125755,2417.1378698224853,2389.806779661017,2221.1036231884073,1488.6093959731372,2022.589610389612,2176.8463888888896,2419.3403669724776,2468.8996805111838,2417.0417004048586,2845.0451923076917
Bloemendaal,1225.6448516579417,1181.2459107806678,1429.9457407407413,1520.0639470782876,1607.1832053742799,1710.6996710526275,1705.5501883948775,2118.5389162561573,2245.961674008811,2317.3914007571634,2667.522008862625
Bodegraven-Reeuwijk,980.016868327405,1170.2350262697043,1446.278920495988,1357.546827021497,1601.591726466856,1420.542069939953,1415.7356807511721,1624.1666666666663,1907.9182417582424,1848.6890909090898,2146.3392828035853
Boekel,1164.7476833976825,1223.4922948073734,1723.5218029350096,1592.2801038062296,1803.8052272727284,2384.9690140845055,2337.730268199232,2364.3025316455696,2679.0181102362203,2809.599090909092,2504.3519083969463
Borger-Odoorn,1242.9293969849255,1435.6869311551916,1587.1705793829917,1483.666693227089,1784.2549060542813,1740.847801009374,1943.6991596638666,1995.5185983827487,2486.0268376068407,2634.1842307692305,2666.8325198291623
Borne,1198.697069271758,1309.7537944284304,1415.5101200686074,1585.4202673796744,1783.574708377516,1659.4395555555518,1812.2139583333312,1820.4610687022898,2090.652043596729,2003.4918032786882,2513.064999999999
Borsele,1009.5781629116109,1369.4915985997666,1457.1903827281662,1414.234598012646,1622.2747907949783,1828.0438075742072,2025.2346774193552,1857.8160237388724,2299.4898843930605,2428.387184873948,2372.102631578947
Boxmeer,910.9676056337996,1375.5182027649778,1445.3402714932115,1357.981039603964,1807.435183639402,1846.469058553396,2100.0348813209494,2512.3665887850448,2423.6750000000015,2264.018622448979,2568.967162162163
Boxtel,955.7407120743023,1259.1090009000902,1434.0723320158108,1344.453684807259,1653.8775050534084,1645.1094547273603,1683.7093545369507,1830.8665615141947,2331.112648221345,2289.8593659942367,2037.387860082305
Breda,828.6265564050622,1029.8391762933243,1164.9718538981058,1163.1577090160974,1381.5387556823102,1444.7660994662888,1415.6521853146946,1602.7549129702495,1763.716093535069,1712.7707856597967,1814.8993941619246
Brielle,921.7040561622457,1007.4242749731486,1457.4469123505937,1208.2791443850253,1447.3635208711414,1449.2686913307648,1667.27234848485,1919.3888888888885,1829.3636363636356,2134.020652173913,1809.3270238095238
Bronckhorst,1130.4406249999981,1358.2266485998184,1477.4456246560362,1538.4778074866285,1800.6186500195042,1769.57954445906,1938.6302169035175,2117.0282115869018,2370.877317073171,2424.4962025316463,2767.167964205813
Brummen,1133.8236323851183,1033.6000000000024,1302.6575381679404,1289.3633012820496,1572.7385800401923,1468.9663392272423,1582.8990837696333,1486.825612472153,2071.0977528089875,2172.5043343653247,2440.0727962085316
Brunssum,936.1567272727269,1211.3637354651148,1317.1390037593997,1159.5099395936309,1510.6557592853806,1581.9804911323063,1772.7520976831563,1732.199443929565,2244.687560975608,1949.274621653083,1797.587650200271
Bunnik,1084.2080786026195,1119.4937853107333,1204.946794871794,1304.2253549695765,1660.770662695458,1685.6313650306683,1822.1651026392954,1839.0602564102567,1960.094240837697,2440.96618705036,2880.735371179041
Bunschoten,918.6580272822669,1081.2059210526363,1297.023647932129,1430.0397124887706,1536.704404824336,1482.8714169381094,1631.53503937008,1845.5578947368422,1758.8423423423426,1690.6612244897965,1750.8317391304365
Buren,1117.6812770562792,1442.5883877159358,1711.7997846374724,1757.1072924747912,1769.639509692132,1811.0716406829974,2007.1263005780336,2101.1493074792256,2332.098516320473,2371.3951530612253,2675.6277607361953
Capelle aan den IJssel,972.8360824742253,939.6481727574729,1098.754921700221,1033.967157765516,1199.4149483352778,1162.500550497608,1231.161288265308,1321.7802816901417,1520.421673003802,1680.3547344110855,2054.5717647058823
Castricum,1004.1857965451054,1164.7920032310192,1256.296637426897,1333.0133697135075,1549.540934065939,1538.1206219806913,1603.07369882026,1558.7057736720571,1951.4498132004971,1897.9270212765987,2050.7195895522373
Coevorden,1300.2466314398955,1524.9760244115091,1548.8571629873163,1618.778074866315,1711.2589499539454,1713.7095560253722,2017.2429035752969,2032.6164251207715,2523.7225621414914,2525.866666666667,2716.896653992397
Cranendonck,1291.2214457831324,1425.9609540636054,1667.5755252100835,1667.1807262569853,1864.4002732240378,1782.115714285716,2117.4402332361497,2135.0747747747755,2512.8021551724137,2724.4925287356305,2733.7989637305714
Cuijk,922.2229828850841,1320.1563139931764,1244.7373652694541,1410.2370600414092,1634.656366289671,1808.910827168799,1896.498780487804,1968.8789473684203,2669.3032051282057,2648.2759562841525,2927.4324503311277
Culemborg,954.0480263157901,1035.2437129300124,1236.3783695652141,1362.2848806366028,1387.5948076031657,1390.9229337712243,1564.8558185404354,1611.5032432432438,1601.3113022113027,1534.949848942598,1715.6601876675616
Dalfsen,1106.4414211438498,1438.9535846267543,1643.731381892439,1683.8946533490046,1954.87576438849,1905.1112787356344,1948.0486358244402,2218.8606741573035,2271.28216704289,2380.9894366197186,2549.332473622508
Dantumadiel,1211.0163580246915,1527.714772727274,1519.9103375527407,1646.946908734054,1639.4769938650406,1834.1437860082344,1805.3589494163423,1875.4583941605842,2184.0679245283022,2235.8911227154053,2688.633982947624
De Bilt,987.5871376811577,1384.9021791767618,1412.3844827586115,1271.1866720192716,1393.4564281872097,1472.6649146757647,1496.8261712439307,1803.244126074499,2099.4856269113156,2114.6758508914104,2342.1537349397577
De Fryske Marren,1204.465460186146,1544.8252396166113,1564.1136876763867,1560.881196013287,1713.8877628635323,1778.4624325296902,1913.7957312806159,1952.913636363638,2734.2217317487252,2494.2161167512677,2792.0457652867403
De Ronde Venen,986.9456310679619,1278.2996485061524,1230.8244423350657,1288.20546139358,1625.6860410557042,1603.496642929807,1637.733638025583,1861.891798107255,2113.564957264958,2163.676149425288,2264.698662551444
De Wolden,1186.396099290782,1495.2307898259683,1604.2637162162148,1700.420425208809,1918.8694885361565,1871.0656202143996,2114.1120448179263,2321.644402985074,2663.6706161137445,2726.359603960396,3099.7137315748655
Delft,696.903812316725,865.7868378290475,996.0113731269943,910.7818829707529,1001.11711529484,1120.3220752498682,1105.5115239477443,1223.0551643192462,1375.8412523900488,1361.99089857308,1470.254689471466
Delfzijl,1378.5812865497064,1230.8375394321774,1340.6596571428659,1362.995121951221,1522.7000620732324,1616.5957530864127,1698.0183460076066,2265.12800925926,2144.4780442804413,2564.1313229571997,3085.5351638618267
Den Helder,889.9639157155427,1044.2470697674403,1336.298465753425,1113.06739244491,1304.4417214331158,1395.8012525326574,1334.1276679841922,1446.332816537467,1525.5686266274681,1471.4523341523359,1413.2319018404894
Deurne,1139.678058645096,1437.414150943395,1568.8918131868136,1627.3856623586519,1861.4072150575012,2099.6992672203214,2379.0626016260153,2675.468894601543,2765.6072992700733,3117.150549450549,2992.912465373961
Deventer,971.6033750869891,1112.8563604919332,1233.0110085584888,1251.540730237487,1471.6432456334494,1334.1322549952386,1385.426755392386,1452.5261806130907,1599.4506088825187,1636.223097112862,1670.9810384959785
Diemen,670.1602409638558,660.5363324764355,989.0633272058808,957.6766345666549,1176.529865771815,1087.363317274585,1258.5042682926792,1395.4091666666666,1469.7275510204076,1330.3255319148936,1668.025
Dinkelland,1421.3369863013697,1491.9965263157947,1650.9794059405936,1700.1835946924025,1870.0822935779877,1963.7419469026536,1877.7955456570153,2035.0853503184715,2224.964350453172,2289.0132596685085,2389.4631578947383
Doesburg,985.227016129032,806.3800458715598,1343.359340659345,1271.4736781609208,1440.7344242424242,1433.0850855745714,1488.1524705882305,1437.9588607594937,1893.6469387755105,1871.2749999999996,2100.8254601227004
Doetinchem,1007.1818495117735,1135.9060301507484,1215.6988016629941,1284.222603579305,1458.4074762578314,1381.3408265847638,1585.2988286969264,1710.802631578944,2154.086683630194,2112.9612217795516,2281.9077380952376
Dongen,1092.8690058479526,1131.490714948932,1435.6010366275061,1335.072019765291,1622.0737908226558,1520.925626204238,1875.7426395939103,1789.4414728682168,2278.456657963447,2240.0865497076024,3622.9700000000007
Dordrecht,832.5455732946278,1063.6093000648111,1098.1286339754652,1050.885922396187,1149.466533066146,1213.2776673640203,1146.2732640053682,1438.3597839135575,1448.906267217631,1501.4890118577107,1578.0345834103064
Drechterland,1136.0016427104733,1202.8263719512174,1423.2921996879904,1433.3182857142842,1627.0907431551489,1753.8705152671764,1987.6161392405058,2211.8569536423843,2188.850450450451,2177.887878787878,2577.7450743494437
Drimmelen,1090.0269999999982,1254.095800524932,1408.2072427983558,1472.5012658227888,1604.8995460173403,1663.1836803874055,1829.7292759706186,1999.5687960687967,2114.2502590673575,2096.2660592255147,2236.9440356744735
Dronten,1080.0475308641974,1168.9435677530114,1600.7190443529964,1494.3647778943607,1500.8572285143136,1763.5229927007442,2331.5027777777777,2331.5027777777777,2331.5027777777777,2331.5027777777777,2331.5027777777777
Druten,1013.581345177665,1225.136585365855,1519.563349514561,1491.4449409780796,1518.3818991097935,1713.3095890410984,1876.3453093812375,1826.7806666666665,2134.3865168539323,2500.437606837606,2526.6949549549518
Duiven,1111.9772594752185,1210.2947619047616,1301.7402770517579,1278.2793564714366,1476.3355115511501,1649.7623595505681,2035.8308157099705,2322.0087912087915,2890.397333333334,3101.942857142857,3151.193103448275
Echt-Susteren,1382.2364583333322,1390.301047542302,1539.838778513616,1518.0472278225736,1819.7381621621657,1803.1519726858855,1981.740793976729,2045.0402321083182,2554.35517928287,2376.6188888888887,2664.0161290322535
Edam-Volendam,1046.2075438596473,1180.3398685651705,1278.0438235294064,1408.901340206182,1487.9091785936541,1488.0049351944167,1574.612553740328,1553.5476363636349,1499.9883333333328,1583.1953623188397,2009.663687676387
Ede,953.6686178577671,1110.3790578999037,1141.620563928039,1270.9623149221006,1501.5610594658467,1478.5183865494394,1590.2304473902293,1793.3976758793963,2151.005098684209,2119.3671513193312,2236.4713130055984
Eemnes,1048.7337765957438,1257.4447278911578,1450.0908959537587,1251.2207100591668,1563.2495503597167,1581.234793814433,1591.5114583333332,4109.322222222222,2454.9083333333338,1713.3272727272727,2461.030188679246
Eersel,1135.8740294511365,1269.2103321033198,1612.8475308642028,1542.8030893216965,1957.7054709531822,2294.6572192513345,2439.218968386021,2432.3353741496594,2433.9712765957447,2846.1779661016944,2721.2060000000006
Eijsden-Margraten,1174.947855530474,1390.308188976378,1655.5923835125418,1561.3082450832105,2045.6688176895357,2084.7565145684425,2047.463274853801,2190.1270833333338,2543.5990476190477,2511.8958904109604,2527.3957219251324
Eindhoven,733.8754723162564,1031.127507744923,1267.2054848099076,1255.6106694099506,1392.9525636652718,1402.2680440471256,1371.6427280197477,1392.012487591831,1711.072116149566,1644.5603589305267,1660.248393642204
Elburg,1068.2627245508972,1170.6150525087503,1395.6029347826095,1299.8651414309522,1745.7727971614477,1587.712307692315,1688.2109189189216,1958.9543778801851,2247.39822485207,1959.5022556390982,1871.9762295081978
Emmen,993.1618404118398,1418.1500789177007,1420.1786964129483,1370.8039746066697,1466.1354611923832,1439.4792287581872,1614.5657655611017,1858.4551045510484,2100.3415691374107,2263.6059238363905,2396.285903307886
Enkhuizen,979.6585308056852,984.0402121504344,1244.6893557422984,1196.6683530678142,1389.0355079681235,1297.316726403823,1528.052777777779,1260.9949640287764,1659.494976076555,1669.9681514476601,1690.2556451612936
Enschede,988.8679282310075,1052.7584122175988,1181.212451995802,1164.5941494538786,1281.4362198318852,1315.5937943421739,1292.3680106504294,1523.7670048309237,1750.742166140903,1642.5221132897666,1703.0999550864567
Epe,969.9024999999988,1612.6559006211166,1441.7668407310732,1575.1607052896659,1920.1583176868098,1692.730283458918,2255.0930144267177,2890.786933333333,2979.748933500626,2980.889044943818,3885.8532550693694
Ermelo,992.9125153374234,1171.0189748201437,1239.424061810159,1332.864206642072,1570.6715756136302,1611.6863991081398,1740.2531392174724,2013.8757961783442,2210.2494656488534,2170.1343347639477,2339.403284671533
Etten-Leur,981.9272850372398,1133.1738805970133,1345.2172914850337,1246.6322331460667,1485.7760853747338,1548.826276150624,1696.9713801862804,2116.986062717771,2358.6990566037757,2309.414492753623,2580.5595667870043
Geertruidenberg,929.705194805195,1050.0901554404147,1270.906625258798,1235.415623171446,1530.4558321132251,1441.5082758620663,1515.2173469387749,1735.9906976744182,1859.3739910313914,1989.6162393162388,2317.1569288389487
Geldrop-Mierlo,1163.0456310679604,1154.9606831395345,1465.593802197795,1393.8704757858918,1551.3842180094937,1641.5411336032405,1740.959614354583,1749.3131578947364,2248.3405555555555,2239.2686046511612,2747.1319587628864
Gemert-Bakel,1122.373637176049,1407.3822018348662,1678.57961826857,1572.5022815534023,1818.357142857143,2142.0480164158744,2016.67560728745,2062.748172757475,2558.160759493671,2802.761849710981,2939.0327777777775
Gennep,1047.0115183246069,1298.8716049382713,1585.5984126984115,1500.7982630272973,1845.547759000734,1859.0193839218632,2143.7620895522373,2137.9973293768535,2432.69603960396,2334.636029411765,2538.9008310249296
Gilze en Rijen,983.2343422584407,1116.6313829787227,1494.740275650842,1335.768353726365,1582.813412887823,1553.764272559849,1750.5536007292567,1888.6908571428573,2231.383908045975,2261.7766016713117,2441.186890243903
Goeree-Overflakkee,953.7328007101638,1287.8498113207545,1490.0261990950262,1469.504428044282,1484.4263204485144,1585.2264909248056,1916.5470671712376,1942.811071428571,1871.0119302949054,1954.0583537082323,2185.620640937281
Goes,911.8587939698509,1127.7459422283391,1325.9188204357595,1264.1590320765335,1347.9638951071427,1359.7383688228072,1484.3332616487412,1445.8029593094907,1708.8833116036526,1681.3230679156904,1684.0092362344599
Goirle,1180.9414965986398,1109.0166972477077,1452.076470588236,1360.1410272277235,1545.7773747841056,1882.5848190644338,1826.2459944751372,1584.3196629213487,2081.9504531722064,2090.377586206895,2382.5954545454556
Gooise Meren,1006.4762439807375,1032.0047169811328,993.6503033645836,1127.0408135283328,1430.8439963751653,1337.3549076517302,1425.3985154256645,1447.4636574074098,1955.3264446620967,1970.9186813186816,1987.6418063314713
Gorinchem,943.4079037800688,1194.0239076669427,1186.5303508771854,1113.4019839142113,1187.8832435666986,1199.1286230248327,1248.6221586263046,1361.4386543535531,1699.474013157894,1837.1830409356714,1587.7196145905025
Gouda,837.9323613766755,1023.2844865258562,1151.649681528668,1108.6175969880571,1227.8863737998179,1324.3226622662419,1169.3918068763755,1308.4202995008282,1482.447567075941,1407.4639093782926,1564.456922620811
Grave,841.0954285714298,1214.824451410658,1477.0055045871552,1462.4738066095463,1560.9153219233983,1644.5929020664937,1756.6681347150256,1947.1679104477607,2584.8578124999995,2686.4327868852456,2385.4498644986443
Groningen,748.5050706920224,1086.0678715308736,1174.7362032248325,1134.7606365400052,1253.1288887401913,1324.1167167039507,1212.6319454718423,1236.838873572271,1391.4099201939557,1515.8005228398545,1465.0586559702465
Gulpen-Wittem,962.8307692307689,1155.5064593301422,1603.9281833616324,1435.6501632208933,1916.377034883717,1855.3191528545121,2027.0323397913533,2585.8465517241384,2215.845486111111,2281.2725055432393,2523.5355507088343
Haaksbergen,1126.9014311270107,1377.536289381566,1409.0425914817067,1549.8870565045981,1613.81022908896,1566.4669421487495,1681.7580171358597,1555.1869090909083,2148.1028639618125,2216.0196141479096,2375.253543307086
Haaren,981.3175332527213,1451.209139784947,1600.0284313725488,1821.6053388090363,2244.790112994349,2356.5534482758626,2210.751089588379,2182.3328671328663,2397.4328947368413,2488.8879518072285,2984.1273408239736
Haarlem,785.7108028807792,873.4109647058797,975.0436706689536,1019.8904424778584,1201.6408037653773,1166.62935483872,1198.2099642789854,1277.5844011142076,1493.016656918945,1461.3876536495147,1464.7501605651803
Haarlemmermeer,885.0166902404507,1113.9976197494461,1113.9481840430772,1167.16726274509,1370.2480794303951,1489.5450556983624,1477.112152420179,1643.5070229007606,1804.735232668569,1834.9349326599329,1923.0968813559352
Halderberge,1044.041656942826,1232.2600646725934,1589.3261106780997,1518.6181564245778,1703.5268383598818,2018.583220174584,1839.8851291184326,1860.7048309178751,2223.9012820512817,2127.9862337662344,2271.4337704918025
Hardenberg,1042.7543088490436,1248.5629843643767,1451.015022354697,1454.55533917559,1668.2380315130567,1670.3610780319761,1937.393084522502,2259.208731082653,2443.269849246231,2576.7612524461847,2793.39390048154
Harderwijk,1003.6933192686369,1046.5331082905755,1180.0056964494734,1195.619746434233,1330.2324185248765,1459.9894716981262,1560.9750462107252,1431.4910179640724,2038.4847117794495,1903.020652173915,1585.4685185185208
Hardinxveld-Giessendam,992.6969642857125,966.4321964529365,1369.591098748261,1307.2649336283205,1407.7483540599837,1327.3632530120508,1457.6926108374375,1633.5088757396438,1744.0082004555813,1831.6649681528668,1872.6259426847655
Harlingen,870.9262019230742,1169.570270270267,1602.4033536585382,1191.014733178658,1472.295480225991,1469.172021857925,1512.4335714285767,1291.9392638036834,1683.4527777777778,1718.3196296296312,2153.664399092968
Hattem,1178.655172413793,1377.300000000002,1357.0479674796752,1491.8625441696117,1773.8288050314468,1568.5521126760593,1777.5929230769211,1989.808571428571,2446.6456621004572,1920.3178694158075,2200.5619047619043
Heemskerk,833.8018181818173,1009.8537513997709,1083.9093012275698,1213.304208754204,1276.8493073755044,1291.8163043478355,1326.560000000002,1726.943023255813,1755.432994923857,1817.774698795181,1894.2671755725196
Heemstede,1008.3572301425673,925.5909090909084,824.2289887640441,1158.8569612206002,1330.7423172242893,1330.0747498075493,1473.0892332789601,1519.4938235294117,2177.064482758628,1929.0425216316469,1988.0119680851064
Heerde,1189.6017578125009,1298.3648611111128,1279.5564610011602,1465.4902330743587,1584.865588914551,1679.0178333333292,1847.089784946237,2020.1729357798165,2174.431190476191,2267.263960396039,2572.4277310924363
Heerenveen,1064.2955007256899,1273.943668285397,1420.8375418620183,1284.976575630253,1575.636363636351,1535.2305841924276,1654.185274356101,1926.4122807017536,2402.444444444447,2263.832050048129,2410.0813225058
Heerhugowaard,911.7239942007925,1026.1918010752727,1115.5204092720076,1177.624217391305,1359.2083030703388,1381.6193680297263,1935.8311764705873,2082.7070588235297,2329.9376,2264.224137931035,2469.707782101168
Heerlen,978.345485714286,1105.0695227765723,1136.78184458969,1152.7879453085582,1370.0101780185923,1480.2792128328306,1461.4910762651339,1695.9771851851838,2035.8891696750957,1764.547919042193,1809.8606582125637
Heeze-Leende,1190.4204318936877,1580.285483870969,1675.3517751479294,1617.3364548494962,1911.9870993589716,2145.850131004367,2264.269014084508,2558.2848684210535,2597.586363636364,3096.5554687500003,2686.787662337662
Heiloo,960.2394456289977,1046.1020260492005,1135.6302022178768,1204.3082771895995,1498.5506030150814,1602.269863013692,1835.482917820867,2050.380729166667,1978.939439906652,2044.997887323945,2135.472677595629
Hellendoorn,1179.5546734955178,1217.3157894736842,1311.2146956951972,1420.5582139445967,1648.6950549450594,1685.2794025858207,1842.0092675635287,1763.8752272727268,2124.2538997214483,2173.406484149854,2361.0117737003056
Hellevoetsluis,929.5382271468159,1123.5357519016957,1176.144255663425,1165.3760229294126,1262.3420677705124,1292.876545698915,1514.8372058823513,1593.3647798742136,2213.5571428571425,2492.3406593406594,2206.7224285714296
Helmond,954.7911712979271,1164.2753064798594,1344.2163217031289,1254.3234779957286,1447.9278559503873,1450.8015958400606,1555.0315102328827,1430.2858989424287,1854.3513812154715,1882.3797619047634,2266.9071535022376
Hendrik-Ido-Ambacht,987.8287769784001,1032.200569514244,1121.6956790123427,1180.4308528906774,1408.4137877614248,1311.9879373848928,1356.9995819397957,2321.8619047619045,1554.0720588235295,1646.8281914893614,1938.3388571428575
Hengelo,1136.1252100840318,1213.8264645776642,1263.5398400935942,1372.4182439428382,1480.172382162029,1391.2667765660517,1277.285599811444,1601.0733593750067,1829.2178749520576,1795.1766469282034,1864.3367672413829
Het Hogeland,1113.7232492997193,1476.0853286384945,1478.9604224376706,1468.5097181729848,1578.9938244590262,1726.525000000003,1863.153884180789,1992.0593155893553,2562.48701842546,2754.062826225333,3532.136830732293
Heumen,981.0214484679661,1093.2158295281588,1363.4174266083667,1444.076699029129,1737.1853556485355,1908.5749189189212,2016.3557142857142,2171.3639999999996,2525.0245454545457,2476.9273504273515,3001.358986175115
Heusden,1037.9842531272977,1138.6702140309137,1419.8673223605056,1458.9843153080476,1750.5436602870761,1680.4218467109188,1803.1354208754246,2030.40487238979,2575.5640000000003,2399.6168284789637,2675.706521739133
Hillegom,866.6441035474577,1081.6803030302972,1179.337395659435,1081.9695819935723,1410.7194972825935,1382.2959660297245,1454.4086956521746,1558.33984962406,1716.892323232325,1812.9063529411778,1621.0724952741004
Hilvarenbeek,1087.9144796380099,1370.380033003299,1596.9477108433725,1650.4378070175455,2071.027214684764,2175.314650934121,2622.444315545243,3025.2266355140187,3193.184792626728,3043.9293478260875,2639.382592592592
Hilversum,784.5963091619607,973.9897180762821,915.3385407725299,886.8799792531104,1288.7393815370642,1242.5175464906865,1265.9555784819484,1392.0747996438151,1764.2527445394107,1656.534312454998,1699.0525382894537
Hoeksche Waard,958.1556106870253,1122.5081296190997,1318.518227681512,1242.517367657721,1421.0029132526704,1476.4800658436113,1530.3993752788947,1645.6317777777736,1932.8686219739286,2007.1033003300302,2117.17281853282
Hof van Twente,1269.2209944751364,1376.1263222632197,1545.770890615656,1654.8492416034685,1798.4151694124926,1868.4062205466562,2056.1427272727246,2355.6468401486973,2355.3536679536687,2308.6907600596137,2898.2588769611884
Hollands Kroon,1051.563737373739,1287.432376636457,1399.0418973666428,1326.6003393116825,1442.1004647920176,1615.491922919223,1928.7731728288866,2069.5048013245046,3032.002050781253,2314.64272474514,2388.364310954065
Hoogeveen,946.7718370264472,1271.284871993798,1390.732732919254,1438.9004074979666,1613.6104780488017,1462.7717664606769,1658.2542399999943,2032.6063211125154,2095.537611607143,2289.711705685618,2431.893733681463
Hoorn,982.808589669178,1124.517378917375,1161.534116265407,1165.6873914638666,1303.0590307854256,1417.2633668903816,1387.0443396226358,1509.7344129554679,1796.9335443037978,1635.2622448979587,1644.7386042402793
Horst aan de Maas,1079.3042818911663,1483.4786083956346,1640.120724907065,1543.563571710782,1856.4233059860212,1911.8947820343465,2248.538278516444,2482.231845841785,3291.548261758692,2942.621666666665,2889.011882845188
Houten,945.8347062386426,1107.0653740157563,1207.8338369367127,1232.6003619516257,1602.7883866917723,1901.6371019108244,1958.7777777777771,2356.988636363636,2249.4535353535357,2589.683582089552,2816.6185714285716
Huizen,818.7682403433504,987.1020391517137,1319.0007654836404,1095.556650424102,1345.9545008183331,1609.4060970551714,1686.34195663136,1527.68137254902,1956.0553763440876,1917.0390390390382,2033.9217105263153
Hulst,1108.6331484049929,1614.4390916463897,1632.2233633633648,1596.561097659404,1706.378763998336,1681.0161637931024,1816.253666954277,2088.6494219653187,2217.8415730337088,2231.7809388335713,2238.9548881036535
IJsselstein,936.8963434022268,1205.1671885636506,1146.8441189427258,1234.7002992731987,1346.3211640211823,1284.7972551928717,1323.7127921279166,1634.7345679012346,2219.1483870967745,2568.6372549019616,1698.2591433278415
Kaag en Braassem,916.1370124481319,1249.8798685291672,1481.1632832080197,1304.1311676082858,1546.551703481838,1739.521705882346,1771.2658169177278,1664.7486692015207,2060.3513513513512,2122.477595628415,2447.878438661709
Kampen,976.2320237551421,1368.6213831141324,1384.8772691082822,1294.3037025112735,1566.6966480446986,1358.1765712160775,1689.5438047559428,1910.1912371134026,1654.5058348294438,1687.9651828298881,1513.327564272459
Kapelle,985.0072499999989,1452.6056572379357,1423.2394812680152,1458.1802631578955,1506.1413903743298,1562.361157024798,1785.9311294765844,1777.4980099502493,1889.1315352697088,1981.625506072874,2137.5196911196913
Katwijk,874.7690953889484,968.2416595380663,1076.885508291275,1607.920725520031,1320.587509923262,1201.3677556109565,1332.124031539251,1447.322249093105,1667.3321892393305,1668.7672037914692,1690.9700239808199
Kerkrade,859.0852209944746,1150.376936026935,1212.9552434456898,1194.4832249322467,1437.009180977552,1588.72969363707,1557.0217858341791,1843.523970345967,2348.93443316413,2134.051937224134,2195.5276403138205
Koggenland,1167.0956259426846,1180.082396449701,1317.3764459930303,1345.2748886910092,1584.1399330730667,1613.284658634536,2149.571212121214,1964.2209302325577,2453.6349397590357,2219.808626198083,2593.2919732441487
Krimpen aan den IJssel,729.8289340101543,1026.8137489325356,1460.4571647509597,1189.0484848484837,1546.8878598681836,1436.2407300948655,1303.70435663628,1361.1098484848496,1652.0751152073738,1631.2863436123346,2109.091479820627
Krimpenerwaard,958.9563834422673,1209.2688955223903,1296.6230807330335,1274.3884045077164,1452.4927397868678,1534.6360956618696,1485.2480140186944,1670.5896480331276,2005.7347297297297,2244.5376481312696,2217.0851602690977
Laarbeek,1040.0602449888663,1373.2136904761944,1552.3112549800799,1500.4701602136183,1741.2785016286696,1720.5898329702259,1857.8526383526398,1804.1133928571433,2313.152962962963,2278.9962499999997,2893.4359154929593
Landerd,1215.5865079365071,1457.6881383855043,1809.8040333796948,1687.7629065040612,1754.9671191553505,2156.686966046001,2450.208064516128,2361.588108108109,3043.522222222224,3116.3175609756086,2951.5849180327873
Landgraaf,903.0255965292846,1097.8036106750408,1415.5164630225113,1363.1797010228204,1632.5504490554415,1791.8245015207813,1745.0546075085406,1728.394971264366,2056.8369047619044,2235.2477667493804,2256.4352297593005
Landsmeer,1040.5279069767437,1213.5699669966987,1326.6411504424793,1257.8937704918033,1542.6677083333302,1475.3637440758305,1455.619746121293,1994.9550000000004,2713.3854838709676,2150.591964285714,2155.161585365853
Langedijk,934.5642311886588,1162.0684619988042,1407.563650546017,1620.2414484679655,1573.5873623492369,1558.548820512824,1685.2952586206889,1938.0184210526315,2069.5585937499995,1991.4734042553187,2159.5965587044534
Lansingerland,963.9422416484529,1107.7782092426198,1273.583719264738,1332.7908683245053,1511.8492592592686,1542.9103541185561,1598.1468063872205,1714.55167785235,1772.0003225806436,1747.5164948453612,1964.2662131519276
Laren,1427.2353174603184,1574.651724137933,1541.4609929078,1293.4092909535452,1973.4808383233549,1840.3512437810962,1672.868270214936,2136.9438423645324,2150.2906542056085,2159.124048442905,2200.170409511227
Leeuwarden,943.2950459226249,1232.260801915015,1448.6542384406205,1156.1798863240972,1370.0039172535242,1197.7935343383695,1199.5381104713194,1394.5114627886944,1530.5132519083943,1559.5503534163608,1783.7302881236765
Leiden,803.7055363321793,948.4301204819285,1009.6723090468836,1013.150618324886,1115.5506596817925,1127.991408292871,1142.4947200300487,1226.2950892857132,1427.3814345991561,1389.1797706275847,1362.40336812918
Leiderdorp,895.2790281329922,1164.674152542371,1064.4952449567754,1209.07876195269,1179.5255235084896,1291.4028792134752,1357.2484638255767,1674.7177215189872,1643.1391923990495,1813.657009345794,2001.7743169398902
Leidschendam-Voorburg,1200.2960496614007,954.2833601717662,1077.895192915873,1103.1079232505626,1280.9618725868293,1194.916536038124,1120.7899159663907,1401.180961015414,1500.2210526315766,1537.844742364179,1749.058831521741
Lelystad,992.4927122464321,1255.9262055422237,1532.2588352084733,1179.4397831978265,1415.1395579147459,1473.3152410575444,1845.4761904761904,1845.4761904761904,1845.4761904761904,1845.4761904761904,1845.4761904761904
Leudal,1216.513815789474,1545.2106789250295,1598.2380818844613,1418.6925781249984,1940.3061316982205,1992.645609756095,2124.199426523298,2020.0832512315271,2674.5349462365584,2632.267203219315,2805.7515204170286
Leusden,1070.51968911917,1230.226022304833,1169.7839169909253,1270.5468251485722,1439.1154682779454,1613.0458100558683,1887.387554585152,4092.476724137931,2395.8849999999998,2673.2365168539336,2675.4589622641524
Lingewaard,1030.8029145728644,1186.2640421574615,1372.3422599337766,1353.2240225563792,1462.0395565410113,1639.7436007827655,1887.362014388486,2120.7176718092574,2352.4656424581,2390.292290249436,2640.72772643253
Lisse,804.3229619565174,981.5723776223771,1253.1420620437966,1308.135280641464,1394.9060908084277,1364.9007608695556,1540.3108254397828,1482.2011976047909,1697.644776119403,1757.1170682730938,1853.0227272727263
Lochem,1117.576065573773,1326.8556257901364,1468.188956639569,1488.9367753623212,1701.0263340564036,1696.1900615655204,1981.7138138138116,2284.99894179894,2284.783115338882,2418.8470654627567,2607.9805372807027
Loon op Zand,935.7782208588947,1023.1592863677969,1410.6720410065248,1406.9542198233596,1655.9020642201824,1714.4950319375478,1871.9450216450182,1452.934276729561,2077.52638888889,2061.459395973154,2362.319029850746
Lopik,1022.2784403669733,1147.0359840954266,1388.7638922888616,1424.8430700447086,1528.9222760290527,1617.2986027944069,1827.746770025839,1861.25,2266.0476190476193,2125.5243902439015,2465.95811594203
Loppersum,917.4672489082975,1822.7902654867269,1429.8323045267489,1521.8629629629631,1437.47554697555,1714.3994936708864,2006.391973244146,2170.8943750000003,2606.4046931407943,2589.6630606860153,3096.7190627482155
Losser,1294.5384615384637,1449.7012106537493,1623.096653386453,1590.699607535322,1811.4060537096088,1805.3379629629576,1878.1297333333334,1794.5469512195127,2125.3073746312666,2059.200512820512,2492.7574297188753
Maasdriel,1106.5416262135936,1266.0771990740718,1627.309709425943,1565.3656249999988,1782.8275798525847,1852.9602056962017,2042.1547722342711,2142.1094151212524,2345.1222222222214,2331.3605405405406,2533.515000000001
Maasgouw,1168.1380368098162,1373.798356164382,1578.7999080036798,1499.6407129455956,2024.0449561403561,1968.7257515030083,2046.7255555555562,2306.515359477125,2732.7749999999996,2898.70707070707,2954.1100998890124
Maassluis,893.5265811182396,875.9106880427543,1102.9193905817165,1122.0768285187469,1210.6564587973178,1175.5624767965842,1087.6291438980006,1377.7738317756998,1584.514942528736,1455.429965156791,1537.223942208463
Maastricht,981.9276502732262,1057.2542288557229,1188.115605352235,1147.8241017265511,1379.829078861613,1469.6331528774663,1422.2163968350653,1509.6479683972912,1738.1849133161236,1602.3645617855236,1537.619704713233
Medemblik,1172.1989106753792,1262.6281586679684,1349.4339510258144,1353.1428106095889,1512.07839589521,1537.1609560229513,1834.9041237113415,2008.917699115046,2296.8290953545234,2138.7727797001153,2542.214046121599
Meerssen,1319.5656250000006,1478.6285223367693,1438.3809688581325,1419.249954669087,1905.3764602803778,1888.7609617373284,1972.8309160305353,2075.267234042554,2226.033479212255,2069.536292428199,2149.3850393700777
Meierijstad,1089.0088397790087,1298.4162824627917,1526.9302105263266,1532.941413760607,1702.9853531598574,1789.241698400609,1914.9084490740763,2241.951891891891,2509.399625,2606.562955465585,2839.96737633062
Meppel,929.3867276887886,1207.5802958579866,1304.581865965834,1191.14798927614,1491.8807148468181,1305.1094557449353,1301.44154209284,1471.9591511936358,1645.3593256058996,1873.2735883424393,1827.3966237942125
Middelburg,974.1640186915868,1184.7021670428855,1368.3818181818222,1121.953470337344,1346.7626494940146,1301.4890393779892,1427.030948678074,1436.6659528907924,1673.3585324232088,1607.4121019108266,1808.3853528628467
Midden-Delfland,1095.405979643766,1173.5647928994106,1177.2087918660266,1255.0588910133868,1479.109428830458,1708.5110484780143,2583.489387755105,1761.7491228070176,2106.9562499999993,1956.2085427135676,2299.381362007167
Midden-Drenthe,1202.337595419848,1395.5298338870425,1490.742024377324,1522.6320708312865,1688.4649059982078,1621.134541792549,1946.4352063213344,2030.2554119547644,2485.575036710721,2534.540902255637,2628.26324110672
Midden-Groningen,1148.8687319884737,1250.2256642903378,1549.131540260622,1394.8576299797394,1522.4126005888143,1459.0940490648406,1551.3252730883842,2081.5280230326302,2169.606768905342,2297.829953106683,3121.6859196461505
Mill en Sint Hubert,1050.587179487179,1495.993645484948,1661.4125842696621,1531.2647849462353,1916.8535526315804,2081.8657430730477,2131.3204545454546,2208.456097560975,2713.883850931676,2541.580291970803,2775.424372759855
Moerdijk,989.0718390804609,1263.2605668016213,2896.1903498871397,1411.631411822181,1718.815567466789,1536.9617072007593,1776.1492358804005,1917.8712574850326,2142.359514170041,2204.805852417301,2340.2199999999975
Molenlanden,1074.2234207968902,1225.525421530481,1558.172465753424,1415.2370626525699,1629.3863443319187,1483.376194998435,1597.1956684092593,2013.1978527607366,2047.562749445678,2281.2914141414158,2439.677810945271
Montferland,1027.490035842293,1167.773367697593,1445.2565997888028,1500.790047805303,1867.1773966942021,1731.8977701543674,1887.256240822324,1966.0717557251899,2368.534519572956,2401.6330000000003,2597.2015572858745
Montfoort,982.021008403362,1270.465311653116,1195.1445205479445,1350.4899453551914,1501.7944827586246,1558.6939431396797,1762.4624999999985,1874.3290322580644,2256.4254545454546,2105.368421052632,2152.5621242484963
Mook en Middelaar,1198.335087719299,1404.0891304347838,1620.1776146789,1513.5401215805475,1939.0184507042213,2099.6501497005966,2439.472093023257,2776.1048611111114,2277.8618181818183,2582.8404255319147,3000.585
Neder-Betuwe,1030.1845927379784,1273.8776632302408,1426.1392276422762,1484.1393442622978,1657.5420062695853,1553.6744975745023,1916.6893648449022,2073.034757281552,2472.9914438502674,2435.484523809524,2854.0299270072974
Nederweert,1219.6034050179203,1408.0446043165464,1744.147503566334,1661.4235955056174,2012.3742211362269,2208.4963068181783,2484.8692068429264,2817.8250000000003,3111.5649717514125,3814.303361344538,3447.984415584417
Nieuwegein,781.5069141193575,1014.5649484536036,1036.802500578831,997.1258557284366,1284.6717426920623,1291.7141674942027,1475.4097982708959,1507.3333333333337,1871.2179487179476,1679.2640117994101,1882.7116216216211
Nieuwkoop,1030.5303720577049,1534.0008928571392,1575.20824544583,1393.6075869336087,1554.8224699828559,1720.8410131514904,1693.990738813737,2409.762992125984,2343.3500000000004,2652.5869047619044,2284.4299256505597
Nijkerk,1041.8396365701287,1173.9430473372772,1293.7565689031758,1383.0987762237758,1593.4922797756433,1599.2547707100628,1604.101587301588,1902.4645333333333,1947.5819742489261,2009.7400452488698,2151.6553156146188
Nijmegen,826.5675525183556,961.8453972602794,1114.1322607397738,1064.1806670721567,1320.6497252275926,1435.9278492724068,1381.1474839281198,1523.9129416598198,1890.9409264565363,1736.6554874310257,1976.9494239954938
Nissewaard,928.8202261306554,966.5090630323663,1125.8368770764066,1105.8419195995964,1226.240724424867,1244.8469348962478,1498.3733215547834,1742.4745856353584,1994.1883802816897,2193.2132420091325,2564.717399267401
Noardeast-Fryslan,1088.6615681233955,1392.692705382437,1685.750926879509,1460.2497866287406,1689.9002812148365,1561.5188292682847,1761.9729508196708,2003.1984282907654,2273.0925190839703,2327.619585062243,2934.3430632363643
Noord-Beveland,989.2237354085589,1051.066814159293,1656.4411242603555,1668.8770226537233,1649.3202051282094,1638.8469696969717,1672.0675531914878,1759.415533980582,1841.984102564103,1730.4645533141206,1776.6900237529671
Noordenveld,1203.0319826338662,1362.11533516988,1466.2046346783015,1501.2648371262794,1795.588697705807,1676.6005735492547,1991.314475271411,2104.142619047618,2704.5239247311806,2788.64819047619,3014.864900662249
Noordoostpolder,1092.924750192168,1515.4034464475064,1591.772715695637,1400.4603598691415,1694.4505985267022,1619.1799469964935,4463.952274385793,3387.202278083264,3387.202278083264,3387.202278083264,2079.0
Noordwijk,1016.4847186700714,1042.7551318458377,1162.5740911713688,1136.8785665294947,1361.6193971532184,1331.5695847750876,1525.95872838818,1595.6578282828298,1656.1776283618594,1949.7306698002362,1870.33230429989
Nuenen Gerwen en Nederwetten,1016.3407450523872,1348.931733333333,1652.236308539947,1587.740701154339,1951.8692163479475,1897.6638865004268,2208.8992110453637,2202.848529411765,2473.18961748634,2288.6857142857134,2679.259259259259
Nunspeet,1009.8531446540865,1258.593560606063,1387.5200206398351,1441.2478596908445,1544.6266607222565,1542.3590294840317,1742.221631878564,1837.3138996138996,2103.750614250613,2195.79065934066,2183.9188436830823
Oegstgeest,991.4007226738922,1025.8042977743671,1327.346947194721,1277.0285714285621,1427.1336538461478,1331.9846153846236,1468.0500538213134,1553.4862416107349,1978.1649913344854,1944.0899135446682,2118.8871473354234
Oirschot,1205.5840000000028,1460.9278499278496,1642.6459095283924,1568.1074735987022,1794.8759925558293,1881.6024539877315,2167.345364238411,2454.7752577319593,2670.6920318725097,2564.3368055555557,2465.456363636365
Oisterwijk,1049.350242718445,1243.5890595009612,1375.22897286822,1415.6721353065539,1810.0843324937077,1852.589136338945,2091.6681652490865,1899.4678233438487,2242.4794007490636,2094.4742358078597,2632.1291553133506
Oldambt,1204.2962264150958,1333.5812121212136,1543.8564881813759,1351.7577552171447,1518.5979629066594,1520.3828378914047,1708.9476536682105,2273.1318949343336,2090.3410270880418,2480.5096801346804,3470.584884346419
Oldebroek,1104.9356475300394,1808.1101609657967,2175.183130271792,2312.3693412162133,2359.0474335188665,2631.1305625524788,2617.865879828326,3201.0854166666672,2558.482027649772,2932.0681388012617,3063.482193958665
Oldenzaal,1139.6667876588017,1271.7239092495606,1519.7066966797963,1564.5851662404107,1659.6582787373525,1673.0848056537186,1691.0873831775757,1413.6688888888923,2058.7534653465345,2049.7570605187334,2161.5180180180187
Olst-Wijhe,1144.8996557659202,1355.9771641791062,1585.7541822721626,1526.6870588235336,1615.5390625000007,1494.3932532347435,1851.7745417515262,1800.4547770700624,2170.9860465116276,2051.806946983547,2420.052642706132
Ommen,1216.479049295774,1544.9552380952405,1414.893211206895,1598.244503171247,1669.9210884353745,1696.6419252187688,2196.0660839160823,2272.037786259543,2372.1508833922267,2637.467782426778,2608.6905940594047
Oost Gelre,1215.4412451361861,1432.2726911618686,1480.9691335740076,1464.2158218853585,1623.6963738920258,1757.7956651718875,1995.1510658016716,1951.498187311178,2356.6436363636362,2737.3105454545475,2733.446451612903
Oosterhout,980.2353404614513,1230.2184599694026,1217.6307262569728,1324.62986111111,1588.2415463352293,1463.308813783975,1895.1880902043665,1920.4191860465119,2111.7573493975915,2054.0393120393132,2483.817048346056
Ooststellingwerf,1205.879861111111,1222.096363636364,1463.9953439888823,1408.8771360759483,1501.3832931450333,1694.7829391891948,1910.763026521059,1914.0350000000003,2109.7973684210524,2218.299656750575,2289.614084507044
Oostzaan,929.3195195195229,1317.9518181818173,1246.0467680608335,1224.1969879518092,1417.95451577802,1442.9692000000043,1567.029888268157,1532.9058823529415,1665.9622807017552,1789.6518518518517,1812.3131782945743
Opmeer,1293.7237037037037,1235.3252465483233,1389.6618585298181,1404.4225048923665,1534.7946357085707,1651.7335901386764,1875.0232067510547,2008.8142857142857,2638.450666666666,2517.6935779816513,3615.760898876406
Opsterland,974.587684069613,1539.0134485349383,1567.197935779824,1579.0723901098922,1795.2556621880985,2040.2517857142868,2073.7424939467305,2538.273469387755,2573.2649149922718,2789.0130483689536,3174.5034907597546
Oss,1034.5318953804367,1306.1516330785312,1451.4818474351696,1419.653453501357,1637.7165413533962,1654.1555177010428,1813.9011606436272,1784.6887147335462,2220.525090036015,2303.6434131736523,2790.045090337779
Oude IJsselstreek,954.8274021352336,1276.2882352941187,1402.4802758620676,1449.7491454614492,1690.0238837920567,1714.942176128088,1969.7607572115396,2090.662126245846,2540.119186991868,2666.4150916784192,3013.4701347708874
Ouder-Amstel,883.360689655172,1183.7225190839695,1384.214303797466,1288.1801886792446,1174.4974407582881,1474.0942056074746,1518.5323394495388,1558.7396551724125,1726.46780104712,1997.9923076923067,2661.106410256409
Oudewater,1065.312096774192,1313.5902140672788,1421.056687898089,1454.2431325301209,1466.9268321512973,1540.383953033268,1611.153312302837,1739.9321428571427,1901.357971014492,1743.475806451613,1972.630523255815
Overbetuwe,1099.5044880785388,1222.201612421618,1389.9050624133117,1378.5744122257101,1546.8900459417998,1570.454177897569,1851.1687134502913,2085.1649100257077,2159.7756440281037,2455.51518691589,2956.8680131004367
Papendrecht,898.420287769785,1071.931179321487,1151.6142663656897,1166.9360451067237,1365.132432432391,1268.332798248799,1306.5747803163406,1521.614444444444,1854.3330769230763,1682.0770833333327,2098.421787709497
Peel en Maas,1064.5917808219135,1434.3891988130579,1719.57404513889,1567.094985673357,1844.5005628037716,1898.7522829341317,2184.822123893806,2282.346234309623,2767.5919431279594,2613.487409200968,2722.362099644126
Pekela,1473.7612903225806,1431.3348484848482,1819.1956594323856,1372.668665667172,1677.9761729530812,1583.481635802465,1567.8335144927557,1833.6736607142864,2423.7313043478252,2522.7112627986367,2438.5446927374282
Pijnacker-Nootdorp,1016.9882231404916,1102.5730945685868,1223.5977074507991,1311.0280847145486,1640.9848595848605,1439.423349366009,1601.234321550743,1683.955102040816,1712.7659574468084,1805.738217821782,2079.213677811552
Purmerend,806.3517040358715,1033.4052036199034,1126.7967377437615,1129.842658144871,1224.4642763033714,1210.589066937092,1284.228491620113,1390.0317073170738,1413.4580000000005,1712.1539267015705,1543.1492307692308
Putten,968.8147435897431,1252.53502415459,1424.580962128965,1421.5703193033396,1672.2366793271776,1697.9369218500774,1898.0299867899605,2158.3960629921253,2255.7942973523427,2300.8041493775945,2401.200246913581
Raalte,1201.273940486927,1416.052410901469,1556.5822604422642,1538.9858120721774,1672.7174379611126,1769.6924830261883,1995.3551307847067,2094.269463087246,2577.30988700565,2354.3877094972054,2688.2474880382783
Reimerswaal,1009.8416256157589,1248.3773030707623,1493.9568590350011,1446.721402660216,1440.7076975016944,1471.6260042283297,1597.8716557530372,1633.276940133039,1876.804955752215,1998.2196682464469,1882.954335894623
Renkum,887.7214506172852,993.342818057456,1650.177660972411,2094.922966507167,2068.690294217107,2193.641286989192,2768.812079299223,2438.8328710124892,3382.2754475703327,3178.942230769226,4304.990560681343
Renswoude,982.305417607224,1605.5931596091195,1397.5478102189768,1610.153947368422,1595.3879598662197,1710.3999999999976,1905.0080808080813,2225.6902439024393,2834.394520547945,2349.907843137255,2638.6194444444445
Reusel-De Mierden,1192.604000000001,1331.2053254437903,1725.1994525547436,1662.6700231481475,1880.8095754290887,2014.224123989218,2355.8013698630134,2153.137333333333,2657.606493506494,2893.911206896551,2847.584016393443
Rheden,969.6039189189229,1072.9696052631562,1085.2532066508325,1277.8196169471828,1370.2600115908394,1411.8719707732898,1552.9548958333446,1505.7726720647756,2016.4695544554534,1916.2940467219244,2456.994658634543
Rhenen,1044.727194066749,1308.9614805520685,1561.990875462396,1455.620338983053,1550.8947916666646,1625.150530303027,1572.1860053144387,1748.1998281786912,2027.4243999999978,2165.7355468750006,2489.8268749999997
Ridderkerk,938.908039647577,933.7839285714314,1348.7570247933934,1162.0586565752112,1274.4009667823384,1242.6570232748122,1134.9426800929373,2081.55,1962.6302687411587,1836.0604081632648,1834.4653288740267
Rijssen-Holten,987.7635283363788,1422.7835294117633,1401.5560079443894,1509.8126782077413,1621.1908799999862,1722.1178423236652,1767.2170318725075,2007.8949640287758,2193.6248598130837,2483.4369068541305,2217.533505154639
Rijswijk,951.8265672950482,1011.1601102941161,1085.6712070410706,1047.3065934065978,1158.8215990990805,1196.78413323779,1088.4646792452704,1156.3873605947933,1484.6966629588458,1483.2827865168601,1985.0908522283046
Roerdalen,1260.2758333333334,1398.1784461152886,1682.6387606318356,1573.431340206189,2046.6568627450997,1905.873952095808,1999.2511781338387,2350.5882882882875,2526.405982905983,2542.573684210527,2954.3608791208785
Roermond,937.6120689655214,1791.0458118556598,1307.6333769633402,1254.2486553922936,1603.4705289672672,1571.24828742514,1834.2825458392085,1839.2847494553398,2320.1439340400475,2110.587560738579,2420.625625660909
Roosendaal,851.5381333333321,1157.0836245428684,1263.6835109170272,1319.7047303350546,1548.934766656873,1518.2030069238524,1575.0909178433749,1625.5149350649353,2100.5712056737602,1796.0025892857125,2284.9641699273343
Rotterdam,813.3992584191379,869.7324098522104,962.0500990291645,977.5294242708782,1132.930022249886,1164.122068215374,1091.0852533350455,1064.4194347241066,1245.9228467722937,1301.8528821356163,1355.5591429967812
Rozendaal,1493.8080645161283,2569.4777777777776,2130.0687999999996,2412.7777777777783,2572.124691358025,2273.06511627907,1894.2090277777777,2257.8166666666666,2502.443478260869,2651.75,2459.06935483871
Rucphen,1191.0236842105305,1383.9914004913976,1710.7167002012063,1636.1596459096502,1911.8393013100494,1976.4815575987043,2149.8714912280716,2334.499590163935,2409.1900990099007,3012.139333333334,4133.760089686099
Schagen,1068.6798426745352,1230.3267060964536,1317.5043344840801,1410.1221929824615,1547.060773377952,1665.6528675703817,2043.6100000000038,2162.5687331536387,2226.531063829787,2259.413620071682,2517.832567489949
Scherpenzeel,921.1050000000005,1026.7445205479455,957.0459259259242,1092.7507526881707,1320.6363754889187,1303.9400250941014,1514.0800000000002,1350.166666666667,1335.542136498516,1685.5292134831463,1624.1734177215185
Schiedam,968.0278030993646,954.6346566523523,972.2044117647068,1027.9969154228968,1210.1013892994183,1125.8007259206718,1083.2838551099444,1040.524831309044,1372.7157350689163,1389.5879458239299,1504.3192959917772
Schiermonnikoog,863.2190476190474,1007.0209302325578,1605.801666666667,1161.8163934426232,1869.883783783784,1718.7234567901232,1772.8000000000004,1935.6647058823528,2073.9840000000004,2079.061290322581,1818.3622641509437
Schouwen-Duiveland,1018.6989200863933,1290.891124260354,1497.0481464737798,1360.7095265588935,1519.839649877145,1597.5842318840603,1910.5477492877508,1825.0247191011238,1835.5968164794022,1857.9578717201182,1867.9287848997253
Simpelveld,960.5639097744357,1480.6296028880868,1450.2050000000004,1534.3420577617312,1786.1562947799318,1800.7765652951541,1547.299388379206,1856.5000000000007,2450.3183098591544,2355.642087542087,2663.4380546075076
Sint Anthonis,1463.1858585858588,1802.7887525562376,1778.3201219512187,1584.3548076923073,2055.1582814445846,2108.2146054181458,2408.7907246376817,2710.528671328671,3186.4159340659344,3049.545180722892,3166.861838440111
Sint-Michielsgestel,1113.6049562682203,1372.945503791985,1450.201215805472,1475.530558375633,1969.3169578622744,1889.485660218671,1961.853030303032,2506.5114754098363,2202.444339622642,2822.1657794676817,2699.221716514953
Sittard-Geleen,852.6122160834833,1137.0399500970357,1419.805502239286,1289.8820020222533,1650.6962778094678,1590.8514073351919,1711.442153067309,1734.1885103298257,2103.579711959927,1865.4667905248486,2035.3668857847138
Sliedrecht,822.1022927689601,935.4730125523034,1234.6523809523812,1146.7933928571515,1279.6507990867647,1226.0512137077692,1384.483123689728,1559.5948717948706,1652.9506650544117,1800.421967213115,1810.2752411575539
Sluis,1034.3940780619084,1286.2342483660143,1383.5726912928792,1572.0449557522134,1613.0333004926124,1546.1377423033055,1856.532327297118,1826.230982367758,1962.3106779661023,1994.8138888888898,2033.5005994550386
Smallingerland,938.8947335811642,1388.133950388749,1594.3390419947505,1375.9119963647363,1676.4080800156821,1565.1247821466668,1526.5742970439887,2182.404013377926,2241.552014010509,2397.810472972974,2670.5464285714274
Soest,1144.0003350083734,1173.0864885496162,1263.4273430782462,1265.263867114592,1350.4078679504846,1308.1793809523879,1489.592240587689,2217.038174273858,2065.0064323607417,2068.8349782293194,2139.9692982456145
Someren,1224.7561403508769,1342.6119638826187,1602.9540130151804,1694.5453787878826,1854.2105804111247,2185.852604611446,2297.9538028169004,2660.318421052632,2835.188516746414,2873.1851851851857,3182.67969924812
Son en Breugel,1031.9250684931503,1308.412019230768,1540.053835425382,1603.227216748771,1877.345448592012,1949.5401592718993,2060.8824086603513,1993.8246153846153,2334.0012658227847,2726.28125,2699.2887323943664
Stadskanaal,1107.9902255639126,1161.3643921568641,1207.1420289855118,1287.585500299579,1455.6097417840294,1461.2555135951804,1534.2069164265133,1839.7931999999998,2065.1882183908033,2123.609259259261,2211.0342531493684
Staphorst,1275.8242481203029,1665.1506000000002,1871.8674019607818,2014.990609137056,1978.9899132321043,2260.929623824453,2660.6076923076917,3110.6502439024375,3121.9685430463574,3565.4873417721506,3310.565940054496
Stede Broec,950.2197211155371,1108.8956521739146,1494.1965473145776,1408.1062244897962,1415.6439739413713,1503.048341232233,1740.2972375690606,1684.2325000000003,2066.2862068965514,2031.9816406250002,2118.9372712146424
Steenbergen,944.226953748004,1413.6691428571428,1488.537186311788,1388.1363565891486,1580.1389334591806,1667.5302557704313,1798.058315789474,1790.3868263473053,2167.7240000000006,2336.8834112149534,2271.1804676753786
Steenwijkerland,1104.5168695652171,1338.2471847370848,1351.7814866760186,1442.525996204934,1644.9456666666636,1721.764799999994,1838.5418589743576,1965.5429805615552,2144.505889145496,2202.768882175226,2222.3514239871674
Stein,838.4043269230771,1301.2202160493825,1356.4679922405414,1481.1233480176218,1940.0219890510957,1844.566653480999,1845.1916419679922,1945.0216890594997,2543.9697115384624,2364.019472616635,2554.347609561752
Stichtse Vecht,981.6033690658492,1227.993197278911,1181.1723950795981,1251.204196245454,1269.7896415359055,1418.5884375000167,1500.078967813537,1603.628475336321,1827.53154362416,1952.7136531365318,2216.492640247042
Sudwest-Fryslan,1061.9762270845652,1398.0172800390008,1677.8129806790425,1430.1032279029337,1773.0368920695287,1612.7613487916622,1759.6869103773568,2131.9457142857173,2160.690157211209,2202.7857069933634,2747.005969275785
Terneuzen,918.6936208445645,1435.2568050749687,1324.0253289473712,1296.569936102237,1480.4853970125669,1441.7218810726692,1580.8909922928706,1720.1873343151706,1846.7666666666687,1863.9411508282487,1914.25328732292
Terschelling,1252.8655172413794,1330.188775510204,1889.7005235602105,1465.655999999999,1737.391304347827,1849.4999999999995,2259.883486238533,2129.4028985507252,2114.9590909090903,2014.4602339181288,1948.808394160584
Texel,1075.6414634146345,1086.8864042933774,1348.849862637364,1168.9461627906987,1708.6588235294082,1656.5558998808037,1870.7804008908686,1860.559677419356,2063.36,2073.5506172839505,1980.3960614793475
Teylingen,934.7895918367357,1146.0416571428516,1320.380640465791,1236.9128451031684,1377.665060908099,1441.1829887218005,1467.1436697247689,1656.3066252587982,1742.7731457800498,2213.2882352941206,1870.8367647058801
Tholen,969.7028449502105,1291.6700668896344,1482.753087557604,1327.8561975768841,1427.2507019438515,1489.4629818181845,1836.330223390274,1654.3801242236023,1752.3761904761914,1803.5122149837152,1884.109882747071
Tiel,951.7234774066793,952.7905882352987,1288.4954728950436,1236.1471443774358,1427.6096125186189,1320.6259714707346,1516.720161290328,1529.0348437499977,1719.8187086092728,1730.7037195994283,1775.579647218455
Tilburg,808.035937683032,960.7927789286794,1265.5877922262353,1171.80538041194,1441.6363290615689,1346.5022551546074,1397.3181036570413,1499.6096357226797,1661.8204321855253,1682.9283194355312,1696.8686191917893
Tubbergen,1222.7471281296012,1639.277396166134,1773.4682005494517,2007.7434645669234,2159.316759002772,2393.1922405431574,2495.136460176991,2815.305238095238,3078.069649805448,3150.0347031963483,3245.049632352941
Twenterand,1100.5120516499294,1259.6356692361567,1507.658049292083,1547.5418554476794,1689.862504498015,1794.291829004326,1949.2888345558288,1922.9885542168674,2411.500946969697,2180.0656818181815,2485.919628647216
Tynaarlo,1400.3418457648556,1579.7735034347377,1439.416286863271,1439.6517933390194,1871.2173273396008,1962.7842733635196,1904.5267089499641,2092.707723577236,2342.0124390243864,2444.118238993714,2834.366471277842
Tytsjerksteradiel,1103.111138613863,1345.0460674157348,1390.1632362459573,1421.1689524838027,1626.3041847041934,1737.080636237896,1714.793389296959,2447.21809045226,2138.7703898050995,2602.7556468172465,3015.826889848812
Uden,1060.9142253521136,1247.3492086330934,1314.8259421880732,1314.4874934725672,1679.952783018863,1630.5204574742313,1701.2250830564774,1974.9610079575582,2770.103333333334,2392.2749999999996,2644.71551724138
Uitgeest,1103.6414187643038,1258.7997001499225,1146.8947497949193,1194.1487091222043,1467.5071568627438,1546.716791604202,1544.7070833333332,1652.584955752212,1890.2199999999996,1575.698780487805,1787.8802792321153
Uithoorn,995.4657817109199,1062.453613281249,1168.1443960826941,1279.5957189014514,1316.9954194544425,1366.8468108108432,1428.3550330033015,1495.977551020408,1823.6411764705886,2161.2884057971014,1935.601086956521
Urk,920.2863917525792,1080.0942669172923,1311.0283442469597,1415.8531055900637,1559.8679631525094,1531.5985685071582,1679.5929310344848,1447.012676056338,1516.6074766355136,1477.8842105263163,1450.290510948904
Utrecht,770.2193660745252,923.9476491416707,979.8583525511656,971.176438467818,1332.2925013109527,1227.3035715934247,1177.6493436574358,1262.7101598173535,1413.1458409008203,1299.1067286294115,1426.261327640809
Utrechtse Heuvelrug,1142.9237954768919,1267.5034710743798,1260.2377147766242,1293.009639953546,1711.7415815772397,1705.4858743169407,1947.972340425524,4092.2884940778367,2069.2631625441713,2285.69949622166,2471.5167750325086
Vaals,500.0919282511204,982.6546031746042,1417.1589285714294,1262.4882615156012,1322.907593582883,1545.7901052631655,1654.7095238095246,1922.7915750915759,1753.4672131147547,2254.8222797927456,1594.9835535976513
Valkenburg aan de Geul,784.3502242152465,1278.6016746411485,1261.5952978056334,1237.4638655462152,1804.9491289198606,1741.259875097593,1828.38629032258,1791.7330882352956,2210.651768488748,1979.0845070422513,2517.2554368932074
Valkenswaard,858.7434741784042,1017.7084415584426,1428.7431146359052,1430.7712282031819,1671.9565407554724,1493.3694720734525,1666.8434210526314,1789.6752066115712,2260.645879120877,2074.4630859375,2548.1842342342325
Veendam,1284.0348314606726,1299.35188431201,1515.0154867256624,1207.365889407063,1527.0817185289989,1434.7438721983904,1375.5150259067316,1558.5974576271176,2089.307986111111,2017.5412037037015,2385.4153298835695
Veenendaal,900.4795159593153,1006.7790913305516,1203.1237079091725,1324.0748339091094,1300.2197318354736,1173.867259073838,1312.1363636363567,1507.4658536585393,1735.604495210023,1718.9365900383148,1519.7418604651166
Veere,1195.7289473684186,1351.9591752577346,1575.8170020120683,1582.2332061068716,1656.6906154517687,1635.662790697671,1802.7192346424983,1751.513384321222,2070.588685015291,2008.4655696202528,2218.560566448801
Veldhoven,983.5371750433285,1249.5303797468387,1393.7663352759703,1495.0528378378222,1589.6682603550466,1660.5365981308437,1616.7285256410162,2118.731658291457,2498.116459627329,2254.484548104957,2505.54
Velsen,761.3100226073849,957.4922770303915,1073.8468830795787,1138.7791716258066,1163.057274045427,1217.6018918021962,1364.6986752773666,1454.5530733641797,1738.7391355140219,1571.2390506697711,1733.4831552482717
Venlo,927.6962682215755,1237.491408450705,1301.6419062623088,1290.351288435195,1558.443133306491,1523.3663234403539,1648.2293954958589,1735.184974358975,2158.29661930426,2139.5730386052314,2247.3949947497367
Venray,1012.1489953632168,1325.0463986599632,1530.0313766596748,1440.9835494627666,1835.8584913983423,1879.5668896321115,2856.0972081218297,3302.425981873111,4739.411410788384,5683.066223404258,3723.362560777958
Vijfheerenlanden,948.74738745981,1029.3505364201005,1267.0371963562814,1292.3001850709475,1518.8844115192076,1394.6010927505386,1540.5288987905824,1508.1192607003875,1895.1387312186996,1947.2196923076935,2098.372183908046
Vlaardingen,882.6469367088625,915.1204081632649,1126.619748913569,923.539675477623,1169.817249417277,1238.0837495945261,1143.2890924464423,1177.2197428833842,1428.7691474493329,1340.9605483625248,1613.0295693277337
Vlieland,798.3862745098037,1783.9055555555558,1149.147457627118,1194.9576923076927,1760.67380952381,1600.872,1373.3539007092197,1584.371428571428,1906.0190476190478,1782.9875000000002,1883.9186915887851
Vlissingen,813.6053915275987,1084.5526706231483,1237.1407335907315,1017.2039370078741,1311.4401690391421,1309.5792177314115,1220.2396706050736,1399.4943310657611,1578.9920577617359,1441.127435697587,1624.0797385620901
Voerendaal,1147.8925,1169.8287280701752,1581.2335984095414,1591.0882706766893,2077.281958295556,1940.8100273473135,1959.9681481481484,2177.972380952382,2403.7700000000013,2455.4537500000006,2590.0094155844176
Voorschoten,879.8680616740091,1164.1377014716206,1148.6941101152313,1231.711994113315,1374.566072701355,1406.2828244274797,1482.1906294706691,1672.828387096774,1763.0538341158076,1872.27054263566,1872.1692622950811
Voorst,1123.4367441860486,1137.2409506398506,1358.4340000000009,1424.9066511987598,1564.9198651452227,1626.7966594827576,1698.8921854304676,1950.0541062801938,2152.868333333332,2181.1944927536247,2411.1768539325853
Vught,1209.1592319054655,1083.6769745649258,1272.4014623955418,1362.4783638320725,1687.8915401301542,1621.1742179072287,1881.6920779220782,1765.0644444444442,1997.7985058697902,2215.3898576512474,2438.2279646017705
Waadhoeke,1107.3253499222387,1455.1427738172388,1682.2677229515664,1457.1476584022073,1697.102868658128,1623.8798227100056,1712.287993803252,2005.715501519754,2262.7185474860344,2239.211828793775,2703.117687235041
Waalre,1385.1921052631578,1439.1987704918022,1388.4736141906844,1481.9540069686443,1804.5035175879286,1711.3276740237643,1839.9108190090972,3212.0968750000006,2874.4416666666684,1875.829828850858,2786.8648351648353
Waalwijk,876.3604055496302,1095.4646008403327,1364.7383527454208,1386.8061139896386,1530.6136196600792,1485.3510685539745,1601.760318275159,1603.0728476821178,2131.1147249190935,2089.0305555555556,2129.5679051383368
Waddinxveen,958.2619588744557,1287.3420833333334,1250.9027885360263,1163.4163962425284,1400.9676593210215,1270.9317599460592,1261.130109489048,1490.3138461538429,1728.1451612903227,1742.150883392226,1905.970833333334
Wageningen,632.7338275862062,1127.9196063588226,1142.930328867234,1009.0551030928017,1321.9729468598925,1266.6874601148984,1373.2772194304928,1826.942589118197,1904.2422680412353,2015.4215094339647,2337.6259103641446
Wassenaar,1535.0794573643416,1219.9232970027238,1345.3066326530604,1339.0926905132164,1634.9816023738879,1433.9303599374005,1862.9135338345923,1799.659292035397,2218.990796788137,2354.5959550561824,2508.9929465301493
Waterland,907.1537572254339,1111.3854103343467,1553.1010489510516,1424.3268990169836,1557.861209529628,1460.9546454767767,1627.1914512922447,1783.7930434782609,1874.1268156424578,1901.5165137614695,2122.622188449848
Weert,1015.7260769230752,1165.7846889952161,1481.834950071324,1374.4294922989181,1719.7912470023932,1695.4261143629135,1790.5297104323633,1854.425722543357,2468.9504458598726,2085.817915904935,2164.098004987532
Weesp,1010.1081855388817,1045.4329949238581,1243.6859374999974,1051.4251982916408,1176.9817490494297,1139.9717654556862,1108.9799504950547,1270.1318181818185,1644.6127272727251,1704.622844827586,1701.3938107869124
West Betuwe,1031.8793598234004,1432.3221402214024,1402.852886339193,1386.691937474285,1633.7527217125369,1689.6440273037647,1759.383941605841,1781.2677570093517,2191.9794392523395,2198.4090285714315,2382.9308163265264
West Maas en Waal,1063.5102286401905,1479.1020689655206,1463.6992783505148,1503.3564634146378,1840.5184381778708,2005.4856085526378,2626.076974789918,2253.8968750000004,2444.7461538461534,2537.068152866247,2872.6652925531916
Westerkwartier,1052.8234770384313,1503.792714231791,1575.412009481178,1588.6343353857262,1695.6976899580025,1841.0652831402917,2117.421784098255,2287.5008103727714,2642.0226666666686,2835.2134600158356,3173.4395439739415
Westerveld,1245.9359307359307,1974.4367346938784,1822.7767967145771,2013.2585685483878,2024.9343130990449,2151.023300090659,2838.762977099236,2609.545498783453,3572.148846153845,3362.7363043478267,3283.531091617935
Westervoort,950.2852564102568,1000.4070967741945,1356.7802761341236,1230.2451665050112,1404.3972556894257,1551.8729032258043,1821.6295964125552,2190.9406250000006,2351.9190000000003,2082.0206896551726,2357.405970149253
Westerwolde,838.9044444444371,1900.3188034188038,1891.6561416185032,1421.6975019516071,1748.8158309859114,1939.0266169154222,1820.9605555555565,2206.4749613601252,2426.76532929599,2721.358206106873,3220.1067689530664
Westland,1003.5174775806119,1158.1759917277714,1191.990132933904,1270.588322507775,1496.425520387794,1412.8453056768758,1640.7287563986683,2013.8896512935862,1720.1702159718745,1850.7357575757553,2004.9144358794713
Weststellingwerf,1075.4938704028011,1282.5997999999972,1545.9471999999969,1521.7275267050097,1774.7761235955106,1906.1080917059987,1696.1185686653812,2200.045603271985,2477.4643759873625,2456.3803806734977,2899.4845821325634
Westvoorne,1250.896853932584,1108.9345070422512,1625.1938271604952,1412.557564575654,1566.1206436420666,1801.386788990824,1944.829032258064,1969.6342391304343,2233.2442542787294,2334.2742857142853,2485.1891566265067
Wierden,1173.1851809954765,1300.3221165279422,1475.4449185415046,1492.1829662261378,1746.6616666666644,1718.081970649895,1718.4732620320874,1912.6475903614457,2027.7917808219183,2198.525885558583,2340.0066225165574
Wijchen,1005.0848256361905,1122.854798112217,1410.3085882786513,1254.9612097150734,1633.0452489905806,1638.4247534053573,1760.4497129735964,2021.2571428571423,2316.802027027028,2415.9475247524747,2730.2088135593203
Wijdemeren,1006.2251412429378,1334.3747330960853,1166.2659555555576,1280.6202238209403,1417.3074634392374,1537.5478092783428,1555.4650208623082,1656.1494545454548,1825.9139410187652,1957.708629441626,2111.5455868089225
Wijk bij Duurstede,986.1925545571258,1241.6532967032954,1239.4945853324243,1252.2975178638592,1414.4247626582326,1441.5720623501225,1714.4706451612892,1914.2208333333356,2035.927096774194,2166.4891472868217,2414.4723809523794
Winterswijk,1083.6707616707606,1356.7694261524016,1788.5773320895578,1611.8036342321182,1806.3971613545868,1969.942462146138,2047.394680851062,1949.0036480686695,2777.2375750300107,2880.4920251836324,3760.2319067998096
Woensdrecht,1005.4777777777788,1325.7836101882592,1485.875841346152,1517.0717637540458,1811.211063829785,1750.2626893070212,1923.0731870229008,2117.0114882506514,2368.6195121951214,2181.060337552742,2402.355167173254
Woerden,993.7842604298351,1199.4484848484874,1181.6724198250747,1185.0664274730839,1467.3327021494476,1507.761644306844,1592.746598905388,1699.5432584269647,1722.496798493408,1877.9748310810796,1939.2008449004213
Wormerland,810.0182461103244,1383.2151724137939,1154.898959236772,1263.605849889624,1566.8732484076402,1330.0695226438143,1467.5708703374773,2573.7731707317075,1961.6377245508972,2058.5441860465144,2128.674799999998
Woudenberg,1055.3871794871777,1206.1010130246023,1468.856534090909,1452.4263227513231,1594.2855614973312,1565.8170588235248,1879.2832214765133,2349.7642857142855,2165.346534653464,2180.5623655913973,2361.6634328358205
Zaanstad,856.8183329136209,996.700848220031,1121.467604031216,1106.8197068604566,1309.191287022112,1228.0373854933414,1250.2405010438483,1359.063284132842,1540.7145810424413,1598.6005367162747,1658.6623232132793
Zaltbommel,944.0649341649323,1951.2524390243916,1616.549519230773,1531.6270006958991,2227.004424778761,2734.8862142857192,2073.9415662650617,1933.6859375000004,2039.9768750000007,2318.9043956043956,2244.6329927007305
Zandvoort,932.8834808259599,901.1209821428578,1116.3568019093093,1069.4368674698808,1164.9416534181294,1320.4154632152672,1548.2400760938456,1605.9272123893804,1815.0593659942365,1614.8910583941595,1777.4974628171467
Zeewolde,1091.3192506459957,1108.2091312618911,1334.6339238263968,1459.7213619080605,2246.1011627906973,3897.6,2007.175,2007.175,2007.175,2007.175,2007.175
Zeist,930.4808080808083,1448.9806472491878,1268.8034749034844,1199.6325719506613,1399.288947195849,1252.3977913175854,1386.6054361567608,1625.7341801385676,2047.5366762177564,2079.3088041431283,2134.791234191014
Zevenaar,1117.1614845938382,1044.0477619532014,1487.2147553816048,1395.6278331487651,1582.805092896169,1510.5176018447319,1747.8484762579726,1762.8931034482778,2179.771148459384,2179.136175115208,2669.6908438060977
Zoetermeer,886.4609080415637,1019.5295569329968,1139.553779971783,1105.0595751993012,1169.6957605717869,1243.0547487844071,1345.3516981132068,1894.712765957447,1786.9129629629626,2081.1778409090894,2241.8276094276093
Zoeterwoude,1028.7013736263727,1106.8747663551408,1241.7354515050163,1349.995514950167,1561.3241379310298,1475.9367741935498,1492.4007092198576,1879.90625,2326.7316239316237,1825.8720430107528,2334.22723880597
Zuidplas,1045.591367323296,1115.3722482435599,1312.9397727272737,1219.9405196412108,1356.6291863207616,1450.0180417665406,1445.4182872435251,1572.6464646464615,1895.7655384615387,2018.5916666666656,2286.2737642585557
Zundert,1217.9683333333337,1997.8853709508867,1496.5640266469263,1674.5768063583844,1786.5577737447118,1893.7932610379576,2082.3375956284153,2125.971268656716,2510.6093548387084,2513.74501510574,2902.8707547169824
Zutphen,824.6220055710304,1101.781528989228,1183.1008974801507,1217.617447795823,1311.4369726472041,1297.7087881219875,1454.6205789473609,1576.3704485488151,1743.2461677186648,1725.1535889872177,1786.2709057971063
Zwartewaterland,1038.3863505747156,1491.53825966851,1630.5811420982684,1673.1438183347345,1783.1881962864709,1683.9489079563155,1794.6928134556547,1861.543356643356,1968.1325358851673,2053.167003367004,2004.4262812089366
Zwijndrecht,876.754692556635,912.5684077506296,1180.1405405405353,1148.9519241047565,1282.624441067939,1284.6098373156947,1253.9857875249122,1438.1456570155929,1453.1675226586121,1511.0846511627908,1743.218904109588
Zwolle,923.4341291585157,1038.1802507395366,1112.2412994147774,1214.9401627780874,1334.576613099594,1291.587364718592,1299.5056691992781,1456.0689303904928,1583.3790009699364,1603.667803491675,1607.3148557397217
