Municipality,Age0to4,Age5to9,Age10to14,Age15to19,Age20to24,Age25to29,Age30to34,Age35to39,Age40to44,Age45to49,Age50to54,Age55to59,Age60to64,Age65to69,Age70to74,Age75to79,80plus,Totaal
's-Gravenhage,31560.0,31247.0,29725.0,30613.0,35486.0,42320.0,41602.0,40413.0,37690.0,40652.0,37031.0,33430.0,28044.0,24176.0,21409.0,13505.0,18930.0,537833.0
's-Hertogenbosch,7750.0,8162.0,8030.0,8624.0,9499.0,11129.0,10736.0,9933.0,9355.0,11448.0,11428.0,10994.0,9625.0,8740.0,7567.0,4920.0,6265.0,154205.0
Aa en Hunze,922.0,1174.0,1366.0,1579.0,1031.0,912.0,1002.0,1124.0,1309.0,1919.0,2077.0,2208.0,2150.0,2061.0,1850.0,1196.0,1506.0,25386.0
Aalsmeer,1506.0,1970.0,2246.0,2046.0,1633.0,1473.0,1588.0,1888.0,2124.0,2756.0,2686.0,2252.0,1730.0,1518.0,1695.0,1158.0,1459.0,31728.0
Aalten,1197.0,1415.0,1682.0,1685.0,1345.0,1293.0,1276.0,1397.0,1449.0,2048.0,2131.0,2201.0,1928.0,1707.0,1656.0,1138.0,1463.0,27011.0
Achtkarspelen,1423.0,1636.0,1877.0,1892.0,1468.0,1481.0,1485.0,1580.0,1644.0,2060.0,2059.0,1943.0,1846.0,1740.0,1551.0,961.0,1206.0,27852.0
Alblasserdam,1273.0,1318.0,1293.0,1305.0,1170.0,1206.0,1144.0,1069.0,1116.0,1368.0,1538.0,1249.0,1060.0,991.0,1075.0,840.0,1054.0,20069.0
Albrandswaard,1283.0,1571.0,1714.0,1611.0,1177.0,1067.0,1293.0,1558.0,1800.0,2239.0,2046.0,1940.0,1636.0,1318.0,1262.0,766.0,990.0,25271.0
Alkmaar,5479.0,5770.0,5691.0,6077.0,5761.0,7244.0,7096.0,6792.0,6789.0,7952.0,7845.0,7821.0,7326.0,6578.0,5964.0,3690.0,4683.0,108558.0
Almelo,3475.0,3861.0,4411.0,4737.0,4194.0,4308.0,4267.0,4357.0,4415.0,5596.0,5447.0,5120.0,4490.0,4232.0,3925.0,2643.0,3371.0,72849.0
Almere,12548.0,13114.0,13405.0,14131.0,12858.0,14284.0,15242.0,14495.0,13750.0,15789.0,16073.0,15722.0,13059.0,9147.0,6534.0,3515.0,4238.0,207904.0
Alphen aan den Rijn,5671.0,6280.0,6511.0,7055.0,6050.0,6604.0,6681.0,6945.0,6933.0,8106.0,8346.0,7939.0,7033.0,6479.0,5967.0,3774.0,4612.0,110986.0
Alphen-Chaam,472.0,526.0,511.0,622.0,536.0,438.0,459.0,546.0,547.0,692.0,858.0,847.0,809.0,681.0,645.0,437.0,523.0,10149.0
Altena,3040.0,3279.0,3514.0,3659.0,3115.0,3046.0,3077.0,3104.0,3145.0,4063.0,4236.0,3857.0,3502.0,3319.0,3059.0,1951.0,2420.0,55386.0
Ameland,168.0,198.0,219.0,164.0,217.0,235.0,210.0,206.0,197.0,265.0,254.0,251.0,261.0,244.0,259.0,161.0,164.0,3673.0
Amersfoort,8993.0,9786.0,10140.0,10235.0,8505.0,10070.0,10503.0,10717.0,10390.0,12266.0,12323.0,10820.0,8560.0,7154.0,6299.0,3979.0,5546.0,156286.0
Amstelveen,5132.0,5763.0,5017.0,4873.0,5782.0,5463.0,5818.0,6404.0,5944.0,6222.0,6062.0,5769.0,5188.0,4566.0,4348.0,3147.0,5340.0,90838.0
Amsterdam,46291.0,40973.0,38338.0,40853.0,67634.0,98245.0,88086.0,67791.0,56946.0,57536.0,55814.0,52338.0,44140.0,36106.0,29887.0,18772.0,23215.0,862965.0
Apeldoorn,7879.0,8537.0,9141.0,10117.0,8633.0,9456.0,9367.0,9103.0,9564.0,12159.0,11894.0,12106.0,10793.0,9894.0,9549.0,6088.0,8165.0,162445.0
Appingedam,488.0,566.0,664.0,703.0,535.0,564.0,593.0,572.0,647.0,824.0,895.0,889.0,883.0,816.0,812.0,529.0,741.0,11721.0
Arnhem,8169.0,8606.0,8423.0,9180.0,11995.0,13436.0,11622.0,11017.0,10618.0,11686.0,11339.0,10293.0,8761.0,7811.0,6568.0,4049.0,5692.0,159265.0
Assen,3195.0,3724.0,4217.0,4515.0,3428.0,3619.0,3799.0,4063.0,4164.0,5165.0,5160.0,4991.0,4447.0,4066.0,3695.0,2414.0,3301.0,67963.0
Asten,757.0,801.0,962.0,1064.0,930.0,927.0,895.0,865.0,875.0,1133.0,1331.0,1320.0,1164.0,1158.0,1003.0,696.0,829.0,16710.0
Baarle-Nassau,292.0,313.0,323.0,343.0,282.0,335.0,339.0,379.0,381.0,439.0,499.0,576.0,519.0,513.0,520.0,355.0,439.0,6847.0
Baarn,1189.0,1355.0,1389.0,1428.0,1040.0,1140.0,1259.0,1357.0,1448.0,1755.0,1962.0,1924.0,1746.0,1557.0,1583.0,1068.0,1567.0,24767.0
Barendrecht,2496.0,3062.0,3381.0,3633.0,2585.0,2004.0,2345.0,2821.0,3271.0,4235.0,4216.0,3473.0,2803.0,2541.0,2327.0,1505.0,1975.0,48673.0
Barneveld,4214.0,4203.0,4011.0,4266.0,3710.0,3760.0,3724.0,3243.0,3001.0,3733.0,3831.0,3652.0,3136.0,2652.0,2544.0,1839.0,2452.0,57971.0
Beek,601.0,633.0,679.0,888.0,755.0,893.0,826.0,764.0,798.0,1032.0,1323.0,1408.0,1254.0,1172.0,1074.0,786.0,1043.0,15929.0
Beekdaelen,1379.0,1553.0,1669.0,1910.0,1660.0,1637.0,1740.0,1752.0,1919.0,2459.0,2854.0,3075.0,2890.0,2660.0,2537.0,1808.0,2225.0,35727.0
Beemster,542.0,570.0,518.0,589.0,509.0,463.0,519.0,589.0,561.0,691.0,811.0,742.0,686.0,599.0,542.0,361.0,456.0,9748.0
Beesel,564.0,637.0,725.0,815.0,707.0,629.0,730.0,706.0,715.0,958.0,1129.0,1082.0,1006.0,984.0,827.0,572.0,733.0,13519.0
Berg en Dal,1390.0,1527.0,1751.0,2129.0,1745.0,1769.0,1597.0,1574.0,1845.0,2559.0,2889.0,2886.0,2666.0,2469.0,2322.0,1530.0,2150.0,34798.0
Bergeijk,804.0,853.0,1049.0,1157.0,1083.0,1016.0,936.0,910.0,983.0,1313.0,1456.0,1540.0,1328.0,1187.0,1149.0,778.0,949.0,18491.0
Bergen (L.),520.0,547.0,686.0,782.0,680.0,643.0,607.0,604.0,661.0,947.0,1163.0,1175.0,1060.0,980.0,834.0,560.0,691.0,13140.0
Bergen (NH.),858.0,1195.0,1558.0,1897.0,1324.0,908.0,864.0,1077.0,1370.0,2119.0,2488.0,2449.0,2293.0,2480.0,2841.0,1841.0,2412.0,29974.0
Bergen op Zoom,3174.0,3334.0,3478.0,3945.0,3508.0,3705.0,3921.0,3824.0,3681.0,4959.0,5307.0,5098.0,4635.0,4333.0,3997.0,2649.0,3263.0,66811.0
Berkelland,1701.0,2069.0,2616.0,2835.0,2147.0,2049.0,1919.0,1942.0,2297.0,3209.0,3630.0,3535.0,3149.0,3117.0,3075.0,2088.0,2526.0,43904.0
Bernheze,1441.0,1599.0,1860.0,2154.0,1748.0,1591.0,1671.0,1593.0,1758.0,2195.0,2382.0,2350.0,2131.0,1910.0,1687.0,1170.0,1566.0,30806.0
Best,1400.0,1529.0,1744.0,2098.0,1660.0,1594.0,1647.0,1581.0,1662.0,2288.0,2571.0,2402.0,2006.0,1723.0,1450.0,1068.0,1398.0,29821.0
Beuningen,1286.0,1241.0,1380.0,1680.0,1296.0,1273.0,1450.0,1390.0,1461.0,1883.0,2279.0,2321.0,1988.0,1686.0,1351.0,872.0,1045.0,25882.0
Beverwijk,2179.0,2180.0,2220.0,2340.0,2286.0,2921.0,2926.0,2455.0,2510.0,3146.0,3043.0,3035.0,2479.0,2184.0,2012.0,1317.0,1943.0,41176.0
Bladel,929.0,1034.0,1127.0,1286.0,1075.0,1102.0,1150.0,1116.0,1061.0,1360.0,1621.0,1625.0,1364.0,1215.0,1224.0,848.0,1038.0,20175.0
Blaricum,718.0,649.0,639.0,675.0,373.0,433.0,573.0,657.0,608.0,716.0,860.0,769.0,711.0,863.0,915.0,510.0,533.0,11202.0
Bloemendaal,988.0,1530.0,1652.0,1654.0,860.0,527.0,624.0,992.0,1398.0,1727.0,1915.0,1796.0,1578.0,1512.0,1668.0,1166.0,1823.0,23410.0
Bodegraven-Reeuwijk,1981.0,1993.0,2129.0,2295.0,1900.0,1898.0,1950.0,1863.0,1956.0,2395.0,2589.0,2457.0,2211.0,2034.0,1944.0,1300.0,1567.0,34462.0
Boekel,516.0,529.0,693.0,749.0,633.0,639.0,589.0,608.0,552.0,697.0,934.0,829.0,639.0,638.0,540.0,356.0,447.0,10588.0
Borger-Odoorn,1015.0,1201.0,1332.0,1495.0,1192.0,1059.0,1158.0,1144.0,1297.0,1926.0,2189.0,2165.0,2017.0,1896.0,1804.0,1134.0,1348.0,25372.0
Borne,1293.0,1370.0,1402.0,1420.0,1064.0,1186.0,1354.0,1343.0,1354.0,1643.0,1622.0,1628.0,1543.0,1486.0,1329.0,1007.0,1166.0,23210.0
Borsele,1196.0,1307.0,1389.0,1475.0,1197.0,1182.0,1271.0,1182.0,1264.0,1622.0,1745.0,1740.0,1642.0,1391.0,1219.0,855.0,1123.0,22800.0
Boxmeer,1178.0,1259.0,1680.0,1824.0,1688.0,1543.0,1375.0,1296.0,1537.0,2000.0,2362.0,2540.0,2231.0,2104.0,1705.0,1147.0,1596.0,29065.0
Boxtel,1360.0,1506.0,1931.0,1970.0,1613.0,1782.0,1565.0,1679.0,1855.0,2170.0,2274.0,2211.0,2165.0,2038.0,1920.0,1210.0,1498.0,30747.0
Breda,8985.0,9617.0,10074.0,11155.0,14253.0,13563.0,11924.0,11182.0,11284.0,12905.0,12905.0,11872.0,10587.0,9724.0,8876.0,6350.0,8617.0,183873.0
Brielle,744.0,798.0,838.0,1038.0,856.0,970.0,911.0,876.0,1018.0,1290.0,1477.0,1348.0,1180.0,1115.0,1117.0,716.0,890.0,17182.0
Bronckhorst,1261.0,1608.0,2072.0,2460.0,1724.0,1459.0,1295.0,1465.0,1752.0,2723.0,3156.0,3170.0,2884.0,2734.0,2534.0,1747.0,2168.0,36212.0
Brummen,808.0,918.0,1081.0,1262.0,1053.0,915.0,944.0,943.0,1091.0,1474.0,1750.0,1727.0,1539.0,1422.0,1417.0,1060.0,1294.0,20698.0
Brunssum,1090.0,1233.0,1275.0,1468.0,1321.0,1487.0,1536.0,1477.0,1461.0,1981.0,2373.0,2407.0,2184.0,1985.0,1780.0,1280.0,1765.0,28103.0
Bunnik,835.0,952.0,955.0,963.0,640.0,579.0,647.0,865.0,919.0,1072.0,1175.0,1229.0,997.0,916.0,837.0,685.0,926.0,15192.0
Bunschoten,1347.0,1437.0,1403.0,1460.0,1352.0,1454.0,1499.0,1356.0,1338.0,1525.0,1458.0,1339.0,1087.0,1063.0,1061.0,673.0,724.0,21576.0
Buren,1197.0,1475.0,1509.0,1735.0,1326.0,1227.0,1316.0,1415.0,1509.0,2103.0,2297.0,2181.0,1984.0,1743.0,1624.0,922.0,1005.0,26568.0
Capelle aan den IJssel,3580.0,3729.0,3564.0,3881.0,3613.0,4145.0,4111.0,4050.0,3782.0,4559.0,4688.0,5015.0,4709.0,4220.0,3775.0,2257.0,3140.0,66818.0
Castricum,1577.0,1701.0,1934.0,2324.0,1894.0,1701.0,1635.0,1623.0,1872.0,2453.0,2962.0,2872.0,2432.0,2353.0,2436.0,1691.0,2312.0,35772.0
Coevorden,1520.0,1746.0,1980.0,2269.0,1650.0,1559.0,1721.0,1751.0,1900.0,2594.0,2862.0,2808.0,2682.0,2500.0,2293.0,1562.0,2086.0,35483.0
Cranendonck,881.0,1031.0,1024.0,1150.0,1064.0,997.0,1046.0,1057.0,1116.0,1436.0,1645.0,1651.0,1480.0,1481.0,1364.0,955.0,1062.0,20440.0
Cuijk,1162.0,1255.0,1334.0,1556.0,1394.0,1326.0,1272.0,1345.0,1480.0,1846.0,2076.0,1967.0,1643.0,1566.0,1531.0,1005.0,1173.0,24931.0
Culemborg,1436.0,1642.0,1729.0,1926.0,1518.0,1564.0,1591.0,1640.0,1707.0,2314.0,2289.0,2170.0,1883.0,1600.0,1470.0,922.0,1154.0,28555.0
Dalfsen,1495.0,1579.0,1811.0,2010.0,1498.0,1296.0,1540.0,1415.0,1535.0,2050.0,2202.0,2168.0,2013.0,1679.0,1572.0,1170.0,1466.0,28499.0
Dantumadiel,970.0,1067.0,1101.0,1228.0,1048.0,981.0,966.0,1018.0,984.0,1276.0,1419.0,1456.0,1282.0,1232.0,1152.0,761.0,982.0,18923.0
De Bilt,2100.0,2409.0,2706.0,2759.0,1844.0,1736.0,1841.0,2278.0,2405.0,3071.0,3212.0,3302.0,2967.0,2679.0,2549.0,1804.0,3162.0,42824.0
De Fryske Marren,2262.0,2854.0,3131.0,3373.0,2454.0,2432.0,2523.0,2676.0,2813.0,3788.0,3995.0,3854.0,3553.0,3508.0,3309.0,2193.0,2712.0,51430.0
De Ronde Venen,2131.0,2194.0,2568.0,2921.0,2283.0,2211.0,2117.0,2227.0,2509.0,3477.0,3697.0,3582.0,3172.0,2650.0,2546.0,1694.0,2080.0,44059.0
De Wolden,1078.0,1191.0,1321.0,1679.0,1168.0,1045.0,1122.0,1111.0,1183.0,1765.0,1987.0,1962.0,1820.0,1698.0,1446.0,1049.0,1485.0,24110.0
Delft,4408.0,4245.0,4019.0,5959.0,14663.0,11773.0,7157.0,5783.0,5123.0,5750.0,6035.0,6371.0,5669.0,4993.0,4583.0,2746.0,3886.0,103163.0
Delfzijl,1073.0,1125.0,1300.0,1374.0,1251.0,1223.0,1178.0,1186.0,1269.0,1752.0,1960.0,1978.0,1862.0,1672.0,1691.0,1236.0,1586.0,24716.0
Den Helder,2563.0,2619.0,2862.0,3023.0,2947.0,3265.0,3137.0,3055.0,3028.0,3938.0,4200.0,4324.0,4128.0,3735.0,3614.0,2285.0,2881.0,55604.0
Deurne,1584.0,1626.0,1753.0,2007.0,1870.0,1814.0,1757.0,1709.0,1671.0,2131.0,2538.0,2675.0,2396.0,2141.0,1751.0,1287.0,1652.0,32362.0
Deventer,4980.0,5502.0,5882.0,6252.0,6028.0,6353.0,6151.0,6282.0,6537.0,7569.0,7531.0,6974.0,6035.0,5341.0,4784.0,3153.0,4603.0,99957.0
Diemen,1606.0,1454.0,1343.0,1668.0,3001.0,2548.0,2075.0,1897.0,1720.0,1740.0,1840.0,1987.0,1732.0,1439.0,1169.0,823.0,1154.0,29196.0
Dinkelland,1140.0,1242.0,1626.0,1959.0,1593.0,1423.0,1280.0,1176.0,1338.0,1786.0,2117.0,2101.0,1859.0,1682.0,1416.0,1026.0,1586.0,26350.0
Doesburg,386.0,476.0,580.0,683.0,573.0,457.0,489.0,503.0,603.0,866.0,984.0,928.0,820.0,880.0,844.0,529.0,547.0,11148.0
Doetinchem,2794.0,2866.0,3267.0,3680.0,3002.0,3194.0,3148.0,3173.0,3416.0,4269.0,4520.0,4324.0,3970.0,3669.0,3219.0,2147.0,2897.0,57555.0
Dongen,1259.0,1306.0,1403.0,1607.0,1382.0,1409.0,1527.0,1437.0,1503.0,1941.0,2065.0,1954.0,1792.0,1640.0,1532.0,1015.0,1279.0,26051.0
Dordrecht,5992.0,6411.0,6265.0,7070.0,6900.0,7751.0,7666.0,7379.0,7085.0,8685.0,9036.0,8454.0,7478.0,6676.0,6178.0,3993.0,5635.0,118654.0
Drechterland,979.0,1023.0,1176.0,1335.0,1038.0,1005.0,1055.0,1062.0,1089.0,1460.0,1438.0,1460.0,1319.0,1360.0,1220.0,770.0,808.0,19597.0
Drimmelen,1155.0,1317.0,1378.0,1621.0,1410.0,1374.0,1414.0,1370.0,1566.0,2009.0,2210.0,2257.0,2043.0,1899.0,1742.0,1111.0,1274.0,27150.0
Dronten,2004.0,2341.0,2503.0,3000.0,2536.0,2321.0,2379.0,2348.0,2297.0,2975.0,3289.0,3036.0,2520.0,2160.0,2040.0,1309.0,1757.0,40815.0
Druten,840.0,985.0,1112.0,1267.0,969.0,984.0,980.0,961.0,1185.0,1528.0,1579.0,1488.0,1348.0,1131.0,1000.0,661.0,779.0,18797.0
Duiven,1066.0,1268.0,1458.0,1870.0,1372.0,1135.0,1288.0,1256.0,1391.0,1974.0,2416.0,2297.0,1889.0,1497.0,1260.0,815.0,1080.0,25332.0
Echt-Susteren,1181.0,1314.0,1407.0,1625.0,1435.0,1516.0,1587.0,1661.0,1612.0,2228.0,2642.0,2773.0,2686.0,2496.0,2130.0,1477.0,1868.0,31638.0
Edam-Volendam,1657.0,1867.0,2269.0,2476.0,2101.0,1895.0,1722.0,1937.0,2280.0,2675.0,2723.0,2656.0,2342.0,2420.0,2221.0,1447.0,1411.0,36099.0
Ede,6757.0,6822.0,7199.0,8084.0,7563.0,7464.0,7056.0,6694.0,6437.0,7648.0,8069.0,7783.0,7097.0,6216.0,5547.0,3868.0,5406.0,115710.0
Eemnes,440.0,470.0,567.0,685.0,423.0,350.0,413.0,418.0,586.0,713.0,813.0,766.0,620.0,555.0,580.0,336.0,378.0,9113.0
Eersel,898.0,938.0,1013.0,1099.0,1043.0,1035.0,950.0,1002.0,1051.0,1257.0,1503.0,1674.0,1413.0,1244.0,1048.0,846.0,1096.0,19110.0
Eijsden-Margraten,1218.0,1126.0,1164.0,1558.0,1216.0,1292.0,1372.0,1240.0,1254.0,1653.0,2044.0,2130.0,2044.0,1901.0,1671.0,1231.0,1544.0,25658.0
Eindhoven,10914.0,11120.0,10969.0,12812.0,19362.0,21605.0,18749.0,16115.0,14725.0,15333.0,14992.0,14130.0,12175.0,10791.0,9908.0,7064.0,10878.0,231642.0
Elburg,1327.0,1476.0,1488.0,1604.0,1237.0,1218.0,1343.0,1323.0,1341.0,1706.0,1669.0,1501.0,1348.0,1269.0,1384.0,817.0,1035.0,23086.0
Emmen,4555.0,5346.0,5834.0,6651.0,5555.0,5517.0,5688.0,5651.0,6061.0,7880.0,8404.0,8119.0,7704.0,7221.0,6679.0,4488.0,5760.0,107113.0
Enkhuizen,880.0,980.0,1072.0,1034.0,938.0,1095.0,1056.0,1099.0,1126.0,1351.0,1336.0,1329.0,1221.0,1269.0,1139.0,723.0,859.0,18507.0
Enschede,7395.0,8069.0,8354.0,10228.0,14636.0,12100.0,10109.0,9580.0,9497.0,11165.0,10886.0,10128.0,8783.0,8185.0,7842.0,5302.0,6727.0,158986.0
Epe,1515.0,1632.0,1744.0,2074.0,1666.0,1601.0,1599.0,1590.0,1718.0,2328.0,2514.0,2565.0,2354.0,2257.0,2331.0,1547.0,2110.0,33145.0
Ermelo,1262.0,1339.0,1531.0,1785.0,1489.0,1413.0,1426.0,1347.0,1347.0,1894.0,1990.0,2014.0,1800.0,1749.0,1692.0,1177.0,1603.0,26858.0
Etten-Leur,2238.0,2452.0,2630.0,2589.0,2157.0,2307.0,2573.0,2686.0,2840.0,3262.0,3241.0,3159.0,2796.0,2742.0,2556.0,1592.0,1954.0,43774.0
Geertruidenberg,1019.0,1202.0,1220.0,1249.0,1016.0,1152.0,1265.0,1257.0,1295.0,1612.0,1725.0,1608.0,1410.0,1393.0,1326.0,811.0,955.0,21515.0
Geldrop-Mierlo,1943.0,2069.0,2144.0,2420.0,1947.0,2127.0,2221.0,2276.0,2350.0,2831.0,3020.0,2984.0,2658.0,2514.0,2287.0,1671.0,2133.0,39595.0
Gemert-Bakel,1564.0,1720.0,1657.0,1782.0,1675.0,1770.0,1909.0,1828.0,1683.0,2041.0,2390.0,2386.0,2191.0,1946.0,1539.0,1037.0,1329.0,30447.0
Gennep,725.0,887.0,945.0,1007.0,793.0,757.0,782.0,976.0,918.0,1226.0,1349.0,1411.0,1378.0,1212.0,1090.0,714.0,901.0,17071.0
Gilze en Rijen,1296.0,1429.0,1469.0,1617.0,1421.0,1470.0,1444.0,1500.0,1529.0,1965.0,2017.0,2018.0,1805.0,1725.0,1511.0,1038.0,1177.0,26431.0
Goeree-Overflakkee,2435.0,2598.0,2931.0,3100.0,2575.0,2472.0,2687.0,2751.0,2824.0,3629.0,3860.0,3639.0,3421.0,3057.0,2921.0,2021.0,2690.0,49611.0
Goes,1644.0,1823.0,1966.0,2304.0,1906.0,1995.0,2065.0,2035.0,2175.0,2714.0,2924.0,2736.0,2520.0,2478.0,2360.0,1552.0,2456.0,37653.0
Goirle,1172.0,1443.0,1411.0,1367.0,1013.0,983.0,1250.0,1415.0,1460.0,1657.0,1703.0,1721.0,1801.0,1772.0,1480.0,1000.0,1145.0,23793.0
Gooise Meren,3104.0,3736.0,4012.0,3807.0,2223.0,2353.0,2556.0,3256.0,3687.0,4505.0,4640.0,4268.0,3302.0,3154.0,3158.0,2242.0,3712.0,57715.0
Gorinchem,1946.0,1946.0,2107.0,2279.0,2105.0,2348.0,2328.0,2237.0,2264.0,2778.0,2912.0,2576.0,2184.0,1934.0,1831.0,1235.0,1672.0,36682.0
Gouda,3895.0,4007.0,4288.0,4490.0,4245.0,4968.0,4588.0,4366.0,4358.0,5156.0,5258.0,5226.0,4530.0,4180.0,3710.0,2488.0,3428.0,73181.0
Grave,516.0,653.0,684.0,767.0,669.0,640.0,614.0,671.0,710.0,942.0,979.0,1001.0,867.0,867.0,796.0,510.0,597.0,12483.0
Groningen,9862.0,9590.0,9370.0,14711.0,35631.0,25166.0,17176.0,13438.0,12106.0,13404.0,13016.0,12651.0,11829.0,10593.0,8949.0,5541.0,8266.0,231299.0
Gulpen-Wittem,492.0,521.0,566.0,704.0,626.0,673.0,692.0,643.0,648.0,916.0,1167.0,1378.0,1270.0,1156.0,1095.0,751.0,948.0,14246.0
Haaksbergen,1048.0,1201.0,1445.0,1616.0,1170.0,1089.0,1162.0,1188.0,1255.0,1816.0,2006.0,1842.0,1679.0,1589.0,1586.0,1213.0,1372.0,24277.0
Haaren,562.0,631.0,778.0,939.0,777.0,697.0,621.0,653.0,756.0,1034.0,1282.0,1199.0,1047.0,1023.0,886.0,654.0,656.0,14195.0
Haarlem,9303.0,9412.0,8523.0,8251.0,8269.0,11770.0,12347.0,11623.0,11381.0,11894.0,11441.0,10399.0,9181.0,8073.0,7513.0,4967.0,6918.0,161265.0
Haarlemmermeer,7396.0,8928.0,10341.0,10577.0,8617.0,8199.0,8650.0,9093.0,10122.0,13010.0,12942.0,11353.0,9265.0,8142.0,7476.0,4656.0,5468.0,154235.0
Halderberge,1414.0,1406.0,1537.0,1718.0,1534.0,1526.0,1585.0,1625.0,1658.0,2217.0,2451.0,2390.0,2144.0,2039.0,2029.0,1331.0,1590.0,30194.0
Hardenberg,3289.0,3587.0,3813.0,4271.0,3503.0,3386.0,3460.0,3357.0,3512.0,4310.0,4606.0,4447.0,3904.0,3393.0,2977.0,2066.0,2693.0,60574.0
Harderwijk,2590.0,2957.0,2976.0,3079.0,2508.0,2740.0,2995.0,3017.0,3071.0,3563.0,3349.0,3226.0,2865.0,2653.0,2402.0,1572.0,2018.0,47581.0
Hardinxveld-Giessendam,1142.0,1119.0,1232.0,1221.0,1093.0,1214.0,1107.0,940.0,1053.0,1192.0,1230.0,1185.0,968.0,936.0,906.0,598.0,915.0,18051.0
Harlingen,679.0,771.0,970.0,1011.0,744.0,719.0,726.0,791.0,843.0,1176.0,1215.0,1139.0,1095.0,1107.0,1151.0,791.0,830.0,15758.0
Hattem,643.0,697.0,787.0,814.0,568.0,555.0,626.0,622.0,717.0,855.0,916.0,897.0,775.0,755.0,757.0,474.0,715.0,12173.0
Heemskerk,1753.0,2006.0,2102.0,2365.0,2157.0,2247.0,2061.0,2020.0,2220.0,2670.0,3046.0,3258.0,2668.0,2282.0,2238.0,1686.0,2385.0,39164.0
Heemstede,1425.0,1712.0,1689.0,1622.0,940.0,765.0,1040.0,1435.0,1635.0,1936.0,1969.0,2010.0,1836.0,1746.0,1876.0,1428.0,2222.0,27286.0
Heerde,888.0,1027.0,1079.0,1162.0,861.0,800.0,872.0,950.0,1050.0,1373.0,1437.0,1423.0,1289.0,1222.0,1236.0,823.0,1054.0,18546.0
Heerenveen,2412.0,2682.0,2997.0,3272.0,2485.0,2609.0,2632.0,2735.0,2976.0,3915.0,3913.0,3513.0,3318.0,3027.0,2964.0,2061.0,2746.0,50257.0
Heerhugowaard,3204.0,3520.0,3627.0,3812.0,3015.0,3398.0,3603.0,3664.0,3787.0,4490.0,4008.0,3590.0,3092.0,2988.0,3178.0,1939.0,1827.0,56742.0
Heerlen,3511.0,3788.0,3782.0,4468.0,4607.0,5484.0,5280.0,5115.0,4705.0,5786.0,6826.0,7140.0,6557.0,5849.0,5062.0,3711.0,5161.0,86832.0
Heeze-Leende,717.0,734.0,814.0,983.0,785.0,769.0,745.0,815.0,817.0,1100.0,1264.0,1354.0,1247.0,1084.0,1019.0,747.0,970.0,15964.0
Heiloo,966.0,1186.0,1386.0,1519.0,1040.0,840.0,942.0,1041.0,1276.0,1771.0,1875.0,1817.0,1586.0,1592.0,1613.0,1242.0,1772.0,23464.0
Hellendoorn,1690.0,1921.0,2286.0,2318.0,1822.0,1777.0,1950.0,1933.0,2099.0,2434.0,2623.0,2595.0,2584.0,2345.0,2147.0,1472.0,1812.0,35808.0
Hellevoetsluis,1756.0,2113.0,2308.0,2263.0,1995.0,2096.0,2260.0,2346.0,2468.0,3070.0,2939.0,2993.0,3056.0,2812.0,2606.0,1413.0,1555.0,40049.0
Helmond,4559.0,5158.0,5570.0,5974.0,5026.0,5589.0,5671.0,5675.0,5900.0,7487.0,7371.0,6461.0,5382.0,4848.0,4494.0,2968.0,3391.0,91524.0
Hendrik-Ido-Ambacht,2082.0,2230.0,2099.0,1931.0,1571.0,1718.0,1960.0,2052.0,2098.0,2191.0,2144.0,2029.0,1709.0,1471.0,1434.0,927.0,1320.0,30966.0
Hengelo,3575.0,4087.0,4728.0,5218.0,4609.0,4988.0,4683.0,4736.0,4951.0,6000.0,6062.0,5829.0,5103.0,4773.0,4174.0,2986.0,4181.0,80683.0
Het Hogeland,2192.0,2455.0,2790.0,3197.0,2213.0,2247.0,2224.0,2378.0,2665.0,3381.0,3719.0,3718.0,3698.0,3385.0,3334.0,1926.0,2366.0,47888.0
Heumen,704.0,803.0,907.0,1149.0,798.0,646.0,676.0,736.0,887.0,1200.0,1412.0,1420.0,1232.0,1123.0,1041.0,806.0,946.0,16486.0
Heusden,2083.0,2310.0,2489.0,2682.0,2454.0,2344.0,2405.0,2404.0,2633.0,3351.0,3502.0,3410.0,3072.0,2820.0,2433.0,1714.0,2029.0,44135.0
Hillegom,1097.0,1167.0,1205.0,1270.0,1051.0,1175.0,1418.0,1330.0,1289.0,1623.0,1684.0,1673.0,1458.0,1283.0,1275.0,815.0,1153.0,21966.0
Hilvarenbeek,665.0,739.0,905.0,991.0,773.0,719.0,676.0,776.0,871.0,1107.0,1281.0,1297.0,1125.0,974.0,968.0,688.0,779.0,15334.0
Hilversum,4888.0,5100.0,5303.0,5211.0,4567.0,5606.0,5934.0,6135.0,5902.0,6901.0,6569.0,6030.0,4970.0,4651.0,4544.0,3163.0,4764.0,90238.0
Hoeksche Waard,4134.0,4562.0,4971.0,5352.0,4287.0,4208.0,4396.0,4589.0,5073.0,6612.0,6833.0,6479.0,5992.0,5671.0,5685.0,3481.0,4331.0,86656.0
Hof van Twente,1404.0,1692.0,2074.0,2268.0,1784.0,1549.0,1537.0,1602.0,1953.0,2575.0,2785.0,2627.0,2393.0,2275.0,2402.0,1737.0,2283.0,34940.0
Hollands Kroon,2257.0,2457.0,2824.0,3228.0,2533.0,2428.0,2621.0,2595.0,2621.0,3587.0,3901.0,3613.0,3347.0,3069.0,2761.0,1858.0,2115.0,47815.0
Hoogeveen,2813.0,3209.0,3354.0,3510.0,2955.0,3098.0,3215.0,3327.0,3287.0,3843.0,3885.0,3726.0,3651.0,3268.0,3293.0,2187.0,3041.0,55662.0
Hoorn,3923.0,4064.0,4129.0,4590.0,4004.0,4328.0,4651.0,4640.0,4478.0,5390.0,5369.0,4917.0,4638.0,4419.0,4242.0,2472.0,2750.0,73004.0
Horst aan de Maas,1812.0,2030.0,2275.0,2733.0,2300.0,2327.0,2261.0,2205.0,2270.0,3115.0,3388.0,3492.0,3117.0,2678.0,2311.0,1716.0,2261.0,42291.0
Houten,2793.0,3211.0,3766.0,3490.0,2414.0,2434.0,2833.0,2933.0,3219.0,3995.0,3748.0,4147.0,3786.0,2636.0,1927.0,1059.0,1520.0,49911.0
Huizen,1940.0,2140.0,2382.0,2558.0,1995.0,1958.0,1970.0,2074.0,2215.0,2934.0,3116.0,3377.0,3192.0,2950.0,2578.0,1742.0,2152.0,41273.0
Hulst,1116.0,1147.0,1395.0,1443.0,1179.0,1301.0,1329.0,1414.0,1528.0,2133.0,2312.0,2317.0,2112.0,1927.0,1871.0,1305.0,1695.0,27524.0
IJsselstein,1661.0,1933.0,2320.0,2528.0,1771.0,1687.0,1731.0,1924.0,2277.0,2947.0,2867.0,2595.0,2003.0,1782.0,1697.0,1047.0,1390.0,34160.0
Kaag en Braassem,1235.0,1459.0,1492.0,1696.0,1387.0,1432.0,1432.0,1472.0,1481.0,2022.0,2119.0,2162.0,1963.0,1732.0,1529.0,1037.0,1216.0,26866.0
Kampen,3338.0,3573.0,3597.0,3787.0,3150.0,3491.0,3427.0,3411.0,3259.0,3666.0,3725.0,3278.0,3043.0,2703.0,2412.0,1693.0,2226.0,53779.0
Kapelle,658.0,788.0,857.0,862.0,623.0,603.0,683.0,727.0,752.0,906.0,956.0,893.0,855.0,797.0,689.0,495.0,641.0,12785.0
Katwijk,3871.0,4131.0,4212.0,4233.0,3851.0,4209.0,4150.0,4054.0,3767.0,4415.0,4685.0,4356.0,3881.0,3509.0,3241.0,2122.0,2615.0,65302.0
Kerkrade,1747.0,1949.0,1907.0,2018.0,2059.0,2366.0,2551.0,2524.0,2420.0,3059.0,3728.0,3981.0,3778.0,3529.0,2982.0,2211.0,2833.0,45642.0
Koggenland,1149.0,1226.0,1378.0,1634.0,1254.0,1152.0,1175.0,1162.0,1299.0,1691.0,1786.0,1749.0,1527.0,1425.0,1310.0,842.0,979.0,22738.0
Krimpen aan den IJssel,1568.0,1662.0,1832.0,1959.0,1577.0,1364.0,1535.0,1495.0,1564.0,1978.0,2037.0,1961.0,1807.0,1762.0,1951.0,1343.0,1981.0,29376.0
Krimpenerwaard,2984.0,3105.0,3247.0,3772.0,3314.0,3129.0,3006.0,2926.0,3108.0,3928.0,4247.0,4008.0,3593.0,3339.0,3335.0,2215.0,2792.0,56048.0
Laarbeek,981.0,1138.0,1289.0,1416.0,1150.0,1137.0,1146.0,1207.0,1288.0,1593.0,1773.0,1721.0,1619.0,1478.0,1369.0,930.0,1098.0,22333.0
Landerd,694.0,840.0,899.0,1004.0,909.0,762.0,799.0,781.0,824.0,1094.0,1217.0,1239.0,1141.0,1096.0,884.0,613.0,733.0,15529.0
Landgraaf,1449.0,1631.0,1684.0,1936.0,1688.0,1889.0,2066.0,1987.0,1883.0,2560.0,3071.0,3283.0,3174.0,2924.0,2526.0,1682.0,2158.0,37591.0
Landsmeer,624.0,705.0,632.0,686.0,555.0,460.0,579.0,632.0,724.0,848.0,922.0,888.0,822.0,700.0,669.0,464.0,578.0,11488.0
Langedijk,1430.0,1506.0,1727.0,1913.0,1500.0,1368.0,1484.0,1596.0,1635.0,2022.0,2190.0,2017.0,1914.0,1889.0,1683.0,993.0,1125.0,27992.0
Lansingerland,4066.0,4647.0,4515.0,4203.0,2873.0,2388.0,3412.0,4264.0,4626.0,5229.0,4842.0,4033.0,3219.0,2829.0,2540.0,1727.0,2188.0,61601.0
Laren,476.0,567.0,682.0,710.0,335.0,250.0,326.0,487.0,611.0,786.0,878.0,861.0,727.0,780.0,910.0,649.0,1160.0,11195.0
Leeuwarden,6033.0,6298.0,6325.0,7698.0,10428.0,9241.0,7694.0,7573.0,7088.0,8013.0,8398.0,8026.0,7678.0,6829.0,6204.0,4035.0,5546.0,123107.0
Leiden,5495.0,5529.0,5402.0,7022.0,15508.0,12992.0,9185.0,7552.0,7133.0,7784.0,7958.0,7720.0,6745.0,6071.0,5236.0,3237.0,4330.0,124899.0
Leiderdorp,1319.0,1486.0,1528.0,1693.0,1366.0,1206.0,1386.0,1421.0,1607.0,2038.0,2147.0,1991.0,1828.0,1683.0,1765.0,1088.0,1557.0,27109.0
Leidschendam-Voorburg,3969.0,4192.0,4027.0,3892.0,3272.0,4054.0,4428.0,4737.0,4885.0,5219.0,5108.0,5387.0,4998.0,4679.0,4562.0,3243.0,4773.0,75425.0
Lelystad,4334.0,4776.0,5034.0,4954.0,4209.0,4577.0,4862.0,5108.0,5209.0,5941.0,5433.0,4947.0,4969.0,4885.0,4307.0,2244.0,2104.0,77893.0
Leudal,1326.0,1503.0,1762.0,2295.0,1796.0,1740.0,1638.0,1734.0,1857.0,2498.0,2967.0,3131.0,2819.0,2642.0,2224.0,1580.0,2169.0,35681.0
Leusden,1486.0,1682.0,1833.0,1963.0,1345.0,1323.0,1495.0,1646.0,1700.0,2205.0,2309.0,2311.0,2284.0,1954.0,1812.0,1193.0,1489.0,30030.0
Lingewaard,2070.0,2603.0,2873.0,3149.0,2160.0,2007.0,2197.0,2631.0,2893.0,3585.0,3573.0,3555.0,3427.0,3242.0,2694.0,1766.0,2050.0,46475.0
Lisse,1107.0,1196.0,1259.0,1395.0,1100.0,1216.0,1227.0,1297.0,1293.0,1648.0,1700.0,1760.0,1494.0,1476.0,1380.0,943.0,1309.0,22800.0
Lochem,1259.0,1525.0,1942.0,2146.0,1305.0,1185.0,1275.0,1460.0,1697.0,2382.0,2726.0,2741.0,2650.0,2540.0,2426.0,1839.0,2492.0,33590.0
Loon op Zand,1090.0,1117.0,1224.0,1440.0,1145.0,1227.0,1277.0,1232.0,1343.0,1746.0,1798.0,1826.0,1692.0,1562.0,1389.0,969.0,1250.0,23327.0
Lopik,741.0,766.0,953.0,1129.0,960.0,821.0,725.0,723.0,819.0,1183.0,1210.0,1105.0,881.0,831.0,664.0,471.0,491.0,14473.0
Loppersum,397.0,513.0,537.0,598.0,454.0,447.0,447.0,469.0,530.0,698.0,772.0,822.0,807.0,697.0,636.0,342.0,448.0,9614.0
Losser,954.0,1129.0,1333.0,1443.0,1136.0,1070.0,1123.0,1138.0,1193.0,1614.0,1757.0,1719.0,1741.0,1674.0,1426.0,1036.0,1136.0,22622.0
Maasdriel,1260.0,1285.0,1425.0,1564.0,1277.0,1359.0,1360.0,1382.0,1490.0,1907.0,2011.0,1996.0,1765.0,1504.0,1314.0,802.0,992.0,24693.0
Maasgouw,885.0,903.0,1007.0,1299.0,1103.0,1081.0,1231.0,1090.0,1177.0,1629.0,1988.0,2110.0,2066.0,1894.0,1652.0,1150.0,1451.0,23716.0
Maassluis,1725.0,1681.0,1772.0,1811.0,1706.0,1845.0,1946.0,2023.0,1973.0,2279.0,2285.0,2107.0,2114.0,2203.0,2273.0,1394.0,1631.0,32768.0
Maastricht,4168.0,4275.0,4347.0,7734.0,15470.0,10201.0,6976.0,5961.0,5549.0,6852.0,7943.0,8334.0,7852.0,7439.0,6915.0,4875.0,6674.0,121565.0
Medemblik,2226.0,2436.0,2688.0,2942.0,2354.0,2304.0,2369.0,2379.0,2630.0,3292.0,3472.0,3344.0,3165.0,3033.0,2753.0,1646.0,1776.0,44809.0
Meerssen,713.0,784.0,983.0,1046.0,868.0,856.0,786.0,872.0,955.0,1368.0,1589.0,1658.0,1439.0,1350.0,1422.0,949.0,1285.0,18923.0
Meierijstad,3992.0,4177.0,4468.0,5253.0,4213.0,4475.0,4671.0,4532.0,4660.0,5716.0,6296.0,6254.0,5707.0,5081.0,4356.0,3050.0,3914.0,80815.0
Meppel,1609.0,1895.0,2150.0,2145.0,1690.0,1793.0,1942.0,2075.0,2141.0,2520.0,2549.0,2291.0,2122.0,1991.0,1859.0,1228.0,1564.0,33564.0
Middelburg,2356.0,2617.0,2720.0,3110.0,2716.0,2720.0,2681.0,2725.0,2844.0,3383.0,3471.0,3290.0,3205.0,2967.0,2950.0,2081.0,2708.0,48544.0
Midden-Delfland,1025.0,1190.0,1145.0,1330.0,1149.0,846.0,1037.0,1066.0,1143.0,1397.0,1592.0,1548.0,1355.0,1060.0,920.0,661.0,927.0,19391.0
Midden-Drenthe,1414.0,1586.0,1862.0,2206.0,1599.0,1425.0,1660.0,1501.0,1798.0,2536.0,2646.0,2705.0,2538.0,2339.0,2196.0,1417.0,1750.0,33178.0
Midden-Groningen,2684.0,3059.0,3285.0,3784.0,3043.0,2900.0,3113.0,3233.0,3582.0,4831.0,4886.0,4891.0,4360.0,3984.0,3900.0,2442.0,2922.0,60899.0
Mill en Sint Hubert,450.0,494.0,623.0,695.0,583.0,587.0,491.0,503.0,599.0,830.0,964.0,913.0,839.0,711.0,633.0,416.0,560.0,10891.0
Moerdijk,1657.0,1898.0,2044.0,2265.0,1784.0,1796.0,2018.0,1909.0,2159.0,2925.0,3094.0,2915.0,2540.0,2367.0,2335.0,1455.0,1800.0,36961.0
Molenlanden,2427.0,2755.0,3038.0,3296.0,2824.0,2357.0,2293.0,2368.0,2373.0,3107.0,3252.0,2992.0,2655.0,2499.0,2405.0,1512.0,1705.0,43858.0
Montferland,1468.0,1554.0,1884.0,2327.0,1873.0,1819.0,1745.0,1643.0,1868.0,2721.0,3122.0,3001.0,2672.0,2379.0,2352.0,1607.0,1991.0,36026.0
Montfoort,734.0,804.0,942.0,1015.0,798.0,724.0,743.0,709.0,867.0,1050.0,1091.0,1028.0,808.0,796.0,842.0,543.0,502.0,13996.0
Mook en Middelaar,246.0,302.0,448.0,515.0,352.0,301.0,274.0,282.0,368.0,611.0,697.0,700.0,630.0,617.0,569.0,417.0,477.0,7806.0
Neder-Betuwe,1686.0,1637.0,1671.0,1796.0,1616.0,1521.0,1336.0,1278.0,1251.0,1669.0,1668.0,1495.0,1354.0,1294.0,1175.0,703.0,884.0,24034.0
Nederweert,734.0,778.0,821.0,989.0,936.0,897.0,845.0,887.0,938.0,1170.0,1436.0,1434.0,1257.0,1210.0,1000.0,711.0,958.0,17001.0
Nieuwegein,3255.0,3269.0,3165.0,3582.0,3277.0,4248.0,4282.0,4016.0,3756.0,4375.0,4413.0,4371.0,4446.0,4517.0,3742.0,2160.0,2162.0,63036.0
Nieuwkoop,1461.0,1476.0,1559.0,1831.0,1557.0,1630.0,1549.0,1541.0,1570.0,1976.0,2353.0,2273.0,2057.0,1798.0,1701.0,1073.0,1223.0,28628.0
Nijkerk,2483.0,2628.0,2828.0,2917.0,2294.0,2244.0,2607.0,2545.0,2537.0,3263.0,3251.0,2898.0,2453.0,2319.0,2283.0,1529.0,1864.0,42943.0
Nijmegen,8318.0,8114.0,7803.0,9928.0,21444.0,17397.0,12552.0,10597.0,9955.0,10834.0,11032.0,11007.0,9925.0,9014.0,7503.0,4820.0,6488.0,176731.0
Nissewaard,4232.0,4469.0,4400.0,4794.0,4810.0,5160.0,5416.0,5173.0,4800.0,5788.0,6172.0,6606.0,6464.0,5402.0,4579.0,2970.0,3562.0,84797.0
Noardeast-Fryslan,2319.0,2648.0,2785.0,2978.0,2323.0,2402.0,2356.0,2444.0,2414.0,3283.0,3372.0,3352.0,3084.0,2749.0,2620.0,1782.0,2270.0,45181.0
Noord-Beveland,263.0,307.0,330.0,375.0,296.0,309.0,334.0,359.0,402.0,525.0,615.0,576.0,591.0,589.0,590.0,382.0,465.0,7308.0
Noordenveld,1342.0,1538.0,1754.0,1913.0,1161.0,1083.0,1392.0,1531.0,1725.0,2232.0,2407.0,2444.0,2428.0,2193.0,2329.0,1712.0,2106.0,31290.0
Noordoostpolder,2779.0,2826.0,3083.0,3253.0,2413.0,2724.0,3055.0,2908.0,2629.0,3325.0,3369.0,3272.0,3037.0,2675.0,2213.0,1404.0,1884.0,46849.0
Noordwijk,1922.0,2206.0,2255.0,2560.0,2228.0,2351.0,2412.0,2443.0,2440.0,3161.0,3230.0,3279.0,3091.0,2715.0,2757.0,1710.0,2099.0,42859.0
Nuenen Gerwen en Nederwetten,1098.0,1113.0,1279.0,1437.0,997.0,937.0,1038.0,1213.0,1199.0,1578.0,1808.0,1908.0,1666.0,1656.0,1745.0,1171.0,1343.0,23186.0
Nunspeet,1670.0,1651.0,1722.0,1872.0,1626.0,1523.0,1480.0,1528.0,1486.0,1716.0,1991.0,1890.0,1757.0,1630.0,1433.0,1069.0,1437.0,27481.0
Oegstgeest,1368.0,1508.0,1541.0,1601.0,1085.0,1087.0,1285.0,1507.0,1513.0,1805.0,1751.0,1812.0,1618.0,1350.0,1324.0,907.0,1364.0,24426.0
Oirschot,805.0,920.0,1000.0,1224.0,1020.0,979.0,903.0,912.0,930.0,1349.0,1498.0,1691.0,1466.0,1185.0,1094.0,675.0,972.0,18623.0
Oisterwijk,1098.0,1329.0,1450.0,1681.0,1270.0,1299.0,1218.0,1248.0,1450.0,1923.0,2044.0,2068.0,1839.0,1696.0,1630.0,1244.0,1653.0,26140.0
Oldambt,1466.0,1784.0,2014.0,2217.0,1865.0,1801.0,1842.0,1866.0,2147.0,2905.0,3067.0,2985.0,2923.0,2793.0,2603.0,1649.0,2202.0,38129.0
Oldebroek,1372.0,1437.0,1501.0,1594.0,1297.0,1319.0,1402.0,1311.0,1351.0,1601.0,1735.0,1778.0,1538.0,1378.0,1129.0,794.0,1061.0,23598.0
Oldenzaal,1410.0,1783.0,2011.0,1999.0,1534.0,1618.0,1608.0,1666.0,1905.0,2293.0,2304.0,2350.0,2116.0,2071.0,2044.0,1385.0,1743.0,31840.0
Olst-Wijhe,809.0,923.0,1057.0,1190.0,943.0,860.0,869.0,934.0,910.0,1311.0,1579.0,1506.0,1322.0,1193.0,1063.0,689.0,913.0,18071.0
Ommen,872.0,1007.0,1078.0,1150.0,873.0,889.0,893.0,978.0,963.0,1245.0,1339.0,1344.0,1274.0,1195.0,1086.0,742.0,885.0,17813.0
Oost Gelre,1307.0,1447.0,1752.0,2103.0,1562.0,1502.0,1529.0,1489.0,1542.0,1997.0,2449.0,2451.0,2151.0,2005.0,1661.0,1217.0,1540.0,29704.0
Oosterhout,2727.0,2838.0,2919.0,3315.0,2821.0,2945.0,3001.0,3163.0,3184.0,4128.0,4303.0,4277.0,3706.0,3666.0,3592.0,2284.0,2747.0,55616.0
Ooststellingwerf,1098.0,1298.0,1390.0,1523.0,1198.0,1181.0,1261.0,1297.0,1427.0,1823.0,1967.0,2057.0,1965.0,1786.0,1683.0,1068.0,1475.0,25497.0
Oostzaan,496.0,521.0,542.0,637.0,529.0,471.0,461.0,536.0,588.0,748.0,861.0,769.0,646.0,537.0,535.0,393.0,487.0,9757.0
Opmeer,561.0,552.0,715.0,795.0,735.0,753.0,613.0,557.0,682.0,809.0,916.0,864.0,767.0,759.0,714.0,459.0,528.0,11779.0
Opsterland,1342.0,1612.0,1833.0,2002.0,1524.0,1393.0,1444.0,1472.0,1649.0,2232.0,2407.0,2354.0,2170.0,1888.0,1739.0,1107.0,1555.0,29723.0
Oss,4519.0,4542.0,4932.0,5801.0,5311.0,5452.0,5367.0,5246.0,5260.0,6878.0,7160.0,6960.0,6016.0,5482.0,4979.0,3301.0,4245.0,91451.0
Oude IJsselstreek,1588.0,1878.0,2251.0,2578.0,2054.0,1853.0,1762.0,1943.0,2131.0,2878.0,3260.0,3182.0,2923.0,2767.0,2470.0,1787.0,2168.0,39473.0
Ouder-Amstel,711.0,775.0,857.0,936.0,720.0,650.0,656.0,787.0,852.0,1036.0,1111.0,1021.0,951.0,878.0,810.0,482.0,683.0,13916.0
Oudewater,533.0,578.0,617.0,677.0,587.0,573.0,531.0,512.0,581.0,726.0,878.0,718.0,625.0,614.0,568.0,391.0,492.0,10201.0
Overbetuwe,2504.0,2784.0,2982.0,3385.0,2239.0,2159.0,2379.0,2672.0,2998.0,3858.0,3780.0,3588.0,3074.0,2844.0,2615.0,1728.0,1954.0,47543.0
Papendrecht,1577.0,1753.0,1889.0,2023.0,1739.0,1750.0,1755.0,1814.0,1970.0,2332.0,2389.0,2228.0,1997.0,1917.0,2030.0,1390.0,1737.0,32290.0
Peel en Maas,1872.0,2064.0,2326.0,2587.0,2264.0,2448.0,2286.0,2221.0,2384.0,3034.0,3524.0,3554.0,3224.0,2974.0,2577.0,1818.0,2154.0,43311.0
Pekela,585.0,639.0,578.0,722.0,647.0,631.0,629.0,639.0,717.0,918.0,976.0,882.0,897.0,804.0,818.0,524.0,608.0,12214.0
Pijnacker-Nootdorp,3031.0,3718.0,4199.0,3993.0,2830.0,2418.0,2861.0,3412.0,3875.0,4857.0,4588.0,3771.0,2809.0,2291.0,2140.0,1475.0,2063.0,54331.0
Purmerend,3596.0,3982.0,4279.0,4917.0,4598.0,4774.0,4649.0,4458.0,4783.0,6044.0,6360.0,6463.0,5437.0,4498.0,4315.0,2919.0,4045.0,80117.0
Putten,1256.0,1417.0,1534.0,1621.0,1403.0,1316.0,1354.0,1297.0,1319.0,1686.0,1852.0,1699.0,1474.0,1352.0,1312.0,1002.0,1304.0,24198.0
Raalte,1822.0,1928.0,2163.0,2454.0,1974.0,1954.0,1910.0,1838.0,1891.0,2460.0,2933.0,3212.0,2900.0,2472.0,2066.0,1512.0,2022.0,37511.0
Reimerswaal,1576.0,1567.0,1587.0,1536.0,1417.0,1502.0,1453.0,1353.0,1262.0,1584.0,1540.0,1305.0,1175.0,1091.0,1051.0,652.0,1027.0,22678.0
Renkum,1193.0,1520.0,1785.0,1758.0,1138.0,1090.0,1150.0,1451.0,1805.0,2241.0,2598.0,2560.0,2313.0,2315.0,2262.0,1616.0,2507.0,31302.0
Renswoude,400.0,361.0,372.0,382.0,307.0,365.0,323.0,318.0,313.0,398.0,321.0,325.0,273.0,241.0,269.0,151.0,140.0,5259.0
Reusel-De Mierden,699.0,740.0,739.0,693.0,681.0,757.0,815.0,821.0,726.0,762.0,895.0,1097.0,1090.0,927.0,671.0,424.0,523.0,13060.0
Rheden,1814.0,2086.0,2241.0,2530.0,2218.0,2053.0,2130.0,2267.0,2335.0,3051.0,3205.0,3297.0,3052.0,2858.0,2862.0,2183.0,3458.0,43640.0
Rhenen,1078.0,1188.0,1277.0,1367.0,1028.0,1034.0,1072.0,1089.0,1127.0,1482.0,1459.0,1320.0,1263.0,1197.0,1145.0,822.0,1056.0,20004.0
Ridderkerk,2312.0,2385.0,2243.0,2509.0,2489.0,2624.0,2658.0,2451.0,2388.0,3043.0,3373.0,3463.0,3075.0,2914.0,3047.0,2195.0,3072.0,46241.0
Rijssen-Holten,2424.0,2587.0,2699.0,2714.0,2274.0,2250.0,2189.0,2203.0,2213.0,2463.0,2668.0,2432.0,2104.0,1909.0,1950.0,1318.0,1903.0,38300.0
Rijswijk,3390.0,2929.0,2416.0,2401.0,2394.0,3492.0,3988.0,3756.0,3189.0,3410.0,3488.0,3550.0,3305.0,3258.0,2982.0,2009.0,3510.0,53467.0
Roerdalen,782.0,873.0,936.0,1089.0,877.0,951.0,1023.0,1025.0,1048.0,1439.0,1679.0,1790.0,1687.0,1736.0,1472.0,997.0,1211.0,20615.0
Roermond,2691.0,2927.0,2879.0,3135.0,3028.0,3708.0,3810.0,3555.0,3459.0,4002.0,4490.0,4424.0,3999.0,3775.0,3241.0,2233.0,2853.0,58209.0
Roosendaal,3665.0,3890.0,3999.0,4625.0,4362.0,4450.0,4355.0,4206.0,4320.0,5646.0,6131.0,5849.0,5191.0,4849.0,4486.0,3099.0,3909.0,77032.0
Rotterdam,36575.0,34886.0,32219.0,35575.0,50462.0,59174.0,52657.0,45189.0,40404.0,42841.0,41700.0,39958.0,34509.0,28987.0,25855.0,17756.0,25871.0,644618.0
Rozendaal,71.0,102.0,127.0,110.0,62.0,22.0,38.0,81.0,97.0,136.0,127.0,141.0,118.0,105.0,121.0,77.0,119.0,1654.0
Rucphen,939.0,941.0,998.0,1159.0,1140.0,1192.0,1210.0,1197.0,1106.0,1678.0,2096.0,2072.0,1825.0,1624.0,1417.0,953.0,1025.0,22572.0
Schagen,1911.0,2361.0,2805.0,2962.0,2459.0,2151.0,2142.0,2306.0,2614.0,3502.0,3485.0,3522.0,3165.0,3293.0,3349.0,2155.0,2371.0,46553.0
Scherpenzeel,647.0,688.0,606.0,669.0,620.0,619.0,577.0,564.0,573.0,647.0,664.0,630.0,505.0,526.0,533.0,380.0,425.0,9873.0
Schiedam,4263.0,4093.0,4050.0,4427.0,4879.0,5810.0,5342.0,5088.0,4952.0,5747.0,5681.0,5449.0,4696.0,4020.0,3717.0,2330.0,3455.0,77999.0
Schiermonnikoog,26.0,32.0,45.0,40.0,43.0,47.0,35.0,55.0,54.0,73.0,74.0,74.0,79.0,66.0,74.0,52.0,67.0,936.0
Schouwen-Duiveland,1445.0,1551.0,1696.0,1935.0,1555.0,1544.0,1604.0,1584.0,1647.0,2374.0,2622.0,2646.0,2506.0,2468.0,2591.0,1685.0,2326.0,33779.0
Simpelveld,433.0,441.0,510.0,544.0,459.0,467.0,564.0,516.0,564.0,705.0,877.0,877.0,863.0,756.0,771.0,544.0,625.0,10516.0
Sint Anthonis,521.0,518.0,645.0,793.0,664.0,572.0,581.0,514.0,577.0,794.0,1045.0,1034.0,870.0,781.0,573.0,419.0,705.0,11606.0
Sint-Michielsgestel,1403.0,1590.0,1744.0,1963.0,1332.0,1194.0,1460.0,1574.0,1702.0,2279.0,2293.0,2248.0,2006.0,1804.0,1684.0,1195.0,1520.0,28991.0
Sittard-Geleen,3602.0,3954.0,4108.0,4900.0,4980.0,5379.0,5248.0,4936.0,4938.0,6206.0,7479.0,8007.0,7036.0,6629.0,5565.0,4013.0,5681.0,92661.0
Sliedrecht,1526.0,1550.0,1467.0,1538.0,1404.0,1646.0,1640.0,1518.0,1344.0,1721.0,1682.0,1530.0,1474.0,1304.0,1329.0,937.0,1416.0,25026.0
Sluis,906.0,967.0,1080.0,1120.0,1010.0,1143.0,1186.0,1113.0,1156.0,1615.0,1858.0,1835.0,1812.0,1839.0,1817.0,1207.0,1722.0,23386.0
Smallingerland,2730.0,3042.0,3365.0,3679.0,2954.0,3055.0,3195.0,3183.0,3194.0,3977.0,4248.0,4067.0,3522.0,3207.0,3285.0,2338.0,2897.0,55938.0
Soest,2226.0,2500.0,2781.0,3073.0,2200.0,2232.0,2130.0,2456.0,2705.0,3403.0,3597.0,3451.0,3051.0,2816.0,3041.0,1845.0,2687.0,46194.0
Someren,990.0,852.0,951.0,1178.0,1176.0,1222.0,1200.0,982.0,1020.0,1276.0,1645.0,1633.0,1399.0,1092.0,993.0,761.0,952.0,19322.0
Son en Breugel,874.0,940.0,1050.0,1041.0,799.0,773.0,868.0,946.0,993.0,1209.0,1325.0,1286.0,926.0,855.0,929.0,821.0,1269.0,16904.0
Stadskanaal,1320.0,1515.0,1696.0,1914.0,1574.0,1461.0,1619.0,1559.0,1687.0,2347.0,2426.0,2459.0,2282.0,2052.0,2202.0,1547.0,2129.0,31789.0
Staphorst,1275.0,1258.0,1297.0,1392.0,1148.0,1033.0,1045.0,943.0,890.0,1083.0,1137.0,1009.0,904.0,753.0,743.0,499.0,594.0,17003.0
Stede Broec,1147.0,1182.0,1247.0,1410.0,1215.0,1140.0,1228.0,1205.0,1276.0,1537.0,1572.0,1510.0,1384.0,1390.0,1566.0,885.0,812.0,21706.0
Steenbergen,1050.0,1110.0,1208.0,1371.0,1600.0,1590.0,1517.0,1409.0,1370.0,1922.0,2041.0,1940.0,1712.0,1562.0,1519.0,948.0,1185.0,25054.0
Steenwijkerland,2198.0,2267.0,2473.0,2919.0,2135.0,2273.0,2267.0,2340.0,2399.0,3161.0,3284.0,3382.0,3194.0,2809.0,2599.0,1859.0,2381.0,43940.0
Stein,862.0,967.0,1176.0,1361.0,1090.0,1154.0,1253.0,1213.0,1313.0,1831.0,2030.0,2053.0,2009.0,2040.0,1819.0,1314.0,1476.0,24961.0
Stichtse Vecht,3364.0,3862.0,3788.0,3860.0,3048.0,2932.0,3542.0,3757.0,3922.0,4808.0,5098.0,4845.0,4540.0,4072.0,3731.0,2369.0,2798.0,64336.0
Sudwest-Fryslan,4236.0,4932.0,5486.0,6010.0,4355.0,4373.0,4518.0,4692.0,4874.0,6634.0,7142.0,6574.0,6044.0,5778.0,5574.0,3803.0,4685.0,89710.0
Terneuzen,2398.0,2559.0,2770.0,3047.0,2528.0,2863.0,2873.0,2880.0,3016.0,4052.0,4198.0,4020.0,3812.0,3724.0,3837.0,2598.0,3414.0,54589.0
Terschelling,171.0,194.0,217.0,295.0,478.0,287.0,235.0,242.0,252.0,369.0,362.0,362.0,299.0,327.0,348.0,211.0,241.0,4890.0
Texel,525.0,595.0,681.0,761.0,649.0,714.0,666.0,618.0,666.0,948.0,1098.0,1128.0,1130.0,1062.0,998.0,627.0,681.0,13547.0
Teylingen,1877.0,1964.0,2265.0,2531.0,1988.0,1894.0,1984.0,2094.0,2136.0,2814.0,3093.0,2976.0,2389.0,2014.0,1851.0,1308.0,1883.0,37061.0
Tholen,1517.0,1578.0,1648.0,1705.0,1577.0,1534.0,1510.0,1383.0,1378.0,1803.0,1930.0,1780.0,1574.0,1393.0,1396.0,902.0,1172.0,25780.0
Tiel,2014.0,2203.0,2367.0,2875.0,2558.0,2610.0,2499.0,2546.0,2667.0,3227.0,3378.0,3032.0,2567.0,2331.0,2188.0,1308.0,1608.0,41978.0
Tilburg,10432.0,10806.0,11000.0,13253.0,20120.0,17655.0,14834.0,13605.0,13202.0,14916.0,15103.0,13872.0,12057.0,11134.0,10057.0,6686.0,8527.0,217259.0
Tubbergen,977.0,1126.0,1391.0,1714.0,1330.0,1213.0,1033.0,994.0,1096.0,1543.0,1769.0,1605.0,1460.0,1295.0,984.0,739.0,1007.0,21276.0
Twenterand,1779.0,2099.0,2325.0,2416.0,1831.0,1762.0,1865.0,1978.0,1883.0,2502.0,2551.0,2340.0,2162.0,1916.0,1833.0,1141.0,1409.0,33792.0
Tynaarlo,1759.0,1968.0,2048.0,2069.0,1115.0,1041.0,1456.0,1812.0,2017.0,2529.0,2602.0,2734.0,2499.0,2210.0,2112.0,1524.0,2203.0,33698.0
Tytsjerksteradiel,1485.0,1768.0,1966.0,2079.0,1525.0,1438.0,1613.0,1666.0,1768.0,2299.0,2352.0,2264.0,2222.0,2105.0,2046.0,1394.0,1790.0,31780.0
Uden,2033.0,2116.0,2381.0,2566.0,2261.0,2427.0,2357.0,2429.0,2579.0,3095.0,3084.0,2946.0,2679.0,2674.0,2381.0,1669.0,2105.0,41782.0
Uitgeest,713.0,735.0,831.0,930.0,802.0,727.0,762.0,729.0,841.0,1036.0,1162.0,1039.0,820.0,756.0,671.0,438.0,536.0,13528.0
Uithoorn,1494.0,1642.0,1741.0,1934.0,1567.0,1512.0,1767.0,1739.0,1860.0,2294.0,2444.0,2253.0,1739.0,1415.0,1472.0,1062.0,1489.0,29424.0
Urk,1944.0,2027.0,1913.0,1792.0,1655.0,1605.0,1469.0,1308.0,1104.0,1150.0,1124.0,985.0,734.0,657.0,552.0,343.0,414.0,20776.0
Utrecht,21908.0,20051.0,18102.0,17894.0,35887.0,42134.0,34760.0,27623.0,23350.0,23772.0,19696.0,17219.0,13883.0,11403.0,9524.0,6638.0,9022.0,352866.0
Utrechtse Heuvelrug,2332.0,2650.0,2915.0,3327.0,2254.0,1701.0,2059.0,2542.0,2794.0,3752.0,3912.0,3908.0,3334.0,3089.0,3095.0,2352.0,3499.0,49515.0
Vaals,305.0,387.0,327.0,646.0,647.0,453.0,424.0,467.0,478.0,643.0,837.0,871.0,833.0,822.0,711.0,550.0,691.0,10092.0
Valkenburg aan de Geul,544.0,607.0,669.0,842.0,778.0,772.0,736.0,731.0,854.0,1124.0,1325.0,1457.0,1295.0,1309.0,1262.0,896.0,1269.0,16470.0
Valkenswaard,1354.0,1331.0,1482.0,1721.0,1571.0,1615.0,1652.0,1591.0,1599.0,2105.0,2452.0,2432.0,2216.0,2128.0,2109.0,1516.0,2036.0,30910.0
Veendam,1147.0,1488.0,1493.0,1699.0,1346.0,1299.0,1373.0,1541.0,1556.0,2207.0,2240.0,2020.0,1909.0,1852.0,1769.0,1108.0,1444.0,27491.0
Veenendaal,3975.0,3974.0,4181.0,4453.0,3839.0,4089.0,4269.0,4036.0,3818.0,4660.0,4519.0,4177.0,3903.0,3588.0,3227.0,2095.0,2786.0,65589.0
Veere,1063.0,1088.0,1118.0,1339.0,1070.0,908.0,995.0,1016.0,1053.0,1474.0,1598.0,1649.0,1697.0,1680.0,1657.0,1076.0,1354.0,21835.0
Veldhoven,2148.0,2310.0,2477.0,2644.0,2257.0,2374.0,2648.0,2684.0,2771.0,3332.0,3404.0,3506.0,3166.0,2755.0,2573.0,1871.0,2417.0,45337.0
Velsen,3285.0,3497.0,3622.0,4336.0,4021.0,3789.0,3691.0,3700.0,3826.0,5074.0,5758.0,5497.0,4536.0,3860.0,3709.0,2388.0,3759.0,68348.0
Venlo,4583.0,4932.0,5234.0,5661.0,5832.0,6000.0,6124.0,5789.0,5963.0,7030.0,7648.0,7840.0,7201.0,6702.0,5671.0,3967.0,5426.0,101603.0
Venray,1960.0,2120.0,2293.0,2801.0,2385.0,2308.0,2462.0,2352.0,2503.0,3085.0,3509.0,3412.0,3040.0,2937.0,2347.0,1792.0,2020.0,43326.0
Vijfheerenlanden,3158.0,3116.0,3321.0,3625.0,3132.0,3281.0,3291.0,3257.0,3108.0,4077.0,3976.0,3740.0,3530.0,3267.0,3170.0,2104.0,2559.0,55712.0
Vlaardingen,3934.0,3934.0,3698.0,3882.0,4075.0,4711.0,4689.0,4322.0,4318.0,5050.0,5057.0,4816.0,4512.0,4205.0,4169.0,2757.0,4275.0,72404.0
Vlieland,34.0,36.0,51.0,68.0,88.0,95.0,59.0,55.0,62.0,97.0,106.0,109.0,66.0,63.0,66.0,42.0,41.0,1138.0
Vlissingen,1918.0,2180.0,2286.0,2488.0,2569.0,2455.0,2365.0,2667.0,2669.0,3102.0,3110.0,3098.0,3132.0,2979.0,2881.0,1889.0,2583.0,44371.0
Voerendaal,570.0,560.0,577.0,674.0,503.0,522.0,606.0,625.0,604.0,808.0,955.0,1117.0,1022.0,921.0,926.0,667.0,795.0,12452.0
Voorschoten,1322.0,1528.0,1654.0,1536.0,1120.0,1155.0,1091.0,1433.0,1604.0,1838.0,1863.0,1817.0,1617.0,1523.0,1591.0,1106.0,1681.0,25479.0
Voorst,1155.0,1283.0,1385.0,1566.0,1146.0,1065.0,1142.0,1231.0,1216.0,1648.0,1916.0,1998.0,1958.0,1735.0,1550.0,1027.0,1396.0,24417.0
Vught,1450.0,1582.0,1537.0,1531.0,1163.0,1112.0,1410.0,1599.0,1724.0,1922.0,2079.0,2060.0,1753.0,1614.0,1433.0,877.0,1550.0,26396.0
Waadhoeke,2131.0,2481.0,2717.0,3044.0,2297.0,2228.0,2300.0,2408.0,2684.0,3450.0,3538.0,3480.0,3384.0,3096.0,2790.0,1819.0,2192.0,46039.0
Waalre,860.0,1008.0,1003.0,1065.0,699.0,642.0,824.0,969.0,1042.0,1192.0,1342.0,1345.0,1112.0,1084.0,1081.0,767.0,1212.0,17247.0
Waalwijk,2395.0,2443.0,2562.0,2760.0,2497.0,2925.0,3061.0,2972.0,2804.0,3558.0,3635.0,3445.0,3047.0,3048.0,2818.0,1953.0,2317.0,48240.0
Waddinxveen,1765.0,1624.0,1608.0,1685.0,1562.0,1800.0,1905.0,1685.0,1588.0,1848.0,1946.0,1956.0,1757.0,1702.0,1526.0,1005.0,1354.0,28316.0
Wageningen,1513.0,1652.0,1662.0,2387.0,6357.0,4006.0,2404.0,2110.0,1798.0,2110.0,2227.0,2258.0,2041.0,1762.0,1707.0,1124.0,1656.0,38774.0
Wassenaar,1083.0,1511.0,1839.0,1923.0,1013.0,835.0,871.0,1094.0,1490.0,2019.0,2178.0,1973.0,1673.0,1578.0,1707.0,1313.0,2111.0,26211.0
Waterland,844.0,919.0,1009.0,1017.0,790.0,707.0,705.0,856.0,944.0,1274.0,1333.0,1405.0,1313.0,1236.0,1175.0,828.0,960.0,17315.0
Weert,2188.0,2308.0,2519.0,2862.0,2710.0,2795.0,2844.0,2688.0,2715.0,3396.0,3952.0,3967.0,3379.0,3289.0,3006.0,2361.0,2863.0,49842.0
Weesp,1110.0,1068.0,994.0,1027.0,853.0,1111.0,1224.0,1250.0,1264.0,1399.0,1443.0,1434.0,1266.0,1078.0,1012.0,748.0,1053.0,19334.0
West Betuwe,2674.0,2860.0,3240.0,3637.0,2588.0,2611.0,2669.0,2675.0,2892.0,3957.0,4212.0,3822.0,3249.0,3006.0,2849.0,1755.0,2001.0,50697.0
West Maas en Waal,860.0,919.0,970.0,1167.0,986.0,998.0,966.0,1000.0,998.0,1482.0,1702.0,1645.0,1416.0,1296.0,1075.0,745.0,851.0,19076.0
Westerkwartier,3215.0,3637.0,4016.0,4258.0,3083.0,2918.0,3306.0,3364.0,3743.0,4854.0,4998.0,4709.0,4148.0,3857.0,3616.0,2438.0,2871.0,63031.0
Westerveld,716.0,811.0,999.0,1129.0,791.0,686.0,845.0,826.0,939.0,1390.0,1556.0,1670.0,1612.0,1526.0,1487.0,1033.0,1332.0,19348.0
Westervoort,730.0,706.0,800.0,860.0,731.0,862.0,903.0,827.0,788.0,1048.0,1129.0,1401.0,1277.0,1094.0,751.0,462.0,575.0,14944.0
Westerwolde,990.0,1212.0,1313.0,1441.0,1103.0,1118.0,1152.0,1080.0,1299.0,1716.0,1984.0,2216.0,1997.0,1994.0,1861.0,1170.0,1553.0,25199.0
Westland,5650.0,5999.0,6320.0,6663.0,6591.0,6886.0,6553.0,6344.0,6428.0,7638.0,8067.0,7959.0,6677.0,6204.0,5713.0,3911.0,5000.0,108603.0
Weststellingwerf,1217.0,1298.0,1417.0,1561.0,1267.0,1250.0,1369.0,1363.0,1327.0,1855.0,1964.0,2033.0,1867.0,1684.0,1626.0,1144.0,1598.0,25840.0
Westvoorne,556.0,617.0,745.0,822.0,656.0,582.0,587.0,641.0,805.0,1089.0,1252.0,1263.0,1178.0,1019.0,1098.0,719.0,997.0,14626.0
Wierden,1282.0,1414.0,1539.0,1662.0,1260.0,1255.0,1391.0,1278.0,1377.0,1642.0,1779.0,1780.0,1610.0,1466.0,1443.0,978.0,1195.0,24351.0
Wijchen,1757.0,2125.0,2475.0,2708.0,2065.0,1923.0,2030.0,2323.0,2334.0,3203.0,3404.0,3176.0,2937.0,2615.0,2520.0,1568.0,1788.0,40951.0
Wijdemeren,1121.0,1210.0,1353.0,1510.0,1027.0,865.0,1010.0,1262.0,1283.0,1900.0,2029.0,2038.0,1693.0,1608.0,1635.0,1102.0,1367.0,24013.0
Wijk bij Duurstede,1223.0,1289.0,1350.0,1611.0,1175.0,1172.0,1205.0,1218.0,1287.0,1808.0,1923.0,1959.0,1953.0,1649.0,1355.0,750.0,835.0,23762.0
Winterswijk,1188.0,1399.0,1660.0,1872.0,1511.0,1462.0,1436.0,1480.0,1580.0,2052.0,2259.0,2244.0,2121.0,1937.0,1803.0,1222.0,1677.0,28903.0
Woensdrecht,941.0,1012.0,1067.0,1294.0,1057.0,1116.0,1103.0,1093.0,1172.0,1725.0,1855.0,1692.0,1464.0,1451.0,1589.0,1071.0,1164.0,21866.0
Woerden,2850.0,3153.0,3371.0,3576.0,2685.0,2785.0,2917.0,3119.0,3239.0,4003.0,3965.0,3703.0,3139.0,2911.0,2783.0,1790.0,2208.0,52197.0
Wormerland,717.0,742.0,885.0,1112.0,918.0,838.0,733.0,753.0,852.0,1298.0,1403.0,1336.0,1003.0,959.0,1071.0,823.0,886.0,16329.0
Woudenberg,830.0,879.0,888.0,937.0,704.0,750.0,748.0,769.0,712.0,942.0,907.0,863.0,777.0,673.0,692.0,481.0,614.0,13166.0
Zaanstad,8591.0,8496.0,8815.0,9213.0,8834.0,9577.0,10393.0,9996.0,9965.0,11904.0,12160.0,10718.0,8979.0,8253.0,7988.0,5441.0,6562.0,155885.0
Zaltbommel,1615.0,1703.0,1915.0,2026.0,1739.0,1640.0,1609.0,1613.0,1674.0,2036.0,2155.0,1913.0,1707.0,1545.0,1441.0,963.0,1157.0,28451.0
Zandvoort,672.0,761.0,832.0,845.0,725.0,804.0,811.0,862.0,1027.0,1360.0,1360.0,1306.0,1232.0,1246.0,1306.0,821.0,1041.0,17011.0
Zeewolde,1182.0,1291.0,1510.0,1651.0,1443.0,1476.0,1362.0,1242.0,1292.0,1791.0,2087.0,1793.0,1335.0,908.0,797.0,530.0,619.0,22309.0
Zeist,3599.0,3778.0,3873.0,4060.0,3547.0,3404.0,3374.0,3816.0,3850.0,4526.0,4590.0,4385.0,3801.0,3668.0,3481.0,2380.0,3802.0,63934.0
Zevenaar,1900.0,2119.0,2294.0,2535.0,2055.0,2141.0,2176.0,2403.0,2530.0,3171.0,3354.0,3285.0,3102.0,3212.0,2999.0,1934.0,2278.0,43488.0
Zoetermeer,6677.0,7241.0,7172.0,7431.0,7027.0,7688.0,8026.0,7766.0,7327.0,8398.0,8766.0,9198.0,9055.0,7931.0,6693.0,3862.0,4686.0,124944.0
Zoeterwoude,376.0,429.0,467.0,572.0,456.0,458.0,412.0,431.0,438.0,628.0,725.0,710.0,614.0,516.0,495.0,331.0,392.0,8450.0
Zuidplas,2497.0,2557.0,2583.0,2797.0,2295.0,2250.0,2550.0,2511.0,2378.0,3107.0,3302.0,3240.0,2883.0,2424.0,2176.0,1433.0,1779.0,42762.0
Zundert,919.0,981.0,958.0,1219.0,1224.0,1181.0,1194.0,1128.0,1157.0,1513.0,1838.0,1928.0,1641.0,1446.0,1267.0,824.0,1194.0,21612.0
Zutphen,1961.0,2445.0,2923.0,3197.0,2323.0,2323.0,2274.0,2624.0,2940.0,3705.0,3760.0,3604.0,3287.0,3286.0,2952.0,1762.0,2243.0,47609.0
Zwartewaterland,1408.0,1566.0,1630.0,1688.0,1427.0,1342.0,1354.0,1324.0,1323.0,1488.0,1488.0,1370.0,1279.0,1220.0,1113.0,681.0,802.0,22503.0
Zwijndrecht,2367.0,2437.0,2465.0,2550.0,2384.0,2691.0,2660.0,2617.0,2518.0,2893.0,3096.0,3124.0,2804.0,2662.0,2703.0,1879.0,2789.0,44639.0
Zwolle,7190.0,7776.0,7708.0,7754.0,8586.0,9683.0,9278.0,8670.0,8432.0,9223.0,8508.0,7798.0,7046.0,6000.0,5397.0,3563.0,4885.0,127497.0
